[2026-04-20T15:33:30.687+0700] {manager.py:483} INFO - Processing files using up to 2 processes at a time 
[2026-04-20T15:33:30.689+0700] {manager.py:484} INFO - Process each file at most once every 30 seconds
[2026-04-20T15:33:30.690+0700] {manager.py:485} INFO - Checking for new files in /opt/airflow/dags every 300 seconds
[2026-04-20T15:33:30.691+0700] {manager.py:821} INFO - Searching for files in /opt/airflow/dags
[2026-04-20T15:33:30.699+0700] {manager.py:824} INFO - There are 0 files in /opt/airflow/dags
[2026-04-20T15:38:30.739+0700] {manager.py:821} INFO - Searching for files in /opt/airflow/dags
[2026-04-20T15:38:30.755+0700] {manager.py:824} INFO - There are 0 files in /opt/airflow/dags
[2026-04-20T15:43:30.835+0700] {manager.py:821} INFO - Searching for files in /opt/airflow/dags
[2026-04-20T15:43:30.839+0700] {manager.py:824} INFO - There are 0 files in /opt/airflow/dags
[2026-04-20T15:48:31.624+0700] {manager.py:821} INFO - Searching for files in /opt/airflow/dags
[2026-04-20T15:48:31.629+0700] {manager.py:824} INFO - There are 0 files in /opt/airflow/dags
[2026-04-20T15:53:32.340+0700] {manager.py:821} INFO - Searching for files in /opt/airflow/dags
[2026-04-20T15:53:32.352+0700] {manager.py:824} INFO - There are 0 files in /opt/airflow/dags
[2026-04-20T15:58:33.267+0700] {manager.py:821} INFO - Searching for files in /opt/airflow/dags
[2026-04-20T15:58:33.271+0700] {manager.py:824} INFO - There are 0 files in /opt/airflow/dags
[2026-04-20T16:03:34.010+0700] {manager.py:821} INFO - Searching for files in /opt/airflow/dags
[2026-04-20T16:03:34.017+0700] {manager.py:824} INFO - There are 0 files in /opt/airflow/dags
[2026-04-20T16:08:34.041+0700] {manager.py:821} INFO - Searching for files in /opt/airflow/dags
[2026-04-20T16:08:34.050+0700] {manager.py:824} INFO - There are 0 files in /opt/airflow/dags
[2026-04-20T16:13:34.480+0700] {manager.py:821} INFO - Searching for files in /opt/airflow/dags
[2026-04-20T16:13:34.485+0700] {manager.py:824} INFO - There are 0 files in /opt/airflow/dags
[2026-04-20T16:18:35.385+0700] {manager.py:821} INFO - Searching for files in /opt/airflow/dags
[2026-04-20T16:18:35.392+0700] {manager.py:824} INFO - There are 0 files in /opt/airflow/dags
[2026-04-20T16:23:36.073+0700] {manager.py:821} INFO - Searching for files in /opt/airflow/dags
[2026-04-20T16:23:36.089+0700] {manager.py:824} INFO - There are 0 files in /opt/airflow/dags
[2026-04-20T16:28:36.695+0700] {manager.py:821} INFO - Searching for files in /opt/airflow/dags
[2026-04-20T16:28:36.710+0700] {manager.py:824} INFO - There are 0 files in /opt/airflow/dags
[2026-04-20T16:33:37.598+0700] {manager.py:821} INFO - Searching for files in /opt/airflow/dags
[2026-04-20T16:33:37.606+0700] {manager.py:824} INFO - There are 0 files in /opt/airflow/dags
[2026-04-20T16:38:38.267+0700] {manager.py:821} INFO - Searching for files in /opt/airflow/dags
[2026-04-20T16:38:38.273+0700] {manager.py:824} INFO - There are 0 files in /opt/airflow/dags
[2026-04-20T16:43:38.507+0700] {manager.py:821} INFO - Searching for files in /opt/airflow/dags
[2026-04-20T16:43:38.526+0700] {manager.py:824} INFO - There are 0 files in /opt/airflow/dags
[2026-04-24T15:46:18.018+0700] {manager.py:483} INFO - Processing files using up to 2 processes at a time 
[2026-04-24T15:46:18.019+0700] {manager.py:484} INFO - Process each file at most once every 30 seconds
[2026-04-24T15:46:18.020+0700] {manager.py:485} INFO - Checking for new files in /opt/airflow/dags every 300 seconds
[2026-04-24T15:46:18.021+0700] {manager.py:821} INFO - Searching for files in /opt/airflow/dags
[2026-04-24T15:46:18.027+0700] {manager.py:824} INFO - There are 0 files in /opt/airflow/dags
[2026-04-27T16:28:59.205+0700] {manager.py:483} INFO - Processing files using up to 2 processes at a time 
[2026-04-27T16:28:59.210+0700] {manager.py:484} INFO - Process each file at most once every 30 seconds
[2026-04-27T16:28:59.211+0700] {manager.py:485} INFO - Checking for new files in /opt/airflow/dags every 300 seconds
[2026-04-27T16:28:59.212+0700] {manager.py:821} INFO - Searching for files in /opt/airflow/dags
[2026-04-27T16:28:59.218+0700] {manager.py:824} INFO - There are 0 files in /opt/airflow/dags
[2026-04-27T16:34:00.102+0700] {manager.py:821} INFO - Searching for files in /opt/airflow/dags
[2026-04-27T16:34:00.119+0700] {manager.py:824} INFO - There are 0 files in /opt/airflow/dags
[2026-04-27T16:39:00.173+0700] {manager.py:821} INFO - Searching for files in /opt/airflow/dags
[2026-04-27T16:39:00.195+0700] {manager.py:824} INFO - There are 0 files in /opt/airflow/dags
[2026-04-27T16:44:00.196+0700] {manager.py:821} INFO - Searching for files in /opt/airflow/dags
[2026-04-27T16:44:00.209+0700] {manager.py:824} INFO - There are 0 files in /opt/airflow/dags
[2026-05-05T15:02:31.966+0700] {manager.py:483} INFO - Processing files using up to 2 processes at a time 
[2026-05-05T15:02:31.968+0700] {manager.py:484} INFO - Process each file at most once every 30 seconds
[2026-05-05T15:02:31.969+0700] {manager.py:485} INFO - Checking for new files in /opt/airflow/dags every 300 seconds
[2026-05-05T15:02:31.970+0700] {manager.py:821} INFO - Searching for files in /opt/airflow/dags
[2026-05-05T15:02:31.977+0700] {manager.py:824} INFO - There are 0 files in /opt/airflow/dags
[2026-05-05T15:07:32.739+0700] {manager.py:821} INFO - Searching for files in /opt/airflow/dags
[2026-05-05T15:07:32.763+0700] {manager.py:824} INFO - There are 0 files in /opt/airflow/dags
[2026-05-05T15:12:32.752+0700] {manager.py:821} INFO - Searching for files in /opt/airflow/dags
[2026-05-05T15:12:32.777+0700] {manager.py:824} INFO - There are 0 files in /opt/airflow/dags
[2026-05-05T15:17:32.846+0700] {manager.py:821} INFO - Searching for files in /opt/airflow/dags
[2026-05-05T15:17:32.871+0700] {manager.py:824} INFO - There are 0 files in /opt/airflow/dags
[2026-05-05T15:22:33.176+0700] {manager.py:821} INFO - Searching for files in /opt/airflow/dags
[2026-05-05T15:22:33.196+0700] {manager.py:824} INFO - There are 0 files in /opt/airflow/dags
[2026-05-05T15:27:33.968+0700] {manager.py:821} INFO - Searching for files in /opt/airflow/dags
[2026-05-05T15:27:33.987+0700] {manager.py:824} INFO - There are 0 files in /opt/airflow/dags
[2026-05-05T15:32:34.535+0700] {manager.py:821} INFO - Searching for files in /opt/airflow/dags
[2026-05-05T15:32:34.544+0700] {manager.py:824} INFO - There are 0 files in /opt/airflow/dags
[2026-05-05T15:37:35.130+0700] {manager.py:821} INFO - Searching for files in /opt/airflow/dags
[2026-05-05T15:37:35.135+0700] {manager.py:824} INFO - There are 0 files in /opt/airflow/dags
[2026-05-05T15:42:35.690+0700] {manager.py:821} INFO - Searching for files in /opt/airflow/dags
[2026-05-05T15:42:35.696+0700] {manager.py:824} INFO - There are 0 files in /opt/airflow/dags
[2026-05-05T15:47:36.168+0700] {manager.py:821} INFO - Searching for files in /opt/airflow/dags
[2026-05-05T15:47:36.177+0700] {manager.py:824} INFO - There are 0 files in /opt/airflow/dags
[2026-05-05T15:52:36.739+0700] {manager.py:821} INFO - Searching for files in /opt/airflow/dags
[2026-05-05T15:52:36.749+0700] {manager.py:824} INFO - There are 0 files in /opt/airflow/dags
[2026-05-05T15:57:37.241+0700] {manager.py:821} INFO - Searching for files in /opt/airflow/dags
[2026-05-05T15:57:37.247+0700] {manager.py:824} INFO - There are 0 files in /opt/airflow/dags
[2026-05-05T16:02:37.915+0700] {manager.py:821} INFO - Searching for files in /opt/airflow/dags
[2026-05-05T16:02:37.932+0700] {manager.py:824} INFO - There are 0 files in /opt/airflow/dags
[2026-05-05T16:07:38.313+0700] {manager.py:821} INFO - Searching for files in /opt/airflow/dags
[2026-05-05T16:07:38.324+0700] {manager.py:824} INFO - There are 0 files in /opt/airflow/dags
[2026-05-05T16:12:38.982+0700] {manager.py:821} INFO - Searching for files in /opt/airflow/dags
[2026-05-05T16:12:38.994+0700] {manager.py:824} INFO - There are 0 files in /opt/airflow/dags
[2026-05-05T16:17:39.055+0700] {manager.py:821} INFO - Searching for files in /opt/airflow/dags
[2026-05-05T16:17:39.077+0700] {manager.py:824} INFO - There are 0 files in /opt/airflow/dags
[2026-05-05T16:22:39.430+0700] {manager.py:821} INFO - Searching for files in /opt/airflow/dags
[2026-05-05T16:22:39.450+0700] {manager.py:824} INFO - There are 0 files in /opt/airflow/dags
[2026-05-05T16:27:40.175+0700] {manager.py:821} INFO - Searching for files in /opt/airflow/dags
[2026-05-05T16:27:40.196+0700] {manager.py:824} INFO - There are 0 files in /opt/airflow/dags
[2026-05-05T16:32:40.699+0700] {manager.py:821} INFO - Searching for files in /opt/airflow/dags
[2026-05-05T16:32:40.721+0700] {manager.py:824} INFO - There are 0 files in /opt/airflow/dags
[2026-05-05T16:37:41.139+0700] {manager.py:821} INFO - Searching for files in /opt/airflow/dags
[2026-05-05T16:37:41.161+0700] {manager.py:824} INFO - There are 0 files in /opt/airflow/dags
[2026-05-05T16:42:41.484+0700] {manager.py:821} INFO - Searching for files in /opt/airflow/dags
[2026-05-05T16:42:41.505+0700] {manager.py:824} INFO - There are 0 files in /opt/airflow/dags
[2026-05-05T16:47:41.919+0700] {manager.py:821} INFO - Searching for files in /opt/airflow/dags
[2026-05-05T16:47:41.939+0700] {manager.py:824} INFO - There are 0 files in /opt/airflow/dags
[2026-05-05T16:52:42.279+0700] {manager.py:821} INFO - Searching for files in /opt/airflow/dags
[2026-05-05T16:52:42.289+0700] {manager.py:824} INFO - There are 0 files in /opt/airflow/dags
[2026-05-05T16:57:42.919+0700] {manager.py:821} INFO - Searching for files in /opt/airflow/dags
[2026-05-05T16:57:42.933+0700] {manager.py:824} INFO - There are 0 files in /opt/airflow/dags
[2026-05-05T17:02:43.029+0700] {manager.py:821} INFO - Searching for files in /opt/airflow/dags
[2026-05-05T17:02:43.043+0700] {manager.py:824} INFO - There are 0 files in /opt/airflow/dags
[2026-05-05T17:07:44.021+0700] {manager.py:821} INFO - Searching for files in /opt/airflow/dags
[2026-05-05T17:07:44.025+0700] {manager.py:824} INFO - There are 0 files in /opt/airflow/dags
[2026-05-05T17:12:44.922+0700] {manager.py:821} INFO - Searching for files in /opt/airflow/dags
[2026-05-05T17:12:44.929+0700] {manager.py:824} INFO - There are 0 files in /opt/airflow/dags
[2026-05-05T17:17:45.808+0700] {manager.py:821} INFO - Searching for files in /opt/airflow/dags
[2026-05-05T17:17:45.813+0700] {manager.py:824} INFO - There are 0 files in /opt/airflow/dags
[2026-05-05T17:22:46.541+0700] {manager.py:821} INFO - Searching for files in /opt/airflow/dags
[2026-05-05T17:22:46.549+0700] {manager.py:824} INFO - There are 0 files in /opt/airflow/dags
[2026-05-05T17:27:47.227+0700] {manager.py:821} INFO - Searching for files in /opt/airflow/dags
[2026-05-05T17:27:47.234+0700] {manager.py:824} INFO - There are 0 files in /opt/airflow/dags
[2026-05-05T17:32:47.537+0700] {manager.py:821} INFO - Searching for files in /opt/airflow/dags
[2026-05-05T17:32:47.548+0700] {manager.py:824} INFO - There are 0 files in /opt/airflow/dags
[2026-05-05T17:37:47.940+0700] {manager.py:821} INFO - Searching for files in /opt/airflow/dags
[2026-05-05T17:37:47.965+0700] {manager.py:824} INFO - There are 0 files in /opt/airflow/dags
[2026-05-05T17:42:48.397+0700] {manager.py:821} INFO - Searching for files in /opt/airflow/dags
[2026-05-05T17:42:48.413+0700] {manager.py:824} INFO - There are 0 files in /opt/airflow/dags
[2026-05-05T17:47:48.618+0700] {manager.py:821} INFO - Searching for files in /opt/airflow/dags
[2026-05-05T17:47:48.633+0700] {manager.py:824} INFO - There are 0 files in /opt/airflow/dags
[2026-05-05T17:52:49.070+0700] {manager.py:821} INFO - Searching for files in /opt/airflow/dags
[2026-05-05T17:52:49.081+0700] {manager.py:824} INFO - There are 0 files in /opt/airflow/dags
[2026-05-05T17:57:49.645+0700] {manager.py:821} INFO - Searching for files in /opt/airflow/dags
[2026-05-05T17:57:49.664+0700] {manager.py:824} INFO - There are 0 files in /opt/airflow/dags
[2026-05-05T18:02:50.361+0700] {manager.py:821} INFO - Searching for files in /opt/airflow/dags
[2026-05-05T18:02:50.384+0700] {manager.py:824} INFO - There are 0 files in /opt/airflow/dags
[2026-05-05T18:07:51.036+0700] {manager.py:821} INFO - Searching for files in /opt/airflow/dags
[2026-05-05T18:07:51.052+0700] {manager.py:824} INFO - There are 0 files in /opt/airflow/dags
[2026-05-05T18:12:51.409+0700] {manager.py:821} INFO - Searching for files in /opt/airflow/dags
[2026-05-05T18:12:51.430+0700] {manager.py:824} INFO - There are 0 files in /opt/airflow/dags
[2026-05-05T18:17:51.866+0700] {manager.py:821} INFO - Searching for files in /opt/airflow/dags
[2026-05-05T18:17:51.887+0700] {manager.py:824} INFO - There are 0 files in /opt/airflow/dags
[2026-05-05T18:22:52.268+0700] {manager.py:821} INFO - Searching for files in /opt/airflow/dags
[2026-05-05T18:22:52.290+0700] {manager.py:824} INFO - There are 0 files in /opt/airflow/dags
[2026-05-05T18:27:52.662+0700] {manager.py:821} INFO - Searching for files in /opt/airflow/dags
[2026-05-05T18:27:52.671+0700] {manager.py:824} INFO - There are 0 files in /opt/airflow/dags
[2026-05-05T18:32:53.179+0700] {manager.py:821} INFO - Searching for files in /opt/airflow/dags
[2026-05-05T18:32:53.200+0700] {manager.py:824} INFO - There are 0 files in /opt/airflow/dags
[2026-05-05T18:37:53.458+0700] {manager.py:821} INFO - Searching for files in /opt/airflow/dags
[2026-05-05T18:37:53.463+0700] {manager.py:824} INFO - There are 0 files in /opt/airflow/dags
[2026-05-05T18:42:54.147+0700] {manager.py:821} INFO - Searching for files in /opt/airflow/dags
[2026-05-05T18:42:54.155+0700] {manager.py:824} INFO - There are 0 files in /opt/airflow/dags
[2026-05-05T18:47:54.271+0700] {manager.py:821} INFO - Searching for files in /opt/airflow/dags
[2026-05-05T18:47:54.284+0700] {manager.py:824} INFO - There are 0 files in /opt/airflow/dags
[2026-05-05T18:52:54.682+0700] {manager.py:821} INFO - Searching for files in /opt/airflow/dags
[2026-05-05T18:52:54.700+0700] {manager.py:824} INFO - There are 0 files in /opt/airflow/dags
[2026-05-05T18:57:55.420+0700] {manager.py:821} INFO - Searching for files in /opt/airflow/dags
[2026-05-05T18:57:55.430+0700] {manager.py:824} INFO - There are 0 files in /opt/airflow/dags
[2026-05-05T19:02:56.083+0700] {manager.py:821} INFO - Searching for files in /opt/airflow/dags
[2026-05-05T19:02:56.090+0700] {manager.py:824} INFO - There are 0 files in /opt/airflow/dags
[2026-05-05T19:07:56.247+0700] {manager.py:821} INFO - Searching for files in /opt/airflow/dags
[2026-05-05T19:07:56.264+0700] {manager.py:824} INFO - There are 0 files in /opt/airflow/dags
[2026-05-05T19:12:56.453+0700] {manager.py:821} INFO - Searching for files in /opt/airflow/dags
[2026-05-05T19:12:56.462+0700] {manager.py:824} INFO - There are 0 files in /opt/airflow/dags
[2026-05-05T19:17:56.524+0700] {manager.py:821} INFO - Searching for files in /opt/airflow/dags
[2026-05-05T19:17:56.533+0700] {manager.py:824} INFO - There are 0 files in /opt/airflow/dags
[2026-05-05T19:22:56.899+0700] {manager.py:821} INFO - Searching for files in /opt/airflow/dags
[2026-05-05T19:22:56.906+0700] {manager.py:824} INFO - There are 0 files in /opt/airflow/dags
[2026-05-05T19:27:57.170+0700] {manager.py:821} INFO - Searching for files in /opt/airflow/dags
[2026-05-05T19:27:57.185+0700] {manager.py:824} INFO - There are 0 files in /opt/airflow/dags
[2026-05-05T19:32:57.425+0700] {manager.py:821} INFO - Searching for files in /opt/airflow/dags
[2026-05-05T19:32:57.446+0700] {manager.py:824} INFO - There are 0 files in /opt/airflow/dags
[2026-05-05T19:37:57.610+0700] {manager.py:821} INFO - Searching for files in /opt/airflow/dags
[2026-05-05T19:37:57.620+0700] {manager.py:824} INFO - There are 0 files in /opt/airflow/dags
[2026-05-05T19:42:57.678+0700] {manager.py:821} INFO - Searching for files in /opt/airflow/dags
[2026-05-05T19:42:57.692+0700] {manager.py:824} INFO - There are 0 files in /opt/airflow/dags
[2026-05-05T19:47:57.757+0700] {manager.py:821} INFO - Searching for files in /opt/airflow/dags
[2026-05-05T19:47:57.766+0700] {manager.py:824} INFO - There are 0 files in /opt/airflow/dags
[2026-05-06T12:27:46.517+0700] {manager.py:483} INFO - Processing files using up to 2 processes at a time 
[2026-05-06T12:27:46.519+0700] {manager.py:484} INFO - Process each file at most once every 30 seconds
[2026-05-06T12:27:46.519+0700] {manager.py:485} INFO - Checking for new files in /opt/airflow/dags every 300 seconds
[2026-05-06T12:27:46.520+0700] {manager.py:821} INFO - Searching for files in /opt/airflow/dags
[2026-05-06T12:27:46.525+0700] {manager.py:824} INFO - There are 0 files in /opt/airflow/dags
[2026-05-06T12:32:47.504+0700] {manager.py:821} INFO - Searching for files in /opt/airflow/dags
[2026-05-06T12:32:47.509+0700] {manager.py:824} INFO - There are 0 files in /opt/airflow/dags
[2026-05-06T12:37:48.289+0700] {manager.py:821} INFO - Searching for files in /opt/airflow/dags
[2026-05-06T12:37:48.304+0700] {manager.py:824} INFO - There are 0 files in /opt/airflow/dags
[2026-05-06T12:42:49.259+0700] {manager.py:821} INFO - Searching for files in /opt/airflow/dags
[2026-05-06T12:42:49.265+0700] {manager.py:824} INFO - There are 0 files in /opt/airflow/dags
[2026-05-06T12:47:50.007+0700] {manager.py:821} INFO - Searching for files in /opt/airflow/dags
[2026-05-06T12:47:50.020+0700] {manager.py:824} INFO - There are 0 files in /opt/airflow/dags
[2026-05-06T12:52:50.701+0700] {manager.py:821} INFO - Searching for files in /opt/airflow/dags
[2026-05-06T12:52:50.709+0700] {manager.py:824} INFO - There are 0 files in /opt/airflow/dags
[2026-05-06T12:57:51.512+0700] {manager.py:821} INFO - Searching for files in /opt/airflow/dags
[2026-05-06T12:57:51.520+0700] {manager.py:824} INFO - There are 0 files in /opt/airflow/dags
[2026-05-06T13:00:25.190+0700] {manager.py:465} INFO - Exiting gracefully upon receiving signal 15
[2026-05-06T13:04:06.357+0700] {manager.py:483} INFO - Processing files using up to 2 processes at a time 
[2026-05-06T13:04:06.359+0700] {manager.py:484} INFO - Process each file at most once every 30 seconds
[2026-05-06T13:04:06.360+0700] {manager.py:485} INFO - Checking for new files in /opt/airflow/dags every 300 seconds
[2026-05-06T13:04:06.361+0700] {manager.py:821} INFO - Searching for files in /opt/airflow/dags
[2026-05-06T13:04:06.368+0700] {manager.py:824} INFO - There are 0 files in /opt/airflow/dags
[2026-05-06T13:07:14.990+0700] {manager.py:465} INFO - Exiting gracefully upon receiving signal 15
[2026-05-06T13:08:43.074+0700] {manager.py:483} INFO - Processing files using up to 2 processes at a time 
[2026-05-06T13:08:43.076+0700] {manager.py:484} INFO - Process each file at most once every 30 seconds
[2026-05-06T13:08:43.077+0700] {manager.py:485} INFO - Checking for new files in /opt/airflow/dags every 300 seconds
[2026-05-06T13:08:43.077+0700] {manager.py:821} INFO - Searching for files in /opt/airflow/dags
[2026-05-06T13:08:43.084+0700] {manager.py:824} INFO - There are 0 files in /opt/airflow/dags
[2026-05-06T13:13:43.716+0700] {manager.py:821} INFO - Searching for files in /opt/airflow/dags
[2026-05-06T13:13:43.722+0700] {manager.py:824} INFO - There are 0 files in /opt/airflow/dags
[2026-05-06T13:16:27.656+0700] {manager.py:483} INFO - Processing files using up to 2 processes at a time 
[2026-05-06T13:16:27.658+0700] {manager.py:484} INFO - Process each file at most once every 30 seconds
[2026-05-06T13:16:27.659+0700] {manager.py:485} INFO - Checking for new files in /opt/airflow/dags every 300 seconds
[2026-05-06T13:16:27.660+0700] {manager.py:821} INFO - Searching for files in /opt/airflow/dags
[2026-05-06T13:16:27.668+0700] {manager.py:824} INFO - There are 0 files in /opt/airflow/dags
[2026-05-06T13:21:28.559+0700] {manager.py:821} INFO - Searching for files in /opt/airflow/dags
[2026-05-06T13:21:28.565+0700] {manager.py:824} INFO - There are 0 files in /opt/airflow/dags
[2026-05-06T13:26:29.204+0700] {manager.py:821} INFO - Searching for files in /opt/airflow/dags
[2026-05-06T13:26:29.211+0700] {manager.py:824} INFO - There are 0 files in /opt/airflow/dags
[2026-05-06T13:31:29.934+0700] {manager.py:821} INFO - Searching for files in /opt/airflow/dags
[2026-05-06T13:31:29.937+0700] {manager.py:824} INFO - There are 0 files in /opt/airflow/dags
[2026-05-06T13:36:30.540+0700] {manager.py:821} INFO - Searching for files in /opt/airflow/dags
[2026-05-06T13:36:30.543+0700] {manager.py:824} INFO - There are 0 files in /opt/airflow/dags
[2026-05-06T13:41:31.122+0700] {manager.py:821} INFO - Searching for files in /opt/airflow/dags
[2026-05-06T13:41:31.133+0700] {manager.py:824} INFO - There are 0 files in /opt/airflow/dags
[2026-05-06T13:46:31.711+0700] {manager.py:821} INFO - Searching for files in /opt/airflow/dags
[2026-05-06T13:46:31.718+0700] {manager.py:824} INFO - There are 0 files in /opt/airflow/dags
[2026-05-06T13:51:32.468+0700] {manager.py:821} INFO - Searching for files in /opt/airflow/dags
[2026-05-06T13:51:32.483+0700] {manager.py:824} INFO - There are 0 files in /opt/airflow/dags
[2026-05-06T13:56:33.181+0700] {manager.py:821} INFO - Searching for files in /opt/airflow/dags
[2026-05-06T13:56:33.187+0700] {manager.py:824} INFO - There are 0 files in /opt/airflow/dags
[2026-05-06T14:00:30.885+0700] {manager.py:465} INFO - Exiting gracefully upon receiving signal 15
[2026-05-06T14:02:06.817+0700] {manager.py:483} INFO - Processing files using up to 2 processes at a time 
[2026-05-06T14:02:06.819+0700] {manager.py:484} INFO - Process each file at most once every 30 seconds
[2026-05-06T14:02:06.820+0700] {manager.py:485} INFO - Checking for new files in /opt/airflow/dags every 300 seconds
[2026-05-06T14:02:06.821+0700] {manager.py:821} INFO - Searching for files in /opt/airflow/dags
[2026-05-06T14:02:06.830+0700] {manager.py:824} INFO - There are 0 files in /opt/airflow/dags
[2026-05-06T14:07:07.380+0700] {manager.py:821} INFO - Searching for files in /opt/airflow/dags
[2026-05-06T14:07:07.396+0700] {manager.py:824} INFO - There are 0 files in /opt/airflow/dags
[2026-05-06T14:12:07.667+0700] {manager.py:821} INFO - Searching for files in /opt/airflow/dags
[2026-05-06T14:12:07.693+0700] {manager.py:824} INFO - There are 0 files in /opt/airflow/dags
[2026-05-06T14:14:08.390+0700] {manager.py:465} INFO - Exiting gracefully upon receiving signal 15
[2026-05-06T14:15:36.377+0700] {manager.py:483} INFO - Processing files using up to 2 processes at a time 
[2026-05-06T14:15:36.380+0700] {manager.py:484} INFO - Process each file at most once every 30 seconds
[2026-05-06T14:15:36.382+0700] {manager.py:485} INFO - Checking for new files in /opt/airflow/dags every 300 seconds
[2026-05-06T14:15:36.384+0700] {manager.py:821} INFO - Searching for files in /opt/airflow/dags
[2026-05-06T14:15:36.406+0700] {manager.py:824} INFO - There are 0 files in /opt/airflow/dags
[2026-05-06T14:20:10.610+0700] {manager.py:465} INFO - Exiting gracefully upon receiving signal 15
[2026-05-06T14:21:55.958+0700] {manager.py:483} INFO - Processing files using up to 2 processes at a time 
[2026-05-06T14:21:55.960+0700] {manager.py:484} INFO - Process each file at most once every 30 seconds
[2026-05-06T14:21:55.966+0700] {manager.py:485} INFO - Checking for new files in /opt/airflow/dags every 300 seconds
[2026-05-06T14:21:55.967+0700] {manager.py:821} INFO - Searching for files in /opt/airflow/dags
[2026-05-06T14:21:55.976+0700] {manager.py:824} INFO - There are 0 files in /opt/airflow/dags
[2026-05-06T14:25:00.577+0700] {manager.py:465} INFO - Exiting gracefully upon receiving signal 15
[2026-05-06T14:26:36.028+0700] {manager.py:483} INFO - Processing files using up to 2 processes at a time 
[2026-05-06T14:26:36.030+0700] {manager.py:484} INFO - Process each file at most once every 30 seconds
[2026-05-06T14:26:36.031+0700] {manager.py:485} INFO - Checking for new files in /opt/airflow/dags every 300 seconds
[2026-05-06T14:26:36.033+0700] {manager.py:821} INFO - Searching for files in /opt/airflow/dags
[2026-05-06T14:26:36.039+0700] {manager.py:824} INFO - There are 0 files in /opt/airflow/dags
[2026-05-06T14:31:36.681+0700] {manager.py:821} INFO - Searching for files in /opt/airflow/dags
[2026-05-06T14:31:36.692+0700] {manager.py:824} INFO - There are 0 files in /opt/airflow/dags
[2026-05-06T14:36:37.641+0700] {manager.py:821} INFO - Searching for files in /opt/airflow/dags
[2026-05-06T14:36:37.655+0700] {manager.py:824} INFO - There are 0 files in /opt/airflow/dags
[2026-05-06T14:41:37.685+0700] {manager.py:821} INFO - Searching for files in /opt/airflow/dags
[2026-05-06T14:41:37.704+0700] {manager.py:824} INFO - There are 0 files in /opt/airflow/dags
[2026-05-06T14:46:38.330+0700] {manager.py:821} INFO - Searching for files in /opt/airflow/dags
[2026-05-06T14:46:38.342+0700] {manager.py:824} INFO - There are 0 files in /opt/airflow/dags
[2026-05-06T14:47:33.225+0700] {manager.py:465} INFO - Exiting gracefully upon receiving signal 15
[2026-05-06T14:49:18.912+0700] {manager.py:483} INFO - Processing files using up to 2 processes at a time 
[2026-05-06T14:49:18.917+0700] {manager.py:484} INFO - Process each file at most once every 30 seconds
[2026-05-06T14:49:18.918+0700] {manager.py:485} INFO - Checking for new files in /opt/airflow/dags every 300 seconds
[2026-05-06T14:49:18.920+0700] {manager.py:821} INFO - Searching for files in /opt/airflow/dags
[2026-05-06T14:49:18.928+0700] {manager.py:824} INFO - There are 0 files in /opt/airflow/dags
[2026-05-06T14:54:19.089+0700] {manager.py:821} INFO - Searching for files in /opt/airflow/dags
[2026-05-06T14:54:19.096+0700] {manager.py:824} INFO - There are 0 files in /opt/airflow/dags
[2026-05-06T14:59:19.224+0700] {manager.py:821} INFO - Searching for files in /opt/airflow/dags
[2026-05-06T14:59:19.246+0700] {manager.py:824} INFO - There are 0 files in /opt/airflow/dags
[2026-05-06T15:04:19.473+0700] {manager.py:821} INFO - Searching for files in /opt/airflow/dags
[2026-05-06T15:04:19.483+0700] {manager.py:824} INFO - There are 0 files in /opt/airflow/dags
[2026-05-06T15:09:19.702+0700] {manager.py:821} INFO - Searching for files in /opt/airflow/dags
[2026-05-06T15:09:19.720+0700] {manager.py:824} INFO - There are 0 files in /opt/airflow/dags
[2026-05-06T15:14:20.050+0700] {manager.py:821} INFO - Searching for files in /opt/airflow/dags
[2026-05-06T15:14:20.059+0700] {manager.py:824} INFO - There are 0 files in /opt/airflow/dags
[2026-05-06T15:19:20.344+0700] {manager.py:821} INFO - Searching for files in /opt/airflow/dags
[2026-05-06T15:19:20.363+0700] {manager.py:824} INFO - There are 0 files in /opt/airflow/dags
[2026-05-06T15:24:20.670+0700] {manager.py:821} INFO - Searching for files in /opt/airflow/dags
[2026-05-06T15:24:20.678+0700] {manager.py:824} INFO - There are 0 files in /opt/airflow/dags
[2026-05-06T15:29:20.969+0700] {manager.py:821} INFO - Searching for files in /opt/airflow/dags
[2026-05-06T15:29:20.989+0700] {manager.py:824} INFO - There are 0 files in /opt/airflow/dags
[2026-05-06T15:34:21.657+0700] {manager.py:821} INFO - Searching for files in /opt/airflow/dags
[2026-05-06T15:34:21.679+0700] {manager.py:824} INFO - There are 0 files in /opt/airflow/dags
[2026-05-06T15:39:21.958+0700] {manager.py:821} INFO - Searching for files in /opt/airflow/dags
[2026-05-06T15:39:21.971+0700] {manager.py:824} INFO - There are 0 files in /opt/airflow/dags
[2026-05-06T15:44:22.921+0700] {manager.py:821} INFO - Searching for files in /opt/airflow/dags
[2026-05-06T15:44:22.935+0700] {manager.py:824} INFO - There are 0 files in /opt/airflow/dags
[2026-05-06T15:49:22.933+0700] {manager.py:821} INFO - Searching for files in /opt/airflow/dags
[2026-05-06T15:49:22.947+0700] {manager.py:824} INFO - There are 0 files in /opt/airflow/dags
[2026-05-06T15:54:23.710+0700] {manager.py:821} INFO - Searching for files in /opt/airflow/dags
[2026-05-06T15:54:23.716+0700] {manager.py:824} INFO - There are 0 files in /opt/airflow/dags
[2026-05-06T15:59:23.713+0700] {manager.py:821} INFO - Searching for files in /opt/airflow/dags
[2026-05-06T15:59:23.720+0700] {manager.py:824} INFO - There are 0 files in /opt/airflow/dags
[2026-05-06T16:04:24.513+0700] {manager.py:821} INFO - Searching for files in /opt/airflow/dags
[2026-05-06T16:04:24.527+0700] {manager.py:824} INFO - There are 0 files in /opt/airflow/dags
[2026-05-06T16:09:24.825+0700] {manager.py:821} INFO - Searching for files in /opt/airflow/dags
[2026-05-06T16:09:24.848+0700] {manager.py:824} INFO - There are 0 files in /opt/airflow/dags
[2026-05-06T16:14:25.081+0700] {manager.py:821} INFO - Searching for files in /opt/airflow/dags
[2026-05-06T16:14:25.092+0700] {manager.py:824} INFO - There are 0 files in /opt/airflow/dags
[2026-05-06T16:19:25.940+0700] {manager.py:821} INFO - Searching for files in /opt/airflow/dags
[2026-05-06T16:19:25.951+0700] {manager.py:824} INFO - There are 0 files in /opt/airflow/dags
[2026-05-06T16:24:26.814+0700] {manager.py:821} INFO - Searching for files in /opt/airflow/dags
[2026-05-06T16:24:26.820+0700] {manager.py:824} INFO - There are 0 files in /opt/airflow/dags
[2026-05-06T16:29:27.726+0700] {manager.py:821} INFO - Searching for files in /opt/airflow/dags
[2026-05-06T16:29:27.743+0700] {manager.py:824} INFO - There are 0 files in /opt/airflow/dags
[2026-05-06T16:34:27.752+0700] {manager.py:821} INFO - Searching for files in /opt/airflow/dags
[2026-05-06T16:34:27.758+0700] {manager.py:824} INFO - There are 0 files in /opt/airflow/dags
[2026-05-06T16:39:28.538+0700] {manager.py:821} INFO - Searching for files in /opt/airflow/dags
[2026-05-06T16:39:28.588+0700] {manager.py:824} INFO - There are 0 files in /opt/airflow/dags
[2026-05-06T16:44:28.858+0700] {manager.py:821} INFO - Searching for files in /opt/airflow/dags
[2026-05-06T16:44:28.863+0700] {manager.py:824} INFO - There are 0 files in /opt/airflow/dags
[2026-05-06T16:49:29.499+0700] {manager.py:821} INFO - Searching for files in /opt/airflow/dags
[2026-05-06T16:49:29.506+0700] {manager.py:824} INFO - There are 0 files in /opt/airflow/dags
[2026-05-06T16:54:30.386+0700] {manager.py:821} INFO - Searching for files in /opt/airflow/dags
[2026-05-06T16:54:30.407+0700] {manager.py:824} INFO - There are 0 files in /opt/airflow/dags
[2026-05-06T16:59:31.048+0700] {manager.py:821} INFO - Searching for files in /opt/airflow/dags
[2026-05-06T16:59:31.072+0700] {manager.py:824} INFO - There are 0 files in /opt/airflow/dags
[2026-06-02T13:44:06.070+0700] {manager.py:483} INFO - Processing files using up to 2 processes at a time 
[2026-06-02T13:44:06.072+0700] {manager.py:484} INFO - Process each file at most once every 30 seconds
[2026-06-02T13:44:06.073+0700] {manager.py:485} INFO - Checking for new files in /opt/airflow/dags every 300 seconds
[2026-06-02T13:44:06.074+0700] {manager.py:821} INFO - Searching for files in /opt/airflow/dags
[2026-06-02T13:44:06.081+0700] {manager.py:824} INFO - There are 0 files in /opt/airflow/dags
[2026-06-02T13:49:06.581+0700] {manager.py:821} INFO - Searching for files in /opt/airflow/dags
[2026-06-02T13:49:06.595+0700] {manager.py:824} INFO - There are 0 files in /opt/airflow/dags
[2026-06-02T13:54:07.291+0700] {manager.py:821} INFO - Searching for files in /opt/airflow/dags
[2026-06-02T13:54:07.312+0700] {manager.py:824} INFO - There are 0 files in /opt/airflow/dags
[2026-06-02T13:59:07.646+0700] {manager.py:821} INFO - Searching for files in /opt/airflow/dags
[2026-06-02T13:59:07.651+0700] {manager.py:824} INFO - There are 0 files in /opt/airflow/dags
[2026-06-02T14:04:07.741+0700] {manager.py:821} INFO - Searching for files in /opt/airflow/dags
[2026-06-02T14:04:07.756+0700] {manager.py:824} INFO - There are 0 files in /opt/airflow/dags
[2026-06-02T14:09:07.894+0700] {manager.py:821} INFO - Searching for files in /opt/airflow/dags
[2026-06-02T14:09:07.902+0700] {manager.py:824} INFO - There are 0 files in /opt/airflow/dags
[2026-06-02T14:14:08.486+0700] {manager.py:821} INFO - Searching for files in /opt/airflow/dags
[2026-06-02T14:14:08.507+0700] {manager.py:824} INFO - There are 0 files in /opt/airflow/dags
[2026-06-02T14:19:08.610+0700] {manager.py:821} INFO - Searching for files in /opt/airflow/dags
[2026-06-02T14:19:08.692+0700] {manager.py:824} INFO - There are 0 files in /opt/airflow/dags
[2026-06-02T14:24:09.182+0700] {manager.py:821} INFO - Searching for files in /opt/airflow/dags
[2026-06-02T14:24:09.215+0700] {manager.py:824} INFO - There are 0 files in /opt/airflow/dags
[2026-06-02T14:29:09.864+0700] {manager.py:821} INFO - Searching for files in /opt/airflow/dags
[2026-06-02T14:29:09.964+0700] {manager.py:824} INFO - There are 0 files in /opt/airflow/dags
[2026-06-02T14:34:10.586+0700] {manager.py:821} INFO - Searching for files in /opt/airflow/dags
[2026-06-02T14:34:10.790+0700] {manager.py:824} INFO - There are 0 files in /opt/airflow/dags
[2026-06-02T14:39:11.422+0700] {manager.py:821} INFO - Searching for files in /opt/airflow/dags
[2026-06-02T14:39:11.452+0700] {manager.py:824} INFO - There are 0 files in /opt/airflow/dags
[2026-06-02T14:44:11.929+0700] {manager.py:821} INFO - Searching for files in /opt/airflow/dags
[2026-06-02T14:44:11.962+0700] {manager.py:824} INFO - There are 0 files in /opt/airflow/dags
[2026-06-02T14:49:12.375+0700] {manager.py:821} INFO - Searching for files in /opt/airflow/dags
[2026-06-02T14:49:12.831+0700] {manager.py:824} INFO - There are 0 files in /opt/airflow/dags
[2026-06-02T14:54:12.969+0700] {manager.py:821} INFO - Searching for files in /opt/airflow/dags
[2026-06-02T14:54:14.252+0700] {manager.py:824} INFO - There are 0 files in /opt/airflow/dags
[2026-06-02T14:59:13.423+0700] {manager.py:821} INFO - Searching for files in /opt/airflow/dags
[2026-06-02T14:59:14.323+0700] {manager.py:824} INFO - There are 0 files in /opt/airflow/dags
[2026-06-02T15:04:13.754+0700] {manager.py:821} INFO - Searching for files in /opt/airflow/dags
[2026-06-02T15:04:13.845+0700] {manager.py:824} INFO - There are 0 files in /opt/airflow/dags
[2026-06-02T15:09:14.153+0700] {manager.py:821} INFO - Searching for files in /opt/airflow/dags
[2026-06-02T15:09:14.278+0700] {manager.py:824} INFO - There are 0 files in /opt/airflow/dags
[2026-06-02T15:14:14.217+0700] {manager.py:821} INFO - Searching for files in /opt/airflow/dags
[2026-06-02T15:14:14.374+0700] {manager.py:824} INFO - There are 0 files in /opt/airflow/dags
[2026-06-02T15:19:14.305+0700] {manager.py:821} INFO - Searching for files in /opt/airflow/dags
[2026-06-02T15:19:14.481+0700] {manager.py:824} INFO - There are 0 files in /opt/airflow/dags
[2026-06-02T15:24:15.078+0700] {manager.py:821} INFO - Searching for files in /opt/airflow/dags
[2026-06-02T15:24:15.145+0700] {manager.py:824} INFO - There are 0 files in /opt/airflow/dags
[2026-06-02T15:29:15.220+0700] {manager.py:821} INFO - Searching for files in /opt/airflow/dags
[2026-06-02T15:29:15.433+0700] {manager.py:824} INFO - There are 0 files in /opt/airflow/dags
[2026-06-02T15:34:15.428+0700] {manager.py:821} INFO - Searching for files in /opt/airflow/dags
[2026-06-02T15:34:15.544+0700] {manager.py:824} INFO - There are 0 files in /opt/airflow/dags
[2026-06-02T15:39:16.085+0700] {manager.py:821} INFO - Searching for files in /opt/airflow/dags
[2026-06-02T15:39:16.119+0700] {manager.py:824} INFO - There are 0 files in /opt/airflow/dags
[2026-06-02T15:44:16.184+0700] {manager.py:821} INFO - Searching for files in /opt/airflow/dags
[2026-06-02T15:44:16.193+0700] {manager.py:824} INFO - There are 0 files in /opt/airflow/dags
[2026-06-02T15:49:16.744+0700] {manager.py:821} INFO - Searching for files in /opt/airflow/dags
[2026-06-02T15:49:16.829+0700] {manager.py:824} INFO - There are 0 files in /opt/airflow/dags
[2026-06-02T15:54:16.929+0700] {manager.py:821} INFO - Searching for files in /opt/airflow/dags
[2026-06-02T15:54:17.023+0700] {manager.py:824} INFO - There are 0 files in /opt/airflow/dags
[2026-06-02T15:59:17.319+0700] {manager.py:821} INFO - Searching for files in /opt/airflow/dags
[2026-06-02T15:59:17.450+0700] {manager.py:824} INFO - There are 0 files in /opt/airflow/dags
[2026-06-02T16:04:17.496+0700] {manager.py:821} INFO - Searching for files in /opt/airflow/dags
[2026-06-02T16:04:17.504+0700] {manager.py:824} INFO - There are 0 files in /opt/airflow/dags
[2026-06-02T16:09:18.117+0700] {manager.py:821} INFO - Searching for files in /opt/airflow/dags
[2026-06-02T16:09:18.122+0700] {manager.py:824} INFO - There are 0 files in /opt/airflow/dags
[2026-06-02T16:14:18.867+0700] {manager.py:821} INFO - Searching for files in /opt/airflow/dags
[2026-06-02T16:14:18.882+0700] {manager.py:824} INFO - There are 0 files in /opt/airflow/dags
[2026-06-02T16:19:19.568+0700] {manager.py:821} INFO - Searching for files in /opt/airflow/dags
[2026-06-02T16:19:19.585+0700] {manager.py:824} INFO - There are 0 files in /opt/airflow/dags
[2026-06-02T16:24:20.550+0700] {manager.py:821} INFO - Searching for files in /opt/airflow/dags
[2026-06-02T16:24:20.567+0700] {manager.py:824} INFO - There are 0 files in /opt/airflow/dags
[2026-06-02T16:29:21.356+0700] {manager.py:821} INFO - Searching for files in /opt/airflow/dags
[2026-06-02T16:29:21.373+0700] {manager.py:824} INFO - There are 0 files in /opt/airflow/dags
[2026-06-02T16:34:22.276+0700] {manager.py:821} INFO - Searching for files in /opt/airflow/dags
[2026-06-02T16:34:22.281+0700] {manager.py:824} INFO - There are 0 files in /opt/airflow/dags
[2026-06-02T16:39:23.024+0700] {manager.py:821} INFO - Searching for files in /opt/airflow/dags
[2026-06-02T16:39:23.041+0700] {manager.py:824} INFO - There are 0 files in /opt/airflow/dags
[2026-06-02T16:44:23.925+0700] {manager.py:821} INFO - Searching for files in /opt/airflow/dags
[2026-06-02T16:44:23.941+0700] {manager.py:824} INFO - There are 0 files in /opt/airflow/dags
[2026-06-02T16:49:24.618+0700] {manager.py:821} INFO - Searching for files in /opt/airflow/dags
[2026-06-02T16:49:24.633+0700] {manager.py:824} INFO - There are 0 files in /opt/airflow/dags
[2026-06-02T16:54:25.460+0700] {manager.py:821} INFO - Searching for files in /opt/airflow/dags
[2026-06-02T16:54:25.478+0700] {manager.py:824} INFO - There are 0 files in /opt/airflow/dags
[2026-06-02T16:59:26.242+0700] {manager.py:821} INFO - Searching for files in /opt/airflow/dags
[2026-06-02T16:59:26.259+0700] {manager.py:824} INFO - There are 0 files in /opt/airflow/dags
[2026-06-02T17:04:27.067+0700] {manager.py:821} INFO - Searching for files in /opt/airflow/dags
[2026-06-02T17:04:27.076+0700] {manager.py:824} INFO - There are 0 files in /opt/airflow/dags
[2026-06-02T17:09:27.229+0700] {manager.py:821} INFO - Searching for files in /opt/airflow/dags
[2026-06-02T17:09:27.240+0700] {manager.py:824} INFO - There are 0 files in /opt/airflow/dags
[2026-06-02T17:14:27.391+0700] {manager.py:821} INFO - Searching for files in /opt/airflow/dags
[2026-06-02T17:14:27.404+0700] {manager.py:824} INFO - There are 0 files in /opt/airflow/dags
[2026-06-02T17:19:27.645+0700] {manager.py:821} INFO - Searching for files in /opt/airflow/dags
[2026-06-02T17:19:27.658+0700] {manager.py:824} INFO - There are 0 files in /opt/airflow/dags
[2026-06-02T17:24:27.854+0700] {manager.py:821} INFO - Searching for files in /opt/airflow/dags
[2026-06-02T17:24:27.863+0700] {manager.py:824} INFO - There are 0 files in /opt/airflow/dags
[2026-06-02T17:29:27.937+0700] {manager.py:821} INFO - Searching for files in /opt/airflow/dags
[2026-06-02T17:29:27.954+0700] {manager.py:824} INFO - There are 0 files in /opt/airflow/dags
[2026-06-02T17:34:28.144+0700] {manager.py:821} INFO - Searching for files in /opt/airflow/dags
[2026-06-02T17:34:28.155+0700] {manager.py:824} INFO - There are 0 files in /opt/airflow/dags
[2026-06-02T17:36:28.020+0700] {manager.py:483} INFO - Processing files using up to 2 processes at a time 
[2026-06-02T17:36:28.022+0700] {manager.py:484} INFO - Process each file at most once every 30 seconds
[2026-06-02T17:36:28.025+0700] {manager.py:485} INFO - Checking for new files in /opt/airflow/dags every 300 seconds
[2026-06-02T17:36:28.028+0700] {manager.py:821} INFO - Searching for files in /opt/airflow/dags
[2026-06-02T17:36:28.037+0700] {manager.py:824} INFO - There are 0 files in /opt/airflow/dags
[2026-06-02T17:41:28.155+0700] {manager.py:821} INFO - Searching for files in /opt/airflow/dags
[2026-06-02T17:41:28.161+0700] {manager.py:824} INFO - There are 0 files in /opt/airflow/dags
[2026-06-02T17:46:28.162+0700] {manager.py:821} INFO - Searching for files in /opt/airflow/dags
[2026-06-02T17:46:28.178+0700] {manager.py:824} INFO - There are 0 files in /opt/airflow/dags
[2026-06-02T18:04:08.176+0700] {manager.py:483} INFO - Processing files using up to 2 processes at a time 
[2026-06-02T18:04:08.178+0700] {manager.py:484} INFO - Process each file at most once every 30 seconds
[2026-06-02T18:04:08.179+0700] {manager.py:485} INFO - Checking for new files in /opt/airflow/dags every 300 seconds
[2026-06-02T18:04:08.180+0700] {manager.py:821} INFO - Searching for files in /opt/airflow/dags
[2026-06-02T18:04:08.189+0700] {manager.py:824} INFO - There are 0 files in /opt/airflow/dags
[2026-06-02T18:09:09.097+0700] {manager.py:821} INFO - Searching for files in /opt/airflow/dags
[2026-06-02T18:09:09.101+0700] {manager.py:824} INFO - There are 0 files in /opt/airflow/dags
[2026-06-02T18:14:09.107+0700] {manager.py:821} INFO - Searching for files in /opt/airflow/dags
[2026-06-02T18:14:09.123+0700] {manager.py:824} INFO - There are 0 files in /opt/airflow/dags
[2026-06-02T18:19:09.822+0700] {manager.py:821} INFO - Searching for files in /opt/airflow/dags
[2026-06-02T18:19:09.828+0700] {manager.py:824} INFO - There are 0 files in /opt/airflow/dags
[2026-06-02T18:24:10.187+0700] {manager.py:821} INFO - Searching for files in /opt/airflow/dags
[2026-06-02T18:24:10.204+0700] {manager.py:824} INFO - There are 0 files in /opt/airflow/dags
[2026-06-02T18:29:10.842+0700] {manager.py:821} INFO - Searching for files in /opt/airflow/dags
[2026-06-02T18:29:10.848+0700] {manager.py:824} INFO - There are 0 files in /opt/airflow/dags
[2026-06-02T18:34:11.584+0700] {manager.py:821} INFO - Searching for files in /opt/airflow/dags
[2026-06-02T18:34:11.590+0700] {manager.py:824} INFO - There are 0 files in /opt/airflow/dags
[2026-06-02T18:39:12.332+0700] {manager.py:821} INFO - Searching for files in /opt/airflow/dags
[2026-06-02T18:39:12.336+0700] {manager.py:824} INFO - There are 0 files in /opt/airflow/dags
[2026-06-02T18:44:13.043+0700] {manager.py:821} INFO - Searching for files in /opt/airflow/dags
[2026-06-02T18:44:13.056+0700] {manager.py:824} INFO - There are 0 files in /opt/airflow/dags
[2026-06-02T18:49:13.429+0700] {manager.py:821} INFO - Searching for files in /opt/airflow/dags
[2026-06-02T18:49:13.437+0700] {manager.py:824} INFO - There are 0 files in /opt/airflow/dags
[2026-06-02T18:54:14.138+0700] {manager.py:821} INFO - Searching for files in /opt/airflow/dags
[2026-06-02T18:54:14.143+0700] {manager.py:824} INFO - There are 0 files in /opt/airflow/dags
[2026-06-02T18:59:14.919+0700] {manager.py:821} INFO - Searching for files in /opt/airflow/dags
[2026-06-02T18:59:14.936+0700] {manager.py:824} INFO - There are 0 files in /opt/airflow/dags
[2026-06-02T19:04:15.508+0700] {manager.py:821} INFO - Searching for files in /opt/airflow/dags
[2026-06-02T19:04:15.516+0700] {manager.py:824} INFO - There are 0 files in /opt/airflow/dags
[2026-06-02T19:09:15.566+0700] {manager.py:821} INFO - Searching for files in /opt/airflow/dags
[2026-06-02T19:09:15.580+0700] {manager.py:824} INFO - There are 0 files in /opt/airflow/dags
[2026-06-02T19:09:20.355+0700] {manager.py:465} INFO - Exiting gracefully upon receiving signal 15
[2026-06-02T19:38:25.337+0700] {manager.py:483} INFO - Processing files using up to 2 processes at a time 
[2026-06-02T19:38:25.339+0700] {manager.py:484} INFO - Process each file at most once every 30 seconds
[2026-06-02T19:38:25.339+0700] {manager.py:485} INFO - Checking for new files in /opt/airflow/dags every 300 seconds
[2026-06-02T19:38:25.341+0700] {manager.py:821} INFO - Searching for files in /opt/airflow/dags
[2026-06-02T19:38:25.363+0700] {manager.py:824} INFO - There are 1 files in /opt/airflow/dags
[2026-06-02T19:38:25.605+0700] {manager.py:997} INFO - 
================================================================================
DAG File Processing Stats

File Path                                 PID  Runtime      # DAGs    # Errors  Last Runtime    Last Run      Last # of DB Queries
--------------------------------------  -----  ---------  --------  ----------  --------------  ----------  ----------------------
/opt/airflow/dags/dbt_mart_pipeline.py    185  0.09s             0           0                                                   0
================================================================================
[2026-06-02T19:38:55.921+0700] {manager.py:997} INFO - 
================================================================================
DAG File Processing Stats

File Path                               PID    Runtime      # DAGs    # Errors  Last Runtime    Last Run               Last # of DB Queries
--------------------------------------  -----  ---------  --------  ----------  --------------  -------------------  ----------------------
/opt/airflow/dags/dbt_mart_pipeline.py                           1           0  1.38s           2026-06-02T12:38:26                      43
================================================================================
[2026-06-02T19:39:26.348+0700] {manager.py:997} INFO - 
================================================================================
DAG File Processing Stats

File Path                               PID    Runtime      # DAGs    # Errors  Last Runtime    Last Run               Last # of DB Queries
--------------------------------------  -----  ---------  --------  ----------  --------------  -------------------  ----------------------
/opt/airflow/dags/dbt_mart_pipeline.py                           1           0  0.19s           2026-06-02T12:38:57                      10
================================================================================
[2026-06-02T19:39:56.841+0700] {manager.py:997} INFO - 
================================================================================
DAG File Processing Stats

File Path                               PID    Runtime      # DAGs    # Errors  Last Runtime    Last Run               Last # of DB Queries
--------------------------------------  -----  ---------  --------  ----------  --------------  -------------------  ----------------------
/opt/airflow/dags/dbt_mart_pipeline.py                           1           0  0.16s           2026-06-02T12:39:27                      10
================================================================================
[2026-06-02T19:40:27.265+0700] {manager.py:997} INFO - 
================================================================================
DAG File Processing Stats

File Path                               PID    Runtime      # DAGs    # Errors  Last Runtime    Last Run               Last # of DB Queries
--------------------------------------  -----  ---------  --------  ----------  --------------  -------------------  ----------------------
/opt/airflow/dags/dbt_mart_pipeline.py                           1           0  0.16s           2026-06-02T12:39:58                      10
================================================================================
[2026-06-02T19:40:57.767+0700] {manager.py:997} INFO - 
================================================================================
DAG File Processing Stats

File Path                               PID    Runtime      # DAGs    # Errors  Last Runtime    Last Run               Last # of DB Queries
--------------------------------------  -----  ---------  --------  ----------  --------------  -------------------  ----------------------
/opt/airflow/dags/dbt_mart_pipeline.py                           1           0  0.15s           2026-06-02T12:40:28                      10
================================================================================
[2026-06-02T19:41:26.524+0700] {manager.py:465} INFO - Exiting gracefully upon receiving signal 15
[2026-06-02T19:44:26.667+0700] {manager.py:483} INFO - Processing files using up to 2 processes at a time 
[2026-06-02T19:44:26.669+0700] {manager.py:484} INFO - Process each file at most once every 30 seconds
[2026-06-02T19:44:26.671+0700] {manager.py:485} INFO - Checking for new files in /opt/airflow/dags every 300 seconds
[2026-06-02T19:44:26.672+0700] {manager.py:821} INFO - Searching for files in /opt/airflow/dags
[2026-06-02T19:44:26.718+0700] {manager.py:824} INFO - There are 1 files in /opt/airflow/dags
[2026-06-02T19:44:26.947+0700] {manager.py:997} INFO - 
================================================================================
DAG File Processing Stats

File Path                                 PID  Runtime      # DAGs    # Errors  Last Runtime    Last Run      Last # of DB Queries
--------------------------------------  -----  ---------  --------  ----------  --------------  ----------  ----------------------
/opt/airflow/dags/dbt_mart_pipeline.py    184  0.08s             0           0                                                   0
================================================================================
[2026-06-02T19:44:57.241+0700] {manager.py:997} INFO - 
================================================================================
DAG File Processing Stats

File Path                               PID    Runtime      # DAGs    # Errors  Last Runtime    Last Run               Last # of DB Queries
--------------------------------------  -----  ---------  --------  ----------  --------------  -------------------  ----------------------
/opt/airflow/dags/dbt_mart_pipeline.py                           1           0  0.46s           2026-06-02T12:44:27                      10
================================================================================
[2026-06-02T19:45:27.978+0700] {manager.py:997} INFO - 
================================================================================
DAG File Processing Stats

File Path                                 PID  Runtime      # DAGs    # Errors  Last Runtime    Last Run               Last # of DB Queries
--------------------------------------  -----  ---------  --------  ----------  --------------  -------------------  ----------------------
/opt/airflow/dags/dbt_mart_pipeline.py    221  0.00s             1           0  0.16s           2026-06-02T12:44:57                      10
================================================================================
[2026-06-02T19:45:58.562+0700] {manager.py:997} INFO - 
================================================================================
DAG File Processing Stats

File Path                                 PID  Runtime      # DAGs    # Errors  Last Runtime    Last Run               Last # of DB Queries
--------------------------------------  -----  ---------  --------  ----------  --------------  -------------------  ----------------------
/opt/airflow/dags/dbt_mart_pipeline.py    226  0.00s             1           0  0.18s           2026-06-02T12:45:28                      10
================================================================================
[2026-06-02T19:46:29.011+0700] {manager.py:997} INFO - 
================================================================================
DAG File Processing Stats

File Path                                 PID  Runtime      # DAGs    # Errors  Last Runtime    Last Run               Last # of DB Queries
--------------------------------------  -----  ---------  --------  ----------  --------------  -------------------  ----------------------
/opt/airflow/dags/dbt_mart_pipeline.py    231  0.01s             1           0  0.13s           2026-06-02T12:45:58                      10
================================================================================
[2026-06-02T19:46:59.538+0700] {manager.py:997} INFO - 
================================================================================
DAG File Processing Stats

File Path                                 PID  Runtime      # DAGs    # Errors  Last Runtime    Last Run               Last # of DB Queries
--------------------------------------  -----  ---------  --------  ----------  --------------  -------------------  ----------------------
/opt/airflow/dags/dbt_mart_pipeline.py    236  0.00s             1           0  0.15s           2026-06-02T12:46:29                      10
================================================================================
[2026-06-02T19:47:29.993+0700] {manager.py:997} INFO - 
================================================================================
DAG File Processing Stats

File Path                                 PID  Runtime      # DAGs    # Errors  Last Runtime    Last Run               Last # of DB Queries
--------------------------------------  -----  ---------  --------  ----------  --------------  -------------------  ----------------------
/opt/airflow/dags/dbt_mart_pipeline.py    257  0.01s             1           0  0.14s           2026-06-02T12:46:59                      10
================================================================================
[2026-06-02T19:48:00.434+0700] {manager.py:997} INFO - 
================================================================================
DAG File Processing Stats

File Path                                 PID  Runtime      # DAGs    # Errors  Last Runtime    Last Run               Last # of DB Queries
--------------------------------------  -----  ---------  --------  ----------  --------------  -------------------  ----------------------
/opt/airflow/dags/dbt_mart_pipeline.py    262  0.01s             1           0  0.14s           2026-06-02T12:47:30                      10
================================================================================
[2026-06-02T19:48:30.817+0700] {manager.py:997} INFO - 
================================================================================
DAG File Processing Stats

File Path                                 PID  Runtime      # DAGs    # Errors  Last Runtime    Last Run               Last # of DB Queries
--------------------------------------  -----  ---------  --------  ----------  --------------  -------------------  ----------------------
/opt/airflow/dags/dbt_mart_pipeline.py    267  0.01s             1           0  0.17s           2026-06-02T12:48:00                      10
================================================================================
[2026-06-02T19:49:01.198+0700] {manager.py:997} INFO - 
================================================================================
DAG File Processing Stats

File Path                                 PID  Runtime      # DAGs    # Errors  Last Runtime    Last Run               Last # of DB Queries
--------------------------------------  -----  ---------  --------  ----------  --------------  -------------------  ----------------------
/opt/airflow/dags/dbt_mart_pipeline.py    272  0.00s             1           0  0.16s           2026-06-02T12:48:30                      10
================================================================================
[2026-06-02T19:49:27.501+0700] {manager.py:821} INFO - Searching for files in /opt/airflow/dags
[2026-06-02T19:49:27.519+0700] {manager.py:824} INFO - There are 1 files in /opt/airflow/dags
[2026-06-02T19:49:31.580+0700] {manager.py:997} INFO - 
================================================================================
DAG File Processing Stats

File Path                                 PID  Runtime      # DAGs    # Errors  Last Runtime    Last Run               Last # of DB Queries
--------------------------------------  -----  ---------  --------  ----------  --------------  -------------------  ----------------------
/opt/airflow/dags/dbt_mart_pipeline.py    277  0.00s             1           0  0.14s           2026-06-02T12:49:01                      10
================================================================================
[2026-06-02T19:50:01.994+0700] {manager.py:997} INFO - 
================================================================================
DAG File Processing Stats

File Path                                 PID  Runtime      # DAGs    # Errors  Last Runtime    Last Run               Last # of DB Queries
--------------------------------------  -----  ---------  --------  ----------  --------------  -------------------  ----------------------
/opt/airflow/dags/dbt_mart_pipeline.py    282  0.00s             1           0  0.15s           2026-06-02T12:49:31                      10
================================================================================
[2026-06-02T19:50:32.494+0700] {manager.py:997} INFO - 
================================================================================
DAG File Processing Stats

File Path                                 PID  Runtime      # DAGs    # Errors  Last Runtime    Last Run               Last # of DB Queries
--------------------------------------  -----  ---------  --------  ----------  --------------  -------------------  ----------------------
/opt/airflow/dags/dbt_mart_pipeline.py    287  0.01s             1           0  0.13s           2026-06-02T12:50:02                      10
================================================================================
[2026-06-02T19:51:02.880+0700] {manager.py:997} INFO - 
================================================================================
DAG File Processing Stats

File Path                                 PID  Runtime      # DAGs    # Errors  Last Runtime    Last Run               Last # of DB Queries
--------------------------------------  -----  ---------  --------  ----------  --------------  -------------------  ----------------------
/opt/airflow/dags/dbt_mart_pipeline.py    292  0.01s             1           0  0.16s           2026-06-02T12:50:32                      10
================================================================================
[2026-06-02T19:51:33.355+0700] {manager.py:997} INFO - 
================================================================================
DAG File Processing Stats

File Path                                 PID  Runtime      # DAGs    # Errors  Last Runtime    Last Run               Last # of DB Queries
--------------------------------------  -----  ---------  --------  ----------  --------------  -------------------  ----------------------
/opt/airflow/dags/dbt_mart_pipeline.py    297  0.00s             1           0  0.21s           2026-06-02T12:51:03                      10
================================================================================
[2026-06-02T19:52:03.844+0700] {manager.py:997} INFO - 
================================================================================
DAG File Processing Stats

File Path                                 PID  Runtime      # DAGs    # Errors  Last Runtime    Last Run               Last # of DB Queries
--------------------------------------  -----  ---------  --------  ----------  --------------  -------------------  ----------------------
/opt/airflow/dags/dbt_mart_pipeline.py    302  0.00s             1           0  0.12s           2026-06-02T12:51:33                      10
================================================================================
[2026-06-02T19:52:34.313+0700] {manager.py:997} INFO - 
================================================================================
DAG File Processing Stats

File Path                                 PID  Runtime      # DAGs    # Errors  Last Runtime    Last Run               Last # of DB Queries
--------------------------------------  -----  ---------  --------  ----------  --------------  -------------------  ----------------------
/opt/airflow/dags/dbt_mart_pipeline.py    307  0.00s             1           0  0.13s           2026-06-02T12:52:03                      10
================================================================================
[2026-06-02T19:53:01.529+0700] {manager.py:465} INFO - Exiting gracefully upon receiving signal 15
[2026-06-02T19:56:10.626+0700] {manager.py:483} INFO - Processing files using up to 2 processes at a time 
[2026-06-02T19:56:10.627+0700] {manager.py:484} INFO - Process each file at most once every 30 seconds
[2026-06-02T19:56:10.628+0700] {manager.py:485} INFO - Checking for new files in /opt/airflow/dags every 300 seconds
[2026-06-02T19:56:10.628+0700] {manager.py:821} INFO - Searching for files in /opt/airflow/dags
[2026-06-02T19:56:10.659+0700] {manager.py:824} INFO - There are 1 files in /opt/airflow/dags
[2026-06-02T19:56:10.789+0700] {manager.py:997} INFO - 
================================================================================
DAG File Processing Stats

File Path                                 PID  Runtime      # DAGs    # Errors  Last Runtime    Last Run      Last # of DB Queries
--------------------------------------  -----  ---------  --------  ----------  --------------  ----------  ----------------------
/opt/airflow/dags/dbt_mart_pipeline.py    185  0.04s             0           0                                                   0
================================================================================
[2026-06-02T19:56:41.081+0700] {manager.py:997} INFO - 
================================================================================
DAG File Processing Stats

File Path                                 PID  Runtime      # DAGs    # Errors  Last Runtime    Last Run               Last # of DB Queries
--------------------------------------  -----  ---------  --------  ----------  --------------  -------------------  ----------------------
/opt/airflow/dags/dbt_mart_pipeline.py    190  0.00s             1           0  0.31s           2026-06-02T12:56:11                      10
================================================================================
[2026-06-02T19:57:11.516+0700] {manager.py:997} INFO - 
================================================================================
DAG File Processing Stats

File Path                                 PID  Runtime      # DAGs    # Errors  Last Runtime    Last Run               Last # of DB Queries
--------------------------------------  -----  ---------  --------  ----------  --------------  -------------------  ----------------------
/opt/airflow/dags/dbt_mart_pipeline.py    209  0.00s             1           0  0.18s           2026-06-02T12:56:41                      10
================================================================================
[2026-06-02T19:57:41.927+0700] {manager.py:997} INFO - 
================================================================================
DAG File Processing Stats

File Path                                 PID  Runtime      # DAGs    # Errors  Last Runtime    Last Run               Last # of DB Queries
--------------------------------------  -----  ---------  --------  ----------  --------------  -------------------  ----------------------
/opt/airflow/dags/dbt_mart_pipeline.py    253  0.01s             1           0  0.14s           2026-06-02T12:57:11                      10
================================================================================
[2026-06-02T19:58:12.369+0700] {manager.py:997} INFO - 
================================================================================
DAG File Processing Stats

File Path                                 PID  Runtime      # DAGs    # Errors  Last Runtime    Last Run               Last # of DB Queries
--------------------------------------  -----  ---------  --------  ----------  --------------  -------------------  ----------------------
/opt/airflow/dags/dbt_mart_pipeline.py    258  0.01s             1           0  0.15s           2026-06-02T12:57:42                      10
================================================================================
[2026-06-02T19:58:42.855+0700] {manager.py:997} INFO - 
================================================================================
DAG File Processing Stats

File Path                                 PID  Runtime      # DAGs    # Errors  Last Runtime    Last Run               Last # of DB Queries
--------------------------------------  -----  ---------  --------  ----------  --------------  -------------------  ----------------------
/opt/airflow/dags/dbt_mart_pipeline.py    263  0.01s             1           0  0.15s           2026-06-02T12:58:12                      10
================================================================================
[2026-06-02T19:59:13.324+0700] {manager.py:997} INFO - 
================================================================================
DAG File Processing Stats

File Path                                 PID  Runtime      # DAGs    # Errors  Last Runtime    Last Run               Last # of DB Queries
--------------------------------------  -----  ---------  --------  ----------  --------------  -------------------  ----------------------
/opt/airflow/dags/dbt_mart_pipeline.py    268  0.00s             1           0  0.16s           2026-06-02T12:58:43                      10
================================================================================
[2026-06-02T19:59:43.750+0700] {manager.py:997} INFO - 
================================================================================
DAG File Processing Stats

File Path                                 PID  Runtime      # DAGs    # Errors  Last Runtime    Last Run               Last # of DB Queries
--------------------------------------  -----  ---------  --------  ----------  --------------  -------------------  ----------------------
/opt/airflow/dags/dbt_mart_pipeline.py    273  0.00s             1           0  0.13s           2026-06-02T12:59:13                      10
================================================================================
[2026-06-02T20:00:14.177+0700] {manager.py:997} INFO - 
================================================================================
DAG File Processing Stats

File Path                                 PID  Runtime      # DAGs    # Errors  Last Runtime    Last Run               Last # of DB Queries
--------------------------------------  -----  ---------  --------  ----------  --------------  -------------------  ----------------------
/opt/airflow/dags/dbt_mart_pipeline.py    278  0.00s             1           0  0.15s           2026-06-02T12:59:43                      10
================================================================================
[2026-06-02T20:00:44.679+0700] {manager.py:997} INFO - 
================================================================================
DAG File Processing Stats

File Path                                 PID  Runtime      # DAGs    # Errors  Last Runtime    Last Run               Last # of DB Queries
--------------------------------------  -----  ---------  --------  ----------  --------------  -------------------  ----------------------
/opt/airflow/dags/dbt_mart_pipeline.py    283  0.01s             1           0  0.14s           2026-06-02T13:00:14                      10
================================================================================
[2026-06-02T20:01:11.065+0700] {manager.py:821} INFO - Searching for files in /opt/airflow/dags
[2026-06-02T20:01:11.083+0700] {manager.py:824} INFO - There are 1 files in /opt/airflow/dags
[2026-06-02T20:01:15.151+0700] {manager.py:997} INFO - 
================================================================================
DAG File Processing Stats

File Path                                 PID  Runtime      # DAGs    # Errors  Last Runtime    Last Run               Last # of DB Queries
--------------------------------------  -----  ---------  --------  ----------  --------------  -------------------  ----------------------
/opt/airflow/dags/dbt_mart_pipeline.py    288  0.01s             1           0  0.15s           2026-06-02T13:00:44                      10
================================================================================
[2026-06-02T20:01:45.631+0700] {manager.py:997} INFO - 
================================================================================
DAG File Processing Stats

File Path                                 PID  Runtime      # DAGs    # Errors  Last Runtime    Last Run               Last # of DB Queries
--------------------------------------  -----  ---------  --------  ----------  --------------  -------------------  ----------------------
/opt/airflow/dags/dbt_mart_pipeline.py    293  0.01s             1           0  0.16s           2026-06-02T13:01:15                      10
================================================================================
[2026-06-02T20:02:16.047+0700] {manager.py:997} INFO - 
================================================================================
DAG File Processing Stats

File Path                                 PID  Runtime      # DAGs    # Errors  Last Runtime    Last Run               Last # of DB Queries
--------------------------------------  -----  ---------  --------  ----------  --------------  -------------------  ----------------------
/opt/airflow/dags/dbt_mart_pipeline.py    298  0.00s             1           0  0.14s           2026-06-02T13:01:45                      10
================================================================================
[2026-06-02T20:02:46.392+0700] {manager.py:997} INFO - 
================================================================================
DAG File Processing Stats

File Path                                 PID  Runtime      # DAGs    # Errors  Last Runtime    Last Run               Last # of DB Queries
--------------------------------------  -----  ---------  --------  ----------  --------------  -------------------  ----------------------
/opt/airflow/dags/dbt_mart_pipeline.py    303  0.00s             1           0  0.13s           2026-06-02T13:02:16                      10
================================================================================
[2026-06-02T20:03:16.868+0700] {manager.py:997} INFO - 
================================================================================
DAG File Processing Stats

File Path                                 PID  Runtime      # DAGs    # Errors  Last Runtime    Last Run               Last # of DB Queries
--------------------------------------  -----  ---------  --------  ----------  --------------  -------------------  ----------------------
/opt/airflow/dags/dbt_mart_pipeline.py    308  0.01s             1           0  0.13s           2026-06-02T13:02:46                      10
================================================================================
[2026-06-02T20:03:47.291+0700] {manager.py:997} INFO - 
================================================================================
DAG File Processing Stats

File Path                                 PID  Runtime      # DAGs    # Errors  Last Runtime    Last Run               Last # of DB Queries
--------------------------------------  -----  ---------  --------  ----------  --------------  -------------------  ----------------------
/opt/airflow/dags/dbt_mart_pipeline.py    313  0.01s             1           0  0.14s           2026-06-02T13:03:16                      10
================================================================================
[2026-06-02T20:04:17.745+0700] {manager.py:997} INFO - 
================================================================================
DAG File Processing Stats

File Path                                 PID  Runtime      # DAGs    # Errors  Last Runtime    Last Run               Last # of DB Queries
--------------------------------------  -----  ---------  --------  ----------  --------------  -------------------  ----------------------
/opt/airflow/dags/dbt_mart_pipeline.py    318  0.01s             1           0  0.16s           2026-06-02T13:03:47                      10
================================================================================
[2026-06-02T20:04:48.293+0700] {manager.py:997} INFO - 
================================================================================
DAG File Processing Stats

File Path                                 PID  Runtime      # DAGs    # Errors  Last Runtime    Last Run               Last # of DB Queries
--------------------------------------  -----  ---------  --------  ----------  --------------  -------------------  ----------------------
/opt/airflow/dags/dbt_mart_pipeline.py    323  0.01s             1           0  0.14s           2026-06-02T13:04:17                      10
================================================================================
[2026-06-02T20:05:18.776+0700] {manager.py:997} INFO - 
================================================================================
DAG File Processing Stats

File Path                                 PID  Runtime      # DAGs    # Errors  Last Runtime    Last Run               Last # of DB Queries
--------------------------------------  -----  ---------  --------  ----------  --------------  -------------------  ----------------------
/opt/airflow/dags/dbt_mart_pipeline.py    328  0.00s             1           0  0.15s           2026-06-02T13:04:48                      10
================================================================================
[2026-06-02T20:05:49.312+0700] {manager.py:997} INFO - 
================================================================================
DAG File Processing Stats

File Path                                 PID  Runtime      # DAGs    # Errors  Last Runtime    Last Run               Last # of DB Queries
--------------------------------------  -----  ---------  --------  ----------  --------------  -------------------  ----------------------
/opt/airflow/dags/dbt_mart_pipeline.py    333  0.01s             1           0  0.14s           2026-06-02T13:05:18                      10
================================================================================
[2026-06-02T20:06:11.567+0700] {manager.py:821} INFO - Searching for files in /opt/airflow/dags
[2026-06-02T20:06:11.584+0700] {manager.py:824} INFO - There are 1 files in /opt/airflow/dags
[2026-06-02T20:06:19.701+0700] {manager.py:997} INFO - 
================================================================================
DAG File Processing Stats

File Path                                 PID  Runtime      # DAGs    # Errors  Last Runtime    Last Run               Last # of DB Queries
--------------------------------------  -----  ---------  --------  ----------  --------------  -------------------  ----------------------
/opt/airflow/dags/dbt_mart_pipeline.py    338  0.00s             1           0  0.19s           2026-06-02T13:05:49                      10
================================================================================
[2026-06-02T20:06:50.302+0700] {manager.py:997} INFO - 
================================================================================
DAG File Processing Stats

File Path                                 PID  Runtime      # DAGs    # Errors  Last Runtime    Last Run               Last # of DB Queries
--------------------------------------  -----  ---------  --------  ----------  --------------  -------------------  ----------------------
/opt/airflow/dags/dbt_mart_pipeline.py    343  0.01s             1           0  0.15s           2026-06-02T13:06:19                      10
================================================================================
[2026-06-02T20:07:20.663+0700] {manager.py:997} INFO - 
================================================================================
DAG File Processing Stats

File Path                                 PID  Runtime      # DAGs    # Errors  Last Runtime    Last Run               Last # of DB Queries
--------------------------------------  -----  ---------  --------  ----------  --------------  -------------------  ----------------------
/opt/airflow/dags/dbt_mart_pipeline.py    348  0.00s             1           0  0.16s           2026-06-02T13:06:50                      10
================================================================================
[2026-06-02T20:07:51.212+0700] {manager.py:997} INFO - 
================================================================================
DAG File Processing Stats

File Path                                 PID  Runtime      # DAGs    # Errors  Last Runtime    Last Run               Last # of DB Queries
--------------------------------------  -----  ---------  --------  ----------  --------------  -------------------  ----------------------
/opt/airflow/dags/dbt_mart_pipeline.py    353  0.00s             1           0  0.15s           2026-06-02T13:07:20                      10
================================================================================
[2026-06-02T20:08:21.656+0700] {manager.py:997} INFO - 
================================================================================
DAG File Processing Stats

File Path                                 PID  Runtime      # DAGs    # Errors  Last Runtime    Last Run               Last # of DB Queries
--------------------------------------  -----  ---------  --------  ----------  --------------  -------------------  ----------------------
/opt/airflow/dags/dbt_mart_pipeline.py    358  0.00s             1           0  0.14s           2026-06-02T13:07:51                      10
================================================================================
[2026-06-02T20:08:52.047+0700] {manager.py:997} INFO - 
================================================================================
DAG File Processing Stats

File Path                                 PID  Runtime      # DAGs    # Errors  Last Runtime    Last Run               Last # of DB Queries
--------------------------------------  -----  ---------  --------  ----------  --------------  -------------------  ----------------------
/opt/airflow/dags/dbt_mart_pipeline.py    363  0.00s             1           0  0.13s           2026-06-02T13:08:21                      10
================================================================================
[2026-06-02T20:09:22.426+0700] {manager.py:997} INFO - 
================================================================================
DAG File Processing Stats

File Path                                 PID  Runtime      # DAGs    # Errors  Last Runtime    Last Run               Last # of DB Queries
--------------------------------------  -----  ---------  --------  ----------  --------------  -------------------  ----------------------
/opt/airflow/dags/dbt_mart_pipeline.py    368  0.01s             1           0  0.14s           2026-06-02T13:08:52                      10
================================================================================
[2026-06-02T20:09:52.922+0700] {manager.py:997} INFO - 
================================================================================
DAG File Processing Stats

File Path                                 PID  Runtime      # DAGs    # Errors  Last Runtime    Last Run               Last # of DB Queries
--------------------------------------  -----  ---------  --------  ----------  --------------  -------------------  ----------------------
/opt/airflow/dags/dbt_mart_pipeline.py    373  0.00s             1           0  0.14s           2026-06-02T13:09:22                      10
================================================================================
[2026-06-02T20:10:23.377+0700] {manager.py:997} INFO - 
================================================================================
DAG File Processing Stats

File Path                                 PID  Runtime      # DAGs    # Errors  Last Runtime    Last Run               Last # of DB Queries
--------------------------------------  -----  ---------  --------  ----------  --------------  -------------------  ----------------------
/opt/airflow/dags/dbt_mart_pipeline.py    378  0.01s             1           0  0.14s           2026-06-02T13:09:53                      10
================================================================================
[2026-06-02T20:10:53.915+0700] {manager.py:997} INFO - 
================================================================================
DAG File Processing Stats

File Path                                 PID  Runtime      # DAGs    # Errors  Last Runtime    Last Run               Last # of DB Queries
--------------------------------------  -----  ---------  --------  ----------  --------------  -------------------  ----------------------
/opt/airflow/dags/dbt_mart_pipeline.py    383  0.01s             1           0  0.14s           2026-06-02T13:10:23                      10
================================================================================
[2026-06-02T20:11:12.194+0700] {manager.py:821} INFO - Searching for files in /opt/airflow/dags
[2026-06-02T20:11:12.230+0700] {manager.py:824} INFO - There are 1 files in /opt/airflow/dags
[2026-06-02T20:11:24.430+0700] {manager.py:997} INFO - 
================================================================================
DAG File Processing Stats

File Path                                 PID  Runtime      # DAGs    # Errors  Last Runtime    Last Run               Last # of DB Queries
--------------------------------------  -----  ---------  --------  ----------  --------------  -------------------  ----------------------
/opt/airflow/dags/dbt_mart_pipeline.py    388  0.00s             1           0  0.17s           2026-06-02T13:10:54                      10
================================================================================
[2026-06-02T20:11:54.977+0700] {manager.py:997} INFO - 
================================================================================
DAG File Processing Stats

File Path                                 PID  Runtime      # DAGs    # Errors  Last Runtime    Last Run               Last # of DB Queries
--------------------------------------  -----  ---------  --------  ----------  --------------  -------------------  ----------------------
/opt/airflow/dags/dbt_mart_pipeline.py    393  0.01s             1           0  0.16s           2026-06-02T13:11:24                      10
================================================================================
[2026-06-02T20:12:25.488+0700] {manager.py:997} INFO - 
================================================================================
DAG File Processing Stats

File Path                                 PID  Runtime      # DAGs    # Errors  Last Runtime    Last Run               Last # of DB Queries
--------------------------------------  -----  ---------  --------  ----------  --------------  -------------------  ----------------------
/opt/airflow/dags/dbt_mart_pipeline.py    398  0.01s             1           0  0.16s           2026-06-02T13:11:55                      10
================================================================================
[2026-06-02T20:12:55.924+0700] {manager.py:997} INFO - 
================================================================================
DAG File Processing Stats

File Path                                 PID  Runtime      # DAGs    # Errors  Last Runtime    Last Run               Last # of DB Queries
--------------------------------------  -----  ---------  --------  ----------  --------------  -------------------  ----------------------
/opt/airflow/dags/dbt_mart_pipeline.py    403  0.00s             1           0  0.16s           2026-06-02T13:12:25                      10
================================================================================
[2026-06-02T20:13:26.359+0700] {manager.py:997} INFO - 
================================================================================
DAG File Processing Stats

File Path                                 PID  Runtime      # DAGs    # Errors  Last Runtime    Last Run               Last # of DB Queries
--------------------------------------  -----  ---------  --------  ----------  --------------  -------------------  ----------------------
/opt/airflow/dags/dbt_mart_pipeline.py    408  0.00s             1           0  0.14s           2026-06-02T13:12:56                      10
================================================================================
[2026-06-02T20:13:56.865+0700] {manager.py:997} INFO - 
================================================================================
DAG File Processing Stats

File Path                                 PID  Runtime      # DAGs    # Errors  Last Runtime    Last Run               Last # of DB Queries
--------------------------------------  -----  ---------  --------  ----------  --------------  -------------------  ----------------------
/opt/airflow/dags/dbt_mart_pipeline.py    413  0.00s             1           0  0.14s           2026-06-02T13:13:26                      10
================================================================================
[2026-06-02T20:14:27.353+0700] {manager.py:997} INFO - 
================================================================================
DAG File Processing Stats

File Path                                 PID  Runtime      # DAGs    # Errors  Last Runtime    Last Run               Last # of DB Queries
--------------------------------------  -----  ---------  --------  ----------  --------------  -------------------  ----------------------
/opt/airflow/dags/dbt_mart_pipeline.py    418  0.00s             1           0  0.13s           2026-06-02T13:13:56                      10
================================================================================
[2026-06-02T20:14:57.908+0700] {manager.py:997} INFO - 
================================================================================
DAG File Processing Stats

File Path                                 PID  Runtime      # DAGs    # Errors  Last Runtime    Last Run               Last # of DB Queries
--------------------------------------  -----  ---------  --------  ----------  --------------  -------------------  ----------------------
/opt/airflow/dags/dbt_mart_pipeline.py    423  0.01s             1           0  0.13s           2026-06-02T13:14:27                      10
================================================================================
[2026-06-02T20:15:28.441+0700] {manager.py:997} INFO - 
================================================================================
DAG File Processing Stats

File Path                                 PID  Runtime      # DAGs    # Errors  Last Runtime    Last Run               Last # of DB Queries
--------------------------------------  -----  ---------  --------  ----------  --------------  -------------------  ----------------------
/opt/airflow/dags/dbt_mart_pipeline.py    428  0.01s             1           0  0.14s           2026-06-02T13:14:58                      10
================================================================================
[2026-06-02T20:15:59.047+0700] {manager.py:997} INFO - 
================================================================================
DAG File Processing Stats

File Path                                 PID  Runtime      # DAGs    # Errors  Last Runtime    Last Run               Last # of DB Queries
--------------------------------------  -----  ---------  --------  ----------  --------------  -------------------  ----------------------
/opt/airflow/dags/dbt_mart_pipeline.py    433  0.01s             1           0  0.14s           2026-06-02T13:15:28                      10
================================================================================
[2026-06-02T20:16:12.255+0700] {manager.py:821} INFO - Searching for files in /opt/airflow/dags
[2026-06-02T20:16:12.302+0700] {manager.py:824} INFO - There are 1 files in /opt/airflow/dags
[2026-06-02T20:16:29.536+0700] {manager.py:997} INFO - 
================================================================================
DAG File Processing Stats

File Path                                 PID  Runtime      # DAGs    # Errors  Last Runtime    Last Run               Last # of DB Queries
--------------------------------------  -----  ---------  --------  ----------  --------------  -------------------  ----------------------
/opt/airflow/dags/dbt_mart_pipeline.py    438  0.01s             1           0  0.14s           2026-06-02T13:15:59                      10
================================================================================
[2026-06-02T20:16:59.956+0700] {manager.py:997} INFO - 
================================================================================
DAG File Processing Stats

File Path                                 PID  Runtime      # DAGs    # Errors  Last Runtime    Last Run               Last # of DB Queries
--------------------------------------  -----  ---------  --------  ----------  --------------  -------------------  ----------------------
/opt/airflow/dags/dbt_mart_pipeline.py    443  0.00s             1           0  0.14s           2026-06-02T13:16:29                      10
================================================================================
[2026-06-02T20:17:30.461+0700] {manager.py:997} INFO - 
================================================================================
DAG File Processing Stats

File Path                                 PID  Runtime      # DAGs    # Errors  Last Runtime    Last Run               Last # of DB Queries
--------------------------------------  -----  ---------  --------  ----------  --------------  -------------------  ----------------------
/opt/airflow/dags/dbt_mart_pipeline.py    448  0.00s             1           0  0.30s           2026-06-02T13:17:00                      10
================================================================================
[2026-06-02T20:18:00.973+0700] {manager.py:997} INFO - 
================================================================================
DAG File Processing Stats

File Path                                 PID  Runtime      # DAGs    # Errors  Last Runtime    Last Run               Last # of DB Queries
--------------------------------------  -----  ---------  --------  ----------  --------------  -------------------  ----------------------
/opt/airflow/dags/dbt_mart_pipeline.py    453  0.01s             1           0  0.13s           2026-06-02T13:17:30                      10
================================================================================
[2026-06-02T20:18:31.481+0700] {manager.py:997} INFO - 
================================================================================
DAG File Processing Stats

File Path                                 PID  Runtime      # DAGs    # Errors  Last Runtime    Last Run               Last # of DB Queries
--------------------------------------  -----  ---------  --------  ----------  --------------  -------------------  ----------------------
/opt/airflow/dags/dbt_mart_pipeline.py    458  0.00s             1           0  0.14s           2026-06-02T13:18:01                      10
================================================================================
[2026-06-02T20:19:01.943+0700] {manager.py:997} INFO - 
================================================================================
DAG File Processing Stats

File Path                                 PID  Runtime      # DAGs    # Errors  Last Runtime    Last Run               Last # of DB Queries
--------------------------------------  -----  ---------  --------  ----------  --------------  -------------------  ----------------------
/opt/airflow/dags/dbt_mart_pipeline.py    463  0.00s             1           0  0.13s           2026-06-02T13:18:31                      10
================================================================================
[2026-06-02T20:19:32.290+0700] {manager.py:997} INFO - 
================================================================================
DAG File Processing Stats

File Path                                 PID  Runtime      # DAGs    # Errors  Last Runtime    Last Run               Last # of DB Queries
--------------------------------------  -----  ---------  --------  ----------  --------------  -------------------  ----------------------
/opt/airflow/dags/dbt_mart_pipeline.py    468  0.01s             1           0  0.14s           2026-06-02T13:19:02                      10
================================================================================
[2026-06-02T20:20:02.791+0700] {manager.py:997} INFO - 
================================================================================
DAG File Processing Stats

File Path                                 PID  Runtime      # DAGs    # Errors  Last Runtime    Last Run               Last # of DB Queries
--------------------------------------  -----  ---------  --------  ----------  --------------  -------------------  ----------------------
/opt/airflow/dags/dbt_mart_pipeline.py    473  0.01s             1           0  0.15s           2026-06-02T13:19:32                      10
================================================================================
[2026-06-02T20:20:33.275+0700] {manager.py:997} INFO - 
================================================================================
DAG File Processing Stats

File Path                                 PID  Runtime      # DAGs    # Errors  Last Runtime    Last Run               Last # of DB Queries
--------------------------------------  -----  ---------  --------  ----------  --------------  -------------------  ----------------------
/opt/airflow/dags/dbt_mart_pipeline.py    478  0.00s             1           0  0.14s           2026-06-02T13:20:02                      10
================================================================================
[2026-06-02T20:21:03.650+0700] {manager.py:997} INFO - 
================================================================================
DAG File Processing Stats

File Path                                 PID  Runtime      # DAGs    # Errors  Last Runtime    Last Run               Last # of DB Queries
--------------------------------------  -----  ---------  --------  ----------  --------------  -------------------  ----------------------
/opt/airflow/dags/dbt_mart_pipeline.py    483  0.01s             1           0  0.14s           2026-06-02T13:20:33                      10
================================================================================
[2026-06-02T20:21:12.866+0700] {manager.py:821} INFO - Searching for files in /opt/airflow/dags
[2026-06-02T20:21:12.893+0700] {manager.py:824} INFO - There are 1 files in /opt/airflow/dags
[2026-06-02T20:21:34.270+0700] {manager.py:997} INFO - 
================================================================================
DAG File Processing Stats

File Path                                 PID  Runtime      # DAGs    # Errors  Last Runtime    Last Run               Last # of DB Queries
--------------------------------------  -----  ---------  --------  ----------  --------------  -------------------  ----------------------
/opt/airflow/dags/dbt_mart_pipeline.py    488  0.01s             1           0  0.16s           2026-06-02T13:21:03                      10
================================================================================
[2026-06-02T20:22:04.742+0700] {manager.py:997} INFO - 
================================================================================
DAG File Processing Stats

File Path                                 PID  Runtime      # DAGs    # Errors  Last Runtime    Last Run               Last # of DB Queries
--------------------------------------  -----  ---------  --------  ----------  --------------  -------------------  ----------------------
/opt/airflow/dags/dbt_mart_pipeline.py    493  0.00s             1           0  0.16s           2026-06-02T13:21:34                      10
================================================================================
[2026-06-02T20:22:35.185+0700] {manager.py:997} INFO - 
================================================================================
DAG File Processing Stats

File Path                                 PID  Runtime      # DAGs    # Errors  Last Runtime    Last Run               Last # of DB Queries
--------------------------------------  -----  ---------  --------  ----------  --------------  -------------------  ----------------------
/opt/airflow/dags/dbt_mart_pipeline.py    498  0.01s             1           0  0.13s           2026-06-02T13:22:04                      10
================================================================================
[2026-06-02T20:23:05.585+0700] {manager.py:997} INFO - 
================================================================================
DAG File Processing Stats

File Path                                 PID  Runtime      # DAGs    # Errors  Last Runtime    Last Run               Last # of DB Queries
--------------------------------------  -----  ---------  --------  ----------  --------------  -------------------  ----------------------
/opt/airflow/dags/dbt_mart_pipeline.py    503  0.01s             1           0  0.14s           2026-06-02T13:22:35                      10
================================================================================
[2026-06-02T20:23:36.029+0700] {manager.py:997} INFO - 
================================================================================
DAG File Processing Stats

File Path                                 PID  Runtime      # DAGs    # Errors  Last Runtime    Last Run               Last # of DB Queries
--------------------------------------  -----  ---------  --------  ----------  --------------  -------------------  ----------------------
/opt/airflow/dags/dbt_mart_pipeline.py    508  0.00s             1           0  0.15s           2026-06-02T13:23:05                      10
================================================================================
[2026-06-02T20:24:06.441+0700] {manager.py:997} INFO - 
================================================================================
DAG File Processing Stats

File Path                                 PID  Runtime      # DAGs    # Errors  Last Runtime    Last Run               Last # of DB Queries
--------------------------------------  -----  ---------  --------  ----------  --------------  -------------------  ----------------------
/opt/airflow/dags/dbt_mart_pipeline.py    513  0.00s             1           0  0.16s           2026-06-02T13:23:36                      10
================================================================================
[2026-06-02T20:24:36.935+0700] {manager.py:997} INFO - 
================================================================================
DAG File Processing Stats

File Path                                 PID  Runtime      # DAGs    # Errors  Last Runtime    Last Run               Last # of DB Queries
--------------------------------------  -----  ---------  --------  ----------  --------------  -------------------  ----------------------
/opt/airflow/dags/dbt_mart_pipeline.py    518  0.00s             1           0  0.14s           2026-06-02T13:24:06                      10
================================================================================
[2026-06-02T20:25:07.362+0700] {manager.py:997} INFO - 
================================================================================
DAG File Processing Stats

File Path                                 PID  Runtime      # DAGs    # Errors  Last Runtime    Last Run               Last # of DB Queries
--------------------------------------  -----  ---------  --------  ----------  --------------  -------------------  ----------------------
/opt/airflow/dags/dbt_mart_pipeline.py    523  0.01s             1           0  0.14s           2026-06-02T13:24:37                      10
================================================================================
[2026-06-02T20:25:37.686+0700] {manager.py:997} INFO - 
================================================================================
DAG File Processing Stats

File Path                                 PID  Runtime      # DAGs    # Errors  Last Runtime    Last Run               Last # of DB Queries
--------------------------------------  -----  ---------  --------  ----------  --------------  -------------------  ----------------------
/opt/airflow/dags/dbt_mart_pipeline.py    528  0.01s             1           0  0.14s           2026-06-02T13:25:07                      10
================================================================================
[2026-06-02T20:26:08.334+0700] {manager.py:997} INFO - 
================================================================================
DAG File Processing Stats

File Path                                 PID  Runtime      # DAGs    # Errors  Last Runtime    Last Run               Last # of DB Queries
--------------------------------------  -----  ---------  --------  ----------  --------------  -------------------  ----------------------
/opt/airflow/dags/dbt_mart_pipeline.py    533  0.01s             1           0  0.17s           2026-06-02T13:25:37                      10
================================================================================
[2026-06-02T20:26:13.407+0700] {manager.py:821} INFO - Searching for files in /opt/airflow/dags
[2026-06-02T20:26:13.454+0700] {manager.py:824} INFO - There are 1 files in /opt/airflow/dags
[2026-06-02T20:26:38.758+0700] {manager.py:997} INFO - 
================================================================================
DAG File Processing Stats

File Path                                 PID  Runtime      # DAGs    # Errors  Last Runtime    Last Run               Last # of DB Queries
--------------------------------------  -----  ---------  --------  ----------  --------------  -------------------  ----------------------
/opt/airflow/dags/dbt_mart_pipeline.py    538  0.01s             1           0  0.14s           2026-06-02T13:26:08                      10
================================================================================
[2026-06-02T20:27:09.168+0700] {manager.py:997} INFO - 
================================================================================
DAG File Processing Stats

File Path                                 PID  Runtime      # DAGs    # Errors  Last Runtime    Last Run               Last # of DB Queries
--------------------------------------  -----  ---------  --------  ----------  --------------  -------------------  ----------------------
/opt/airflow/dags/dbt_mart_pipeline.py    543  0.00s             1           0  0.14s           2026-06-02T13:26:38                      10
================================================================================
[2026-06-02T20:27:39.653+0700] {manager.py:997} INFO - 
================================================================================
DAG File Processing Stats

File Path                                 PID  Runtime      # DAGs    # Errors  Last Runtime    Last Run               Last # of DB Queries
--------------------------------------  -----  ---------  --------  ----------  --------------  -------------------  ----------------------
/opt/airflow/dags/dbt_mart_pipeline.py    548  0.01s             1           0  0.15s           2026-06-02T13:27:09                      10
================================================================================
[2026-06-02T20:28:10.037+0700] {manager.py:997} INFO - 
================================================================================
DAG File Processing Stats

File Path                                 PID  Runtime      # DAGs    # Errors  Last Runtime    Last Run               Last # of DB Queries
--------------------------------------  -----  ---------  --------  ----------  --------------  -------------------  ----------------------
/opt/airflow/dags/dbt_mart_pipeline.py    553  0.01s             1           0  0.15s           2026-06-02T13:27:39                      10
================================================================================
[2026-06-02T20:28:40.631+0700] {manager.py:997} INFO - 
================================================================================
DAG File Processing Stats

File Path                                 PID  Runtime      # DAGs    # Errors  Last Runtime    Last Run               Last # of DB Queries
--------------------------------------  -----  ---------  --------  ----------  --------------  -------------------  ----------------------
/opt/airflow/dags/dbt_mart_pipeline.py    558  0.00s             1           0  0.23s           2026-06-02T13:28:10                      10
================================================================================
[2026-06-02T20:29:11.025+0700] {manager.py:997} INFO - 
================================================================================
DAG File Processing Stats

File Path                                 PID  Runtime      # DAGs    # Errors  Last Runtime    Last Run               Last # of DB Queries
--------------------------------------  -----  ---------  --------  ----------  --------------  -------------------  ----------------------
/opt/airflow/dags/dbt_mart_pipeline.py    563  0.01s             1           0  0.25s           2026-06-02T13:28:40                      10
================================================================================
[2026-06-02T20:29:41.463+0700] {manager.py:997} INFO - 
================================================================================
DAG File Processing Stats

File Path                                 PID  Runtime      # DAGs    # Errors  Last Runtime    Last Run               Last # of DB Queries
--------------------------------------  -----  ---------  --------  ----------  --------------  -------------------  ----------------------
/opt/airflow/dags/dbt_mart_pipeline.py    568  0.00s             1           0  0.15s           2026-06-02T13:29:11                      10
================================================================================
[2026-06-02T20:30:11.923+0700] {manager.py:997} INFO - 
================================================================================
DAG File Processing Stats

File Path                                 PID  Runtime      # DAGs    # Errors  Last Runtime    Last Run               Last # of DB Queries
--------------------------------------  -----  ---------  --------  ----------  --------------  -------------------  ----------------------
/opt/airflow/dags/dbt_mart_pipeline.py    573  0.01s             1           0  0.21s           2026-06-02T13:29:41                      10
================================================================================
[2026-06-02T20:30:42.522+0700] {manager.py:997} INFO - 
================================================================================
DAG File Processing Stats

File Path                                 PID  Runtime      # DAGs    # Errors  Last Runtime    Last Run               Last # of DB Queries
--------------------------------------  -----  ---------  --------  ----------  --------------  -------------------  ----------------------
/opt/airflow/dags/dbt_mart_pipeline.py    578  0.01s             1           0  0.20s           2026-06-02T13:30:12                      10
================================================================================
[2026-06-02T20:31:12.891+0700] {manager.py:997} INFO - 
================================================================================
DAG File Processing Stats

File Path                                 PID  Runtime      # DAGs    # Errors  Last Runtime    Last Run               Last # of DB Queries
--------------------------------------  -----  ---------  --------  ----------  --------------  -------------------  ----------------------
/opt/airflow/dags/dbt_mart_pipeline.py    583  0.00s             1           0  0.19s           2026-06-02T13:30:42                      10
================================================================================
[2026-06-02T20:31:13.893+0700] {manager.py:821} INFO - Searching for files in /opt/airflow/dags
[2026-06-02T20:31:13.910+0700] {manager.py:824} INFO - There are 1 files in /opt/airflow/dags
[2026-06-02T20:31:43.317+0700] {manager.py:997} INFO - 
================================================================================
DAG File Processing Stats

File Path                                 PID  Runtime      # DAGs    # Errors  Last Runtime    Last Run               Last # of DB Queries
--------------------------------------  -----  ---------  --------  ----------  --------------  -------------------  ----------------------
/opt/airflow/dags/dbt_mart_pipeline.py    588  0.01s             1           0  0.15s           2026-06-02T13:31:13                      10
================================================================================
[2026-06-02T20:32:13.862+0700] {manager.py:997} INFO - 
================================================================================
DAG File Processing Stats

File Path                                 PID  Runtime      # DAGs    # Errors  Last Runtime    Last Run               Last # of DB Queries
--------------------------------------  -----  ---------  --------  ----------  --------------  -------------------  ----------------------
/opt/airflow/dags/dbt_mart_pipeline.py    593  0.00s             1           0  0.14s           2026-06-02T13:31:43                      10
================================================================================
[2026-06-02T20:32:44.315+0700] {manager.py:997} INFO - 
================================================================================
DAG File Processing Stats

File Path                                 PID  Runtime      # DAGs    # Errors  Last Runtime    Last Run               Last # of DB Queries
--------------------------------------  -----  ---------  --------  ----------  --------------  -------------------  ----------------------
/opt/airflow/dags/dbt_mart_pipeline.py    598  0.01s             1           0  0.16s           2026-06-02T13:32:14                      10
================================================================================
[2026-06-02T20:33:14.758+0700] {manager.py:997} INFO - 
================================================================================
DAG File Processing Stats

File Path                                 PID  Runtime      # DAGs    # Errors  Last Runtime    Last Run               Last # of DB Queries
--------------------------------------  -----  ---------  --------  ----------  --------------  -------------------  ----------------------
/opt/airflow/dags/dbt_mart_pipeline.py    603  0.00s             1           0  0.13s           2026-06-02T13:32:44                      10
================================================================================
[2026-06-02T20:33:45.115+0700] {manager.py:997} INFO - 
================================================================================
DAG File Processing Stats

File Path                                 PID  Runtime      # DAGs    # Errors  Last Runtime    Last Run               Last # of DB Queries
--------------------------------------  -----  ---------  --------  ----------  --------------  -------------------  ----------------------
/opt/airflow/dags/dbt_mart_pipeline.py    608  0.01s             1           0  0.15s           2026-06-02T13:33:14                      10
================================================================================
[2026-06-02T20:34:15.704+0700] {manager.py:997} INFO - 
================================================================================
DAG File Processing Stats

File Path                                 PID  Runtime      # DAGs    # Errors  Last Runtime    Last Run               Last # of DB Queries
--------------------------------------  -----  ---------  --------  ----------  --------------  -------------------  ----------------------
/opt/airflow/dags/dbt_mart_pipeline.py    613  0.01s             1           0  0.14s           2026-06-02T13:33:45                      10
================================================================================
[2026-06-02T20:34:46.233+0700] {manager.py:997} INFO - 
================================================================================
DAG File Processing Stats

File Path                                 PID  Runtime      # DAGs    # Errors  Last Runtime    Last Run               Last # of DB Queries
--------------------------------------  -----  ---------  --------  ----------  --------------  -------------------  ----------------------
/opt/airflow/dags/dbt_mart_pipeline.py    618  0.01s             1           0  0.16s           2026-06-02T13:34:15                      10
================================================================================
[2026-06-02T20:35:16.718+0700] {manager.py:997} INFO - 
================================================================================
DAG File Processing Stats

File Path                                 PID  Runtime      # DAGs    # Errors  Last Runtime    Last Run               Last # of DB Queries
--------------------------------------  -----  ---------  --------  ----------  --------------  -------------------  ----------------------
/opt/airflow/dags/dbt_mart_pipeline.py    623  0.00s             1           0  0.14s           2026-06-02T13:34:46                      10
================================================================================
[2026-06-02T20:35:47.033+0700] {manager.py:997} INFO - 
================================================================================
DAG File Processing Stats

File Path                                 PID  Runtime      # DAGs    # Errors  Last Runtime    Last Run               Last # of DB Queries
--------------------------------------  -----  ---------  --------  ----------  --------------  -------------------  ----------------------
/opt/airflow/dags/dbt_mart_pipeline.py    628  0.00s             1           0  0.24s           2026-06-02T13:35:16                      10
================================================================================
[2026-06-02T20:36:14.407+0700] {manager.py:821} INFO - Searching for files in /opt/airflow/dags
[2026-06-02T20:36:14.450+0700] {manager.py:824} INFO - There are 1 files in /opt/airflow/dags
[2026-06-02T20:36:17.510+0700] {manager.py:997} INFO - 
================================================================================
DAG File Processing Stats

File Path                                 PID  Runtime      # DAGs    # Errors  Last Runtime    Last Run               Last # of DB Queries
--------------------------------------  -----  ---------  --------  ----------  --------------  -------------------  ----------------------
/opt/airflow/dags/dbt_mart_pipeline.py    633  0.01s             1           0  0.14s           2026-06-02T13:35:47                      10
================================================================================
[2026-06-02T20:36:47.905+0700] {manager.py:997} INFO - 
================================================================================
DAG File Processing Stats

File Path                                 PID  Runtime      # DAGs    # Errors  Last Runtime    Last Run               Last # of DB Queries
--------------------------------------  -----  ---------  --------  ----------  --------------  -------------------  ----------------------
/opt/airflow/dags/dbt_mart_pipeline.py    638  0.01s             1           0  0.15s           2026-06-02T13:36:17                      10
================================================================================
[2026-06-02T20:37:18.314+0700] {manager.py:997} INFO - 
================================================================================
DAG File Processing Stats

File Path                                 PID  Runtime      # DAGs    # Errors  Last Runtime    Last Run               Last # of DB Queries
--------------------------------------  -----  ---------  --------  ----------  --------------  -------------------  ----------------------
/opt/airflow/dags/dbt_mart_pipeline.py    643  0.01s             1           0  0.15s           2026-06-02T13:36:48                      10
================================================================================
[2026-06-02T20:37:48.660+0700] {manager.py:997} INFO - 
================================================================================
DAG File Processing Stats

File Path                                 PID  Runtime      # DAGs    # Errors  Last Runtime    Last Run               Last # of DB Queries
--------------------------------------  -----  ---------  --------  ----------  --------------  -------------------  ----------------------
/opt/airflow/dags/dbt_mart_pipeline.py    648  0.01s             1           0  0.15s           2026-06-02T13:37:18                      10
================================================================================
[2026-06-02T20:38:19.260+0700] {manager.py:997} INFO - 
================================================================================
DAG File Processing Stats

File Path                                 PID  Runtime      # DAGs    # Errors  Last Runtime    Last Run               Last # of DB Queries
--------------------------------------  -----  ---------  --------  ----------  --------------  -------------------  ----------------------
/opt/airflow/dags/dbt_mart_pipeline.py    653  0.01s             1           0  0.16s           2026-06-02T13:37:48                      10
================================================================================
[2026-06-02T20:38:49.595+0700] {manager.py:997} INFO - 
================================================================================
DAG File Processing Stats

File Path                                 PID  Runtime      # DAGs    # Errors  Last Runtime    Last Run               Last # of DB Queries
--------------------------------------  -----  ---------  --------  ----------  --------------  -------------------  ----------------------
/opt/airflow/dags/dbt_mart_pipeline.py    658  0.01s             1           0  0.16s           2026-06-02T13:38:19                      10
================================================================================
[2026-06-02T20:39:20.156+0700] {manager.py:997} INFO - 
================================================================================
DAG File Processing Stats

File Path                                 PID  Runtime      # DAGs    # Errors  Last Runtime    Last Run               Last # of DB Queries
--------------------------------------  -----  ---------  --------  ----------  --------------  -------------------  ----------------------
/opt/airflow/dags/dbt_mart_pipeline.py    663  0.01s             1           0  0.21s           2026-06-02T13:38:49                      10
================================================================================
[2026-06-02T20:39:50.672+0700] {manager.py:997} INFO - 
================================================================================
DAG File Processing Stats

File Path                                 PID  Runtime      # DAGs    # Errors  Last Runtime    Last Run               Last # of DB Queries
--------------------------------------  -----  ---------  --------  ----------  --------------  -------------------  ----------------------
/opt/airflow/dags/dbt_mart_pipeline.py    668  0.01s             1           0  0.15s           2026-06-02T13:39:20                      10
================================================================================
[2026-06-02T20:40:21.174+0700] {manager.py:997} INFO - 
================================================================================
DAG File Processing Stats

File Path                                 PID  Runtime      # DAGs    # Errors  Last Runtime    Last Run               Last # of DB Queries
--------------------------------------  -----  ---------  --------  ----------  --------------  -------------------  ----------------------
/opt/airflow/dags/dbt_mart_pipeline.py    673  0.01s             1           0  0.15s           2026-06-02T13:39:50                      10
================================================================================
[2026-06-02T20:40:51.729+0700] {manager.py:997} INFO - 
================================================================================
DAG File Processing Stats

File Path                                 PID  Runtime      # DAGs    # Errors  Last Runtime    Last Run               Last # of DB Queries
--------------------------------------  -----  ---------  --------  ----------  --------------  -------------------  ----------------------
/opt/airflow/dags/dbt_mart_pipeline.py    678  0.01s             1           0  0.14s           2026-06-02T13:40:21                      10
================================================================================
[2026-06-02T20:41:15.088+0700] {manager.py:821} INFO - Searching for files in /opt/airflow/dags
[2026-06-02T20:41:15.132+0700] {manager.py:824} INFO - There are 1 files in /opt/airflow/dags
[2026-06-02T20:41:22.268+0700] {manager.py:997} INFO - 
================================================================================
DAG File Processing Stats

File Path                                 PID  Runtime      # DAGs    # Errors  Last Runtime    Last Run               Last # of DB Queries
--------------------------------------  -----  ---------  --------  ----------  --------------  -------------------  ----------------------
/opt/airflow/dags/dbt_mart_pipeline.py    683  0.01s             1           0  0.16s           2026-06-02T13:40:51                      10
================================================================================
[2026-06-02T20:41:52.602+0700] {manager.py:997} INFO - 
================================================================================
DAG File Processing Stats

File Path                                 PID  Runtime      # DAGs    # Errors  Last Runtime    Last Run               Last # of DB Queries
--------------------------------------  -----  ---------  --------  ----------  --------------  -------------------  ----------------------
/opt/airflow/dags/dbt_mart_pipeline.py    688  0.01s             1           0  0.15s           2026-06-02T13:41:22                      10
================================================================================
[2026-06-02T20:42:23.167+0700] {manager.py:997} INFO - 
================================================================================
DAG File Processing Stats

File Path                                 PID  Runtime      # DAGs    # Errors  Last Runtime    Last Run               Last # of DB Queries
--------------------------------------  -----  ---------  --------  ----------  --------------  -------------------  ----------------------
/opt/airflow/dags/dbt_mart_pipeline.py    693  0.01s             1           0  0.19s           2026-06-02T13:41:52                      10
================================================================================
[2026-06-02T20:42:53.636+0700] {manager.py:997} INFO - 
================================================================================
DAG File Processing Stats

File Path                                 PID  Runtime      # DAGs    # Errors  Last Runtime    Last Run               Last # of DB Queries
--------------------------------------  -----  ---------  --------  ----------  --------------  -------------------  ----------------------
/opt/airflow/dags/dbt_mart_pipeline.py    698  0.01s             1           0  0.16s           2026-06-02T13:42:23                      10
================================================================================
[2026-06-02T20:43:24.017+0700] {manager.py:997} INFO - 
================================================================================
DAG File Processing Stats

File Path                                 PID  Runtime      # DAGs    # Errors  Last Runtime    Last Run               Last # of DB Queries
--------------------------------------  -----  ---------  --------  ----------  --------------  -------------------  ----------------------
/opt/airflow/dags/dbt_mart_pipeline.py    703  0.01s             1           0  0.16s           2026-06-02T13:42:53                      10
================================================================================
[2026-06-02T20:43:54.583+0700] {manager.py:997} INFO - 
================================================================================
DAG File Processing Stats

File Path                                 PID  Runtime      # DAGs    # Errors  Last Runtime    Last Run               Last # of DB Queries
--------------------------------------  -----  ---------  --------  ----------  --------------  -------------------  ----------------------
/opt/airflow/dags/dbt_mart_pipeline.py    708  0.01s             1           0  0.17s           2026-06-02T13:43:24                      10
================================================================================
[2026-06-02T20:44:25.048+0700] {manager.py:997} INFO - 
================================================================================
DAG File Processing Stats

File Path                                 PID  Runtime      # DAGs    # Errors  Last Runtime    Last Run               Last # of DB Queries
--------------------------------------  -----  ---------  --------  ----------  --------------  -------------------  ----------------------
/opt/airflow/dags/dbt_mart_pipeline.py    713  0.01s             1           0  0.14s           2026-06-02T13:43:54                      10
================================================================================
[2026-06-02T20:44:55.560+0700] {manager.py:997} INFO - 
================================================================================
DAG File Processing Stats

File Path                                 PID  Runtime      # DAGs    # Errors  Last Runtime    Last Run               Last # of DB Queries
--------------------------------------  -----  ---------  --------  ----------  --------------  -------------------  ----------------------
/opt/airflow/dags/dbt_mart_pipeline.py    718  0.01s             1           0  0.16s           2026-06-02T13:44:25                      10
================================================================================
[2026-06-02T20:45:25.888+0700] {manager.py:997} INFO - 
================================================================================
DAG File Processing Stats

File Path                                 PID  Runtime      # DAGs    # Errors  Last Runtime    Last Run               Last # of DB Queries
--------------------------------------  -----  ---------  --------  ----------  --------------  -------------------  ----------------------
/opt/airflow/dags/dbt_mart_pipeline.py    723  0.01s             1           0  0.16s           2026-06-02T13:44:55                      10
================================================================================
[2026-06-02T20:45:56.380+0700] {manager.py:997} INFO - 
================================================================================
DAG File Processing Stats

File Path                                 PID  Runtime      # DAGs    # Errors  Last Runtime    Last Run               Last # of DB Queries
--------------------------------------  -----  ---------  --------  ----------  --------------  -------------------  ----------------------
/opt/airflow/dags/dbt_mart_pipeline.py    728  0.01s             1           0  0.14s           2026-06-02T13:45:26                      10
================================================================================
[2026-06-02T20:46:15.513+0700] {manager.py:821} INFO - Searching for files in /opt/airflow/dags
[2026-06-02T20:46:15.539+0700] {manager.py:824} INFO - There are 1 files in /opt/airflow/dags
[2026-06-02T20:46:26.716+0700] {manager.py:997} INFO - 
================================================================================
DAG File Processing Stats

File Path                                 PID  Runtime      # DAGs    # Errors  Last Runtime    Last Run               Last # of DB Queries
--------------------------------------  -----  ---------  --------  ----------  --------------  -------------------  ----------------------
/opt/airflow/dags/dbt_mart_pipeline.py    733  0.00s             1           0  0.14s           2026-06-02T13:45:56                      10
================================================================================
[2026-06-02T20:46:57.285+0700] {manager.py:997} INFO - 
================================================================================
DAG File Processing Stats

File Path                                 PID  Runtime      # DAGs    # Errors  Last Runtime    Last Run               Last # of DB Queries
--------------------------------------  -----  ---------  --------  ----------  --------------  -------------------  ----------------------
/opt/airflow/dags/dbt_mart_pipeline.py    738  0.01s             1           0  0.15s           2026-06-02T13:46:26                      10
================================================================================
[2026-06-02T20:47:27.623+0700] {manager.py:997} INFO - 
================================================================================
DAG File Processing Stats

File Path                                 PID  Runtime      # DAGs    # Errors  Last Runtime    Last Run               Last # of DB Queries
--------------------------------------  -----  ---------  --------  ----------  --------------  -------------------  ----------------------
/opt/airflow/dags/dbt_mart_pipeline.py    743  0.00s             1           0  0.14s           2026-06-02T13:46:57                      10
================================================================================
[2026-06-02T20:47:58.134+0700] {manager.py:997} INFO - 
================================================================================
DAG File Processing Stats

File Path                                 PID  Runtime      # DAGs    # Errors  Last Runtime    Last Run               Last # of DB Queries
--------------------------------------  -----  ---------  --------  ----------  --------------  -------------------  ----------------------
/opt/airflow/dags/dbt_mart_pipeline.py    748  0.01s             1           0  0.15s           2026-06-02T13:47:27                      10
================================================================================
[2026-06-02T20:48:28.494+0700] {manager.py:997} INFO - 
================================================================================
DAG File Processing Stats

File Path                                 PID  Runtime      # DAGs    # Errors  Last Runtime    Last Run               Last # of DB Queries
--------------------------------------  -----  ---------  --------  ----------  --------------  -------------------  ----------------------
/opt/airflow/dags/dbt_mart_pipeline.py    753  0.01s             1           0  0.15s           2026-06-02T13:47:58                      10
================================================================================
[2026-06-02T20:48:59.042+0700] {manager.py:997} INFO - 
================================================================================
DAG File Processing Stats

File Path                                 PID  Runtime      # DAGs    # Errors  Last Runtime    Last Run               Last # of DB Queries
--------------------------------------  -----  ---------  --------  ----------  --------------  -------------------  ----------------------
/opt/airflow/dags/dbt_mart_pipeline.py    758  0.00s             1           0  0.15s           2026-06-02T13:48:28                      10
================================================================================
[2026-06-02T20:49:29.448+0700] {manager.py:997} INFO - 
================================================================================
DAG File Processing Stats

File Path                                 PID  Runtime      # DAGs    # Errors  Last Runtime    Last Run               Last # of DB Queries
--------------------------------------  -----  ---------  --------  ----------  --------------  -------------------  ----------------------
/opt/airflow/dags/dbt_mart_pipeline.py    763  0.00s             1           0  0.14s           2026-06-02T13:48:59                      10
================================================================================
[2026-06-02T20:50:00.028+0700] {manager.py:997} INFO - 
================================================================================
DAG File Processing Stats

File Path                                 PID  Runtime      # DAGs    # Errors  Last Runtime    Last Run               Last # of DB Queries
--------------------------------------  -----  ---------  --------  ----------  --------------  -------------------  ----------------------
/opt/airflow/dags/dbt_mart_pipeline.py    768  0.01s             1           0  0.15s           2026-06-02T13:49:29                      10
================================================================================
[2026-06-02T20:50:30.422+0700] {manager.py:997} INFO - 
================================================================================
DAG File Processing Stats

File Path                                 PID  Runtime      # DAGs    # Errors  Last Runtime    Last Run               Last # of DB Queries
--------------------------------------  -----  ---------  --------  ----------  --------------  -------------------  ----------------------
/opt/airflow/dags/dbt_mart_pipeline.py    773  0.01s             1           0  0.15s           2026-06-02T13:50:00                      10
================================================================================
[2026-06-02T20:51:00.858+0700] {manager.py:997} INFO - 
================================================================================
DAG File Processing Stats

File Path                                 PID  Runtime      # DAGs    # Errors  Last Runtime    Last Run               Last # of DB Queries
--------------------------------------  -----  ---------  --------  ----------  --------------  -------------------  ----------------------
/opt/airflow/dags/dbt_mart_pipeline.py    778  0.00s             1           0  0.13s           2026-06-02T13:50:30                      10
================================================================================
[2026-06-02T20:51:16.105+0700] {manager.py:821} INFO - Searching for files in /opt/airflow/dags
[2026-06-02T20:51:16.134+0700] {manager.py:824} INFO - There are 1 files in /opt/airflow/dags
[2026-06-02T20:51:31.380+0700] {manager.py:997} INFO - 
================================================================================
DAG File Processing Stats

File Path                                 PID  Runtime      # DAGs    # Errors  Last Runtime    Last Run               Last # of DB Queries
--------------------------------------  -----  ---------  --------  ----------  --------------  -------------------  ----------------------
/opt/airflow/dags/dbt_mart_pipeline.py    783  0.01s             1           0  0.15s           2026-06-02T13:51:00                      10
================================================================================
[2026-06-02T20:52:01.806+0700] {manager.py:997} INFO - 
================================================================================
DAG File Processing Stats

File Path                                 PID  Runtime      # DAGs    # Errors  Last Runtime    Last Run               Last # of DB Queries
--------------------------------------  -----  ---------  --------  ----------  --------------  -------------------  ----------------------
/opt/airflow/dags/dbt_mart_pipeline.py    788  0.01s             1           0  0.18s           2026-06-02T13:51:31                      10
================================================================================
[2026-06-02T20:52:32.291+0700] {manager.py:997} INFO - 
================================================================================
DAG File Processing Stats

File Path                                 PID  Runtime      # DAGs    # Errors  Last Runtime    Last Run               Last # of DB Queries
--------------------------------------  -----  ---------  --------  ----------  --------------  -------------------  ----------------------
/opt/airflow/dags/dbt_mart_pipeline.py    793  0.00s             1           0  0.15s           2026-06-02T13:52:01                      10
================================================================================
[2026-06-02T20:53:02.689+0700] {manager.py:997} INFO - 
================================================================================
DAG File Processing Stats

File Path                                 PID  Runtime      # DAGs    # Errors  Last Runtime    Last Run               Last # of DB Queries
--------------------------------------  -----  ---------  --------  ----------  --------------  -------------------  ----------------------
/opt/airflow/dags/dbt_mart_pipeline.py    798  0.00s             1           0  0.14s           2026-06-02T13:52:32                      10
================================================================================
[2026-06-02T20:53:33.088+0700] {manager.py:997} INFO - 
================================================================================
DAG File Processing Stats

File Path                                 PID  Runtime      # DAGs    # Errors  Last Runtime    Last Run               Last # of DB Queries
--------------------------------------  -----  ---------  --------  ----------  --------------  -------------------  ----------------------
/opt/airflow/dags/dbt_mart_pipeline.py    803  0.00s             1           0  0.13s           2026-06-02T13:53:02                      10
================================================================================
[2026-06-02T20:54:03.410+0700] {manager.py:997} INFO - 
================================================================================
DAG File Processing Stats

File Path                               PID    Runtime      # DAGs    # Errors  Last Runtime    Last Run               Last # of DB Queries
--------------------------------------  -----  ---------  --------  ----------  --------------  -------------------  ----------------------
/opt/airflow/dags/dbt_mart_pipeline.py                           1           0  0.49s           2026-06-02T13:53:33                      10
================================================================================
[2026-06-02T20:54:33.458+0700] {manager.py:997} INFO - 
================================================================================
DAG File Processing Stats

File Path                               PID    Runtime      # DAGs    # Errors  Last Runtime    Last Run               Last # of DB Queries
--------------------------------------  -----  ---------  --------  ----------  --------------  -------------------  ----------------------
/opt/airflow/dags/dbt_mart_pipeline.py                           1           0  0.17s           2026-06-02T13:54:04                      10
================================================================================
[2026-06-02T20:55:03.829+0700] {manager.py:997} INFO - 
================================================================================
DAG File Processing Stats

File Path                               PID    Runtime      # DAGs    # Errors  Last Runtime    Last Run               Last # of DB Queries
--------------------------------------  -----  ---------  --------  ----------  --------------  -------------------  ----------------------
/opt/airflow/dags/dbt_mart_pipeline.py                           1           0  0.15s           2026-06-02T13:54:34                      10
================================================================================
[2026-06-02T20:55:34.218+0700] {manager.py:997} INFO - 
================================================================================
DAG File Processing Stats

File Path                               PID    Runtime      # DAGs    # Errors  Last Runtime    Last Run               Last # of DB Queries
--------------------------------------  -----  ---------  --------  ----------  --------------  -------------------  ----------------------
/opt/airflow/dags/dbt_mart_pipeline.py                           1           0  0.16s           2026-06-02T13:55:05                      10
================================================================================
[2026-06-02T20:56:04.700+0700] {manager.py:997} INFO - 
================================================================================
DAG File Processing Stats

File Path                               PID    Runtime      # DAGs    # Errors  Last Runtime    Last Run               Last # of DB Queries
--------------------------------------  -----  ---------  --------  ----------  --------------  -------------------  ----------------------
/opt/airflow/dags/dbt_mart_pipeline.py                           1           0  0.13s           2026-06-02T13:55:35                      10
================================================================================
[2026-06-02T20:56:16.256+0700] {manager.py:821} INFO - Searching for files in /opt/airflow/dags
[2026-06-02T20:56:16.280+0700] {manager.py:824} INFO - There are 1 files in /opt/airflow/dags
[2026-06-02T20:56:35.136+0700] {manager.py:997} INFO - 
================================================================================
DAG File Processing Stats

File Path                               PID    Runtime      # DAGs    # Errors  Last Runtime    Last Run               Last # of DB Queries
--------------------------------------  -----  ---------  --------  ----------  --------------  -------------------  ----------------------
/opt/airflow/dags/dbt_mart_pipeline.py                           1           0  0.41s           2026-06-02T13:56:06                      10
================================================================================
[2026-06-02T20:57:05.546+0700] {manager.py:997} INFO - 
================================================================================
DAG File Processing Stats

File Path                               PID    Runtime      # DAGs    # Errors  Last Runtime    Last Run               Last # of DB Queries
--------------------------------------  -----  ---------  --------  ----------  --------------  -------------------  ----------------------
/opt/airflow/dags/dbt_mart_pipeline.py                           1           0  0.14s           2026-06-02T13:56:36                      10
================================================================================
[2026-06-02T20:57:35.895+0700] {manager.py:997} INFO - 
================================================================================
DAG File Processing Stats

File Path                               PID    Runtime      # DAGs    # Errors  Last Runtime    Last Run               Last # of DB Queries
--------------------------------------  -----  ---------  --------  ----------  --------------  -------------------  ----------------------
/opt/airflow/dags/dbt_mart_pipeline.py                           1           0  0.15s           2026-06-02T13:57:06                      10
================================================================================
[2026-06-02T20:58:06.367+0700] {manager.py:997} INFO - 
================================================================================
DAG File Processing Stats

File Path                               PID    Runtime      # DAGs    # Errors  Last Runtime    Last Run               Last # of DB Queries
--------------------------------------  -----  ---------  --------  ----------  --------------  -------------------  ----------------------
/opt/airflow/dags/dbt_mart_pipeline.py                           1           0  0.14s           2026-06-02T13:57:37                      10
================================================================================
[2026-06-02T20:58:36.771+0700] {manager.py:997} INFO - 
================================================================================
DAG File Processing Stats

File Path                               PID    Runtime      # DAGs    # Errors  Last Runtime    Last Run               Last # of DB Queries
--------------------------------------  -----  ---------  --------  ----------  --------------  -------------------  ----------------------
/opt/airflow/dags/dbt_mart_pipeline.py                           1           0  0.13s           2026-06-02T13:58:07                      10
================================================================================
[2026-06-02T20:59:07.171+0700] {manager.py:997} INFO - 
================================================================================
DAG File Processing Stats

File Path                               PID    Runtime      # DAGs    # Errors  Last Runtime    Last Run               Last # of DB Queries
--------------------------------------  -----  ---------  --------  ----------  --------------  -------------------  ----------------------
/opt/airflow/dags/dbt_mart_pipeline.py                           1           0  0.25s           2026-06-02T13:58:38                      10
================================================================================
[2026-06-02T20:59:37.610+0700] {manager.py:997} INFO - 
================================================================================
DAG File Processing Stats

File Path                               PID    Runtime      # DAGs    # Errors  Last Runtime    Last Run               Last # of DB Queries
--------------------------------------  -----  ---------  --------  ----------  --------------  -------------------  ----------------------
/opt/airflow/dags/dbt_mart_pipeline.py                           1           0  0.14s           2026-06-02T13:59:08                      10
================================================================================
[2026-06-02T21:00:08.133+0700] {manager.py:997} INFO - 
================================================================================
DAG File Processing Stats

File Path                               PID    Runtime      # DAGs    # Errors  Last Runtime    Last Run               Last # of DB Queries
--------------------------------------  -----  ---------  --------  ----------  --------------  -------------------  ----------------------
/opt/airflow/dags/dbt_mart_pipeline.py                           1           0  0.15s           2026-06-02T13:59:38                      10
================================================================================
[2026-06-02T21:00:38.672+0700] {manager.py:997} INFO - 
================================================================================
DAG File Processing Stats

File Path                               PID    Runtime      # DAGs    # Errors  Last Runtime    Last Run               Last # of DB Queries
--------------------------------------  -----  ---------  --------  ----------  --------------  -------------------  ----------------------
/opt/airflow/dags/dbt_mart_pipeline.py                           1           0  0.20s           2026-06-02T14:00:09                      10
================================================================================
[2026-06-02T21:01:09.075+0700] {manager.py:997} INFO - 
================================================================================
DAG File Processing Stats

File Path                               PID    Runtime      # DAGs    # Errors  Last Runtime    Last Run               Last # of DB Queries
--------------------------------------  -----  ---------  --------  ----------  --------------  -------------------  ----------------------
/opt/airflow/dags/dbt_mart_pipeline.py                           1           0  0.15s           2026-06-02T14:00:39                      10
================================================================================
[2026-06-02T21:01:16.269+0700] {manager.py:821} INFO - Searching for files in /opt/airflow/dags
[2026-06-02T21:01:16.293+0700] {manager.py:824} INFO - There are 1 files in /opt/airflow/dags
[2026-06-02T21:01:39.416+0700] {manager.py:997} INFO - 
================================================================================
DAG File Processing Stats

File Path                               PID    Runtime      # DAGs    # Errors  Last Runtime    Last Run               Last # of DB Queries
--------------------------------------  -----  ---------  --------  ----------  --------------  -------------------  ----------------------
/opt/airflow/dags/dbt_mart_pipeline.py                           1           0  0.14s           2026-06-02T14:01:10                      10
================================================================================
[2026-06-02T21:02:09.976+0700] {manager.py:997} INFO - 
================================================================================
DAG File Processing Stats

File Path                               PID    Runtime      # DAGs    # Errors  Last Runtime    Last Run               Last # of DB Queries
--------------------------------------  -----  ---------  --------  ----------  --------------  -------------------  ----------------------
/opt/airflow/dags/dbt_mart_pipeline.py                           1           0  0.16s           2026-06-02T14:01:40                      10
================================================================================
[2026-06-02T21:02:40.372+0700] {manager.py:997} INFO - 
================================================================================
DAG File Processing Stats

File Path                               PID    Runtime      # DAGs    # Errors  Last Runtime    Last Run               Last # of DB Queries
--------------------------------------  -----  ---------  --------  ----------  --------------  -------------------  ----------------------
/opt/airflow/dags/dbt_mart_pipeline.py                           1           0  0.21s           2026-06-02T14:02:11                      10
================================================================================
[2026-06-02T21:03:10.725+0700] {manager.py:997} INFO - 
================================================================================
DAG File Processing Stats

File Path                               PID    Runtime      # DAGs    # Errors  Last Runtime    Last Run               Last # of DB Queries
--------------------------------------  -----  ---------  --------  ----------  --------------  -------------------  ----------------------
/opt/airflow/dags/dbt_mart_pipeline.py                           1           0  0.13s           2026-06-02T14:02:41                      10
================================================================================
[2026-06-02T21:03:41.115+0700] {manager.py:997} INFO - 
================================================================================
DAG File Processing Stats

File Path                               PID    Runtime      # DAGs    # Errors  Last Runtime    Last Run               Last # of DB Queries
--------------------------------------  -----  ---------  --------  ----------  --------------  -------------------  ----------------------
/opt/airflow/dags/dbt_mart_pipeline.py                           1           0  0.16s           2026-06-02T14:03:11                      10
================================================================================
[2026-06-02T21:04:11.560+0700] {manager.py:997} INFO - 
================================================================================
DAG File Processing Stats

File Path                               PID    Runtime      # DAGs    # Errors  Last Runtime    Last Run               Last # of DB Queries
--------------------------------------  -----  ---------  --------  ----------  --------------  -------------------  ----------------------
/opt/airflow/dags/dbt_mart_pipeline.py                           1           0  0.14s           2026-06-02T14:03:42                      10
================================================================================
[2026-06-02T21:04:42.183+0700] {manager.py:997} INFO - 
================================================================================
DAG File Processing Stats

File Path                               PID    Runtime      # DAGs    # Errors  Last Runtime    Last Run               Last # of DB Queries
--------------------------------------  -----  ---------  --------  ----------  --------------  -------------------  ----------------------
/opt/airflow/dags/dbt_mart_pipeline.py                           1           0  0.15s           2026-06-02T14:04:12                      10
================================================================================
[2026-06-02T21:05:12.679+0700] {manager.py:997} INFO - 
================================================================================
DAG File Processing Stats

File Path                               PID    Runtime      # DAGs    # Errors  Last Runtime    Last Run               Last # of DB Queries
--------------------------------------  -----  ---------  --------  ----------  --------------  -------------------  ----------------------
/opt/airflow/dags/dbt_mart_pipeline.py                           1           0  0.13s           2026-06-02T14:04:43                      10
================================================================================
[2026-06-02T21:05:43.047+0700] {manager.py:997} INFO - 
================================================================================
DAG File Processing Stats

File Path                               PID    Runtime      # DAGs    # Errors  Last Runtime    Last Run               Last # of DB Queries
--------------------------------------  -----  ---------  --------  ----------  --------------  -------------------  ----------------------
/opt/airflow/dags/dbt_mart_pipeline.py                           1           0  0.15s           2026-06-02T14:05:13                      10
================================================================================
[2026-06-02T21:06:13.533+0700] {manager.py:997} INFO - 
================================================================================
DAG File Processing Stats

File Path                               PID    Runtime      # DAGs    # Errors  Last Runtime    Last Run               Last # of DB Queries
--------------------------------------  -----  ---------  --------  ----------  --------------  -------------------  ----------------------
/opt/airflow/dags/dbt_mart_pipeline.py                           1           0  0.19s           2026-06-02T14:05:44                      10
================================================================================
[2026-06-02T21:06:16.620+0700] {manager.py:821} INFO - Searching for files in /opt/airflow/dags
[2026-06-02T21:06:16.659+0700] {manager.py:824} INFO - There are 2 files in /opt/airflow/dags
[2026-06-02T21:06:44.174+0700] {manager.py:997} INFO - 
================================================================================
DAG File Processing Stats

File Path                                  PID    Runtime      # DAGs    # Errors  Last Runtime    Last Run               Last # of DB Queries
-----------------------------------------  -----  ---------  --------  ----------  --------------  -------------------  ----------------------
/opt/airflow/dags/dbt_staging_pipeline.py                           1           0  1.36s           2026-06-02T14:06:18                      43
/opt/airflow/dags/dbt_mart_pipeline.py                              1           0  0.14s           2026-06-02T14:06:14                      10
================================================================================
[2026-06-02T21:07:14.692+0700] {manager.py:997} INFO - 
================================================================================
DAG File Processing Stats

File Path                                  PID    Runtime      # DAGs    # Errors  Last Runtime    Last Run               Last # of DB Queries
-----------------------------------------  -----  ---------  --------  ----------  --------------  -------------------  ----------------------
/opt/airflow/dags/dbt_mart_pipeline.py                              1           0  0.18s           2026-06-02T14:06:45                      10
/opt/airflow/dags/dbt_staging_pipeline.py                           1           0  0.16s           2026-06-02T14:06:48                      10
================================================================================
[2026-06-02T21:07:45.376+0700] {manager.py:997} INFO - 
================================================================================
DAG File Processing Stats

File Path                                  PID    Runtime      # DAGs    # Errors  Last Runtime    Last Run               Last # of DB Queries
-----------------------------------------  -----  ---------  --------  ----------  --------------  -------------------  ----------------------
/opt/airflow/dags/dbt_mart_pipeline.py                              1           0  0.16s           2026-06-02T14:07:15                      10
/opt/airflow/dags/dbt_staging_pipeline.py                           1           0  0.13s           2026-06-02T14:07:19                      10
================================================================================
[2026-06-02T21:08:15.879+0700] {manager.py:997} INFO - 
================================================================================
DAG File Processing Stats

File Path                                  PID    Runtime      # DAGs    # Errors  Last Runtime    Last Run               Last # of DB Queries
-----------------------------------------  -----  ---------  --------  ----------  --------------  -------------------  ----------------------
/opt/airflow/dags/dbt_mart_pipeline.py                              1           0  0.13s           2026-06-02T14:07:46                      10
/opt/airflow/dags/dbt_staging_pipeline.py                           1           0  0.12s           2026-06-02T14:07:49                      10
================================================================================
[2026-06-02T21:08:46.517+0700] {manager.py:997} INFO - 
================================================================================
DAG File Processing Stats

File Path                                  PID    Runtime      # DAGs    # Errors  Last Runtime    Last Run               Last # of DB Queries
-----------------------------------------  -----  ---------  --------  ----------  --------------  -------------------  ----------------------
/opt/airflow/dags/dbt_mart_pipeline.py                              1           0  0.18s           2026-06-02T14:08:17                      10
/opt/airflow/dags/dbt_staging_pipeline.py                           1           0  0.18s           2026-06-02T14:08:20                      10
================================================================================
[2026-06-02T21:09:17.183+0700] {manager.py:997} INFO - 
================================================================================
DAG File Processing Stats

File Path                                  PID    Runtime      # DAGs    # Errors  Last Runtime    Last Run               Last # of DB Queries
-----------------------------------------  -----  ---------  --------  ----------  --------------  -------------------  ----------------------
/opt/airflow/dags/dbt_staging_pipeline.py                           1           0  0.14s           2026-06-02T14:08:50                      10
/opt/airflow/dags/dbt_mart_pipeline.py                              1           0  0.13s           2026-06-02T14:08:47                      10
================================================================================
[2026-06-02T21:09:47.683+0700] {manager.py:997} INFO - 
================================================================================
DAG File Processing Stats

File Path                                  PID    Runtime      # DAGs    # Errors  Last Runtime    Last Run               Last # of DB Queries
-----------------------------------------  -----  ---------  --------  ----------  --------------  -------------------  ----------------------
/opt/airflow/dags/dbt_staging_pipeline.py                           1           0  0.15s           2026-06-02T14:09:21                      10
/opt/airflow/dags/dbt_mart_pipeline.py                              1           0  0.14s           2026-06-02T14:09:18                      10
================================================================================
[2026-06-02T21:10:18.376+0700] {manager.py:997} INFO - 
================================================================================
DAG File Processing Stats

File Path                                  PID    Runtime      # DAGs    # Errors  Last Runtime    Last Run               Last # of DB Queries
-----------------------------------------  -----  ---------  --------  ----------  --------------  -------------------  ----------------------
/opt/airflow/dags/dbt_mart_pipeline.py                              1           0  0.21s           2026-06-02T14:09:48                      10
/opt/airflow/dags/dbt_staging_pipeline.py                           1           0  0.14s           2026-06-02T14:09:51                      10
================================================================================
[2026-06-02T21:10:49.043+0700] {manager.py:997} INFO - 
================================================================================
DAG File Processing Stats

File Path                                  PID    Runtime      # DAGs    # Errors  Last Runtime    Last Run               Last # of DB Queries
-----------------------------------------  -----  ---------  --------  ----------  --------------  -------------------  ----------------------
/opt/airflow/dags/dbt_mart_pipeline.py                              1           0  0.13s           2026-06-02T14:10:19                      10
/opt/airflow/dags/dbt_staging_pipeline.py                           1           0  0.13s           2026-06-02T14:10:22                      10
================================================================================
[2026-06-02T21:11:16.717+0700] {manager.py:821} INFO - Searching for files in /opt/airflow/dags
[2026-06-02T21:11:16.762+0700] {manager.py:824} INFO - There are 2 files in /opt/airflow/dags
[2026-06-02T21:11:19.813+0700] {manager.py:997} INFO - 
================================================================================
DAG File Processing Stats

File Path                                  PID    Runtime      # DAGs    # Errors  Last Runtime    Last Run               Last # of DB Queries
-----------------------------------------  -----  ---------  --------  ----------  --------------  -------------------  ----------------------
/opt/airflow/dags/dbt_mart_pipeline.py                              1           0  0.15s           2026-06-02T14:10:50                      10
/opt/airflow/dags/dbt_staging_pipeline.py                           1           0  0.14s           2026-06-02T14:10:53                      10
================================================================================
[2026-06-02T21:11:50.603+0700] {manager.py:997} INFO - 
================================================================================
DAG File Processing Stats

File Path                                  PID    Runtime      # DAGs    # Errors  Last Runtime    Last Run               Last # of DB Queries
-----------------------------------------  -----  ---------  --------  ----------  --------------  -------------------  ----------------------
/opt/airflow/dags/dbt_staging_pipeline.py                           1           0  0.22s           2026-06-02T14:11:24                      10
/opt/airflow/dags/dbt_mart_pipeline.py                              1           0  0.13s           2026-06-02T14:11:20                      10
================================================================================
[2026-06-02T21:12:21.186+0700] {manager.py:997} INFO - 
================================================================================
DAG File Processing Stats

File Path                                  PID    Runtime      # DAGs    # Errors  Last Runtime    Last Run               Last # of DB Queries
-----------------------------------------  -----  ---------  --------  ----------  --------------  -------------------  ----------------------
/opt/airflow/dags/dbt_mart_pipeline.py                              1           0  0.14s           2026-06-02T14:11:51                      10
/opt/airflow/dags/dbt_staging_pipeline.py                           1           0  0.13s           2026-06-02T14:11:54                      10
================================================================================
[2026-06-02T21:12:51.837+0700] {manager.py:997} INFO - 
================================================================================
DAG File Processing Stats

File Path                                  PID    Runtime      # DAGs    # Errors  Last Runtime    Last Run               Last # of DB Queries
-----------------------------------------  -----  ---------  --------  ----------  --------------  -------------------  ----------------------
/opt/airflow/dags/dbt_mart_pipeline.py                              1           0  0.14s           2026-06-02T14:12:22                      10
/opt/airflow/dags/dbt_staging_pipeline.py                           1           0  0.13s           2026-06-02T14:12:25                      10
================================================================================
[2026-06-02T21:13:22.356+0700] {manager.py:997} INFO - 
================================================================================
DAG File Processing Stats

File Path                                  PID    Runtime      # DAGs    # Errors  Last Runtime    Last Run               Last # of DB Queries
-----------------------------------------  -----  ---------  --------  ----------  --------------  -------------------  ----------------------
/opt/airflow/dags/dbt_mart_pipeline.py                              1           0  0.15s           2026-06-02T14:12:53                      10
/opt/airflow/dags/dbt_staging_pipeline.py                           1           0  0.14s           2026-06-02T14:12:56                      10
================================================================================
[2026-06-02T21:13:52.877+0700] {manager.py:997} INFO - 
================================================================================
DAG File Processing Stats

File Path                                  PID    Runtime      # DAGs    # Errors  Last Runtime    Last Run               Last # of DB Queries
-----------------------------------------  -----  ---------  --------  ----------  --------------  -------------------  ----------------------
/opt/airflow/dags/dbt_mart_pipeline.py                              1           0  0.19s           2026-06-02T14:13:23                      10
/opt/airflow/dags/dbt_staging_pipeline.py                           1           0  0.14s           2026-06-02T14:13:26                      10
================================================================================
[2026-06-02T21:13:53.885+0700] {manager.py:1291} WARNING - Skipping processing of missing file: /opt/airflow/dags/dbt_staging_pipeline.py
[2026-06-02T21:14:23.336+0700] {manager.py:997} INFO - 
================================================================================
DAG File Processing Stats

File Path                               PID    Runtime      # DAGs    # Errors  Last Runtime    Last Run               Last # of DB Queries
--------------------------------------  -----  ---------  --------  ----------  --------------  -------------------  ----------------------
/opt/airflow/dags/dbt_mart_pipeline.py                           1           0  0.16s           2026-06-02T14:13:54                      10
================================================================================
[2026-06-02T21:14:53.664+0700] {manager.py:997} INFO - 
================================================================================
DAG File Processing Stats

File Path                               PID    Runtime      # DAGs    # Errors  Last Runtime    Last Run               Last # of DB Queries
--------------------------------------  -----  ---------  --------  ----------  --------------  -------------------  ----------------------
/opt/airflow/dags/dbt_mart_pipeline.py                           1           0  0.28s           2026-06-02T14:14:24                      10
================================================================================
[2026-06-02T21:15:24.338+0700] {manager.py:997} INFO - 
================================================================================
DAG File Processing Stats

File Path                               PID    Runtime      # DAGs    # Errors  Last Runtime    Last Run               Last # of DB Queries
--------------------------------------  -----  ---------  --------  ----------  --------------  -------------------  ----------------------
/opt/airflow/dags/dbt_mart_pipeline.py                           1           0  0.23s           2026-06-02T14:14:54                      10
================================================================================
[2026-06-02T21:15:54.713+0700] {manager.py:997} INFO - 
================================================================================
DAG File Processing Stats

File Path                               PID    Runtime      # DAGs    # Errors  Last Runtime    Last Run               Last # of DB Queries
--------------------------------------  -----  ---------  --------  ----------  --------------  -------------------  ----------------------
/opt/airflow/dags/dbt_mart_pipeline.py                           1           0  0.15s           2026-06-02T14:15:25                      10
================================================================================
[2026-06-02T21:16:17.052+0700] {manager.py:821} INFO - Searching for files in /opt/airflow/dags
[2026-06-02T21:16:17.097+0700] {manager.py:824} INFO - There are 1 files in /opt/airflow/dags
[2026-06-02T21:16:25.216+0700] {manager.py:997} INFO - 
================================================================================
DAG File Processing Stats

File Path                               PID    Runtime      # DAGs    # Errors  Last Runtime    Last Run               Last # of DB Queries
--------------------------------------  -----  ---------  --------  ----------  --------------  -------------------  ----------------------
/opt/airflow/dags/dbt_mart_pipeline.py                           1           0  0.14s           2026-06-02T14:15:55                      10
================================================================================
[2026-06-02T21:16:55.525+0700] {manager.py:997} INFO - 
================================================================================
DAG File Processing Stats

File Path                               PID    Runtime      # DAGs    # Errors  Last Runtime    Last Run               Last # of DB Queries
--------------------------------------  -----  ---------  --------  ----------  --------------  -------------------  ----------------------
/opt/airflow/dags/dbt_mart_pipeline.py                           1           0  0.15s           2026-06-02T14:16:26                      10
================================================================================
[2026-06-02T21:17:25.929+0700] {manager.py:997} INFO - 
================================================================================
DAG File Processing Stats

File Path                               PID    Runtime      # DAGs    # Errors  Last Runtime    Last Run               Last # of DB Queries
--------------------------------------  -----  ---------  --------  ----------  --------------  -------------------  ----------------------
/opt/airflow/dags/dbt_mart_pipeline.py                           1           0  0.14s           2026-06-02T14:16:56                      10
================================================================================
[2026-06-02T21:17:56.247+0700] {manager.py:997} INFO - 
================================================================================
DAG File Processing Stats

File Path                               PID    Runtime      # DAGs    # Errors  Last Runtime    Last Run               Last # of DB Queries
--------------------------------------  -----  ---------  --------  ----------  --------------  -------------------  ----------------------
/opt/airflow/dags/dbt_mart_pipeline.py                           1           0  0.16s           2026-06-02T14:17:27                      10
================================================================================
[2026-06-02T21:18:26.820+0700] {manager.py:997} INFO - 
================================================================================
DAG File Processing Stats

File Path                               PID    Runtime      # DAGs    # Errors  Last Runtime    Last Run               Last # of DB Queries
--------------------------------------  -----  ---------  --------  ----------  --------------  -------------------  ----------------------
/opt/airflow/dags/dbt_mart_pipeline.py                           1           0  0.23s           2026-06-02T14:17:57                      10
================================================================================
[2026-06-02T21:18:57.173+0700] {manager.py:997} INFO - 
================================================================================
DAG File Processing Stats

File Path                               PID    Runtime      # DAGs    # Errors  Last Runtime    Last Run               Last # of DB Queries
--------------------------------------  -----  ---------  --------  ----------  --------------  -------------------  ----------------------
/opt/airflow/dags/dbt_mart_pipeline.py                           1           0  0.13s           2026-06-02T14:18:27                      10
================================================================================
[2026-06-21T17:05:11.466+0700] {manager.py:483} INFO - Processing files using up to 2 processes at a time 
[2026-06-21T17:05:11.474+0700] {manager.py:484} INFO - Process each file at most once every 30 seconds
[2026-06-21T17:05:11.476+0700] {manager.py:485} INFO - Checking for new files in /opt/airflow/dags every 300 seconds
[2026-06-21T17:05:11.477+0700] {manager.py:821} INFO - Searching for files in /opt/airflow/dags
[2026-06-21T17:05:11.515+0700] {manager.py:824} INFO - There are 1 files in /opt/airflow/dags
[2026-06-21T17:05:11.625+0700] {manager.py:997} INFO - 
================================================================================
DAG File Processing Stats

File Path                                 PID  Runtime      # DAGs    # Errors  Last Runtime    Last Run      Last # of DB Queries
--------------------------------------  -----  ---------  --------  ----------  --------------  ----------  ----------------------
/opt/airflow/dags/dbt_mart_pipeline.py    191  0.03s             0           0                                                   0
================================================================================
[2026-06-21T17:05:41.841+0700] {manager.py:997} INFO - 
================================================================================
DAG File Processing Stats

File Path                               PID    Runtime      # DAGs    # Errors  Last Runtime    Last Run               Last # of DB Queries
--------------------------------------  -----  ---------  --------  ----------  --------------  -------------------  ----------------------
/opt/airflow/dags/dbt_mart_pipeline.py                           1           0  0.55s           2026-06-21T10:05:12                      43
================================================================================
[2026-06-21T17:06:12.672+0700] {manager.py:997} INFO - 
================================================================================
DAG File Processing Stats

File Path                                 PID  Runtime      # DAGs    # Errors  Last Runtime    Last Run               Last # of DB Queries
--------------------------------------  -----  ---------  --------  ----------  --------------  -------------------  ----------------------
/opt/airflow/dags/dbt_mart_pipeline.py    201  0.00s             1           0  0.09s           2026-06-21T10:05:42                      10
================================================================================
[2026-06-21T17:06:43.049+0700] {manager.py:997} INFO - 
================================================================================
DAG File Processing Stats

File Path                                 PID  Runtime      # DAGs    # Errors  Last Runtime    Last Run               Last # of DB Queries
--------------------------------------  -----  ---------  --------  ----------  --------------  -------------------  ----------------------
/opt/airflow/dags/dbt_mart_pipeline.py    206  0.00s             1           0  0.11s           2026-06-21T10:06:12                      10
================================================================================
[2026-06-21T17:07:13.342+0700] {manager.py:997} INFO - 
================================================================================
DAG File Processing Stats

File Path                                 PID  Runtime      # DAGs    # Errors  Last Runtime    Last Run               Last # of DB Queries
--------------------------------------  -----  ---------  --------  ----------  --------------  -------------------  ----------------------
/opt/airflow/dags/dbt_mart_pipeline.py    211  0.00s             1           0  0.10s           2026-06-21T10:06:43                      10
================================================================================
[2026-06-21T17:07:43.669+0700] {manager.py:997} INFO - 
================================================================================
DAG File Processing Stats

File Path                                 PID  Runtime      # DAGs    # Errors  Last Runtime    Last Run               Last # of DB Queries
--------------------------------------  -----  ---------  --------  ----------  --------------  -------------------  ----------------------
/opt/airflow/dags/dbt_mart_pipeline.py    216  0.00s             1           0  0.10s           2026-06-21T10:07:13                      10
================================================================================
[2026-06-21T17:08:14.023+0700] {manager.py:997} INFO - 
================================================================================
DAG File Processing Stats

File Path                                 PID  Runtime      # DAGs    # Errors  Last Runtime    Last Run               Last # of DB Queries
--------------------------------------  -----  ---------  --------  ----------  --------------  -------------------  ----------------------
/opt/airflow/dags/dbt_mart_pipeline.py    221  0.00s             1           0  0.11s           2026-06-21T10:07:43                      10
================================================================================
[2026-06-21T17:08:44.362+0700] {manager.py:997} INFO - 
================================================================================
DAG File Processing Stats

File Path                                 PID  Runtime      # DAGs    # Errors  Last Runtime    Last Run               Last # of DB Queries
--------------------------------------  -----  ---------  --------  ----------  --------------  -------------------  ----------------------
/opt/airflow/dags/dbt_mart_pipeline.py    226  0.00s             1           0  0.09s           2026-06-21T10:08:14                      10
================================================================================
[2026-06-21T17:09:14.668+0700] {manager.py:997} INFO - 
================================================================================
DAG File Processing Stats

File Path                                 PID  Runtime      # DAGs    # Errors  Last Runtime    Last Run               Last # of DB Queries
--------------------------------------  -----  ---------  --------  ----------  --------------  -------------------  ----------------------
/opt/airflow/dags/dbt_mart_pipeline.py    231  0.01s             1           0  0.10s           2026-06-21T10:08:44                      10
================================================================================
[2026-06-21T17:09:45.019+0700] {manager.py:997} INFO - 
================================================================================
DAG File Processing Stats

File Path                                 PID  Runtime      # DAGs    # Errors  Last Runtime    Last Run               Last # of DB Queries
--------------------------------------  -----  ---------  --------  ----------  --------------  -------------------  ----------------------
/opt/airflow/dags/dbt_mart_pipeline.py    236  0.00s             1           0  0.10s           2026-06-21T10:09:14                      10
================================================================================
[2026-06-21T17:10:12.279+0700] {manager.py:821} INFO - Searching for files in /opt/airflow/dags
[2026-06-21T17:10:12.305+0700] {manager.py:824} INFO - There are 1 files in /opt/airflow/dags
[2026-06-21T17:10:15.352+0700] {manager.py:997} INFO - 
================================================================================
DAG File Processing Stats

File Path                                 PID  Runtime      # DAGs    # Errors  Last Runtime    Last Run               Last # of DB Queries
--------------------------------------  -----  ---------  --------  ----------  --------------  -------------------  ----------------------
/opt/airflow/dags/dbt_mart_pipeline.py    241  0.01s             1           0  0.09s           2026-06-21T10:09:45                      10
================================================================================
[2026-06-21T17:10:45.656+0700] {manager.py:997} INFO - 
================================================================================
DAG File Processing Stats

File Path                                 PID  Runtime      # DAGs    # Errors  Last Runtime    Last Run               Last # of DB Queries
--------------------------------------  -----  ---------  --------  ----------  --------------  -------------------  ----------------------
/opt/airflow/dags/dbt_mart_pipeline.py    246  0.01s             1           0  0.12s           2026-06-21T10:10:15                      10
================================================================================
[2026-06-21T17:11:15.994+0700] {manager.py:997} INFO - 
================================================================================
DAG File Processing Stats

File Path                                 PID  Runtime      # DAGs    # Errors  Last Runtime    Last Run               Last # of DB Queries
--------------------------------------  -----  ---------  --------  ----------  --------------  -------------------  ----------------------
/opt/airflow/dags/dbt_mart_pipeline.py    251  0.00s             1           0  0.12s           2026-06-21T10:10:45                      10
================================================================================
[2026-06-21T17:11:46.322+0700] {manager.py:997} INFO - 
================================================================================
DAG File Processing Stats

File Path                                 PID  Runtime      # DAGs    # Errors  Last Runtime    Last Run               Last # of DB Queries
--------------------------------------  -----  ---------  --------  ----------  --------------  -------------------  ----------------------
/opt/airflow/dags/dbt_mart_pipeline.py    256  0.01s             1           0  0.10s           2026-06-21T10:11:16                      10
================================================================================
[2026-06-21T17:12:16.637+0700] {manager.py:997} INFO - 
================================================================================
DAG File Processing Stats

File Path                                 PID  Runtime      # DAGs    # Errors  Last Runtime    Last Run               Last # of DB Queries
--------------------------------------  -----  ---------  --------  ----------  --------------  -------------------  ----------------------
/opt/airflow/dags/dbt_mart_pipeline.py    261  0.01s             1           0  0.11s           2026-06-21T10:11:46                      10
================================================================================
[2026-06-21T17:12:46.987+0700] {manager.py:997} INFO - 
================================================================================
DAG File Processing Stats

File Path                                 PID  Runtime      # DAGs    # Errors  Last Runtime    Last Run               Last # of DB Queries
--------------------------------------  -----  ---------  --------  ----------  --------------  -------------------  ----------------------
/opt/airflow/dags/dbt_mart_pipeline.py    266  0.01s             1           0  0.12s           2026-06-21T10:12:16                      10
================================================================================
[2026-06-21T17:13:02.528+0700] {manager.py:465} INFO - Exiting gracefully upon receiving signal 15
[2026-06-21T18:20:36.131+0700] {manager.py:483} INFO - Processing files using up to 2 processes at a time 
[2026-06-21T18:20:36.133+0700] {manager.py:484} INFO - Process each file at most once every 30 seconds
[2026-06-21T18:20:36.135+0700] {manager.py:485} INFO - Checking for new files in /opt/airflow/dags every 300 seconds
[2026-06-21T18:20:36.137+0700] {manager.py:821} INFO - Searching for files in /opt/airflow/dags
[2026-06-21T18:20:36.201+0700] {manager.py:824} INFO - There are 1 files in /opt/airflow/dags
[2026-06-21T18:20:36.373+0700] {manager.py:997} INFO - 
================================================================================
DAG File Processing Stats

File Path                                 PID  Runtime      # DAGs    # Errors  Last Runtime    Last Run      Last # of DB Queries
--------------------------------------  -----  ---------  --------  ----------  --------------  ----------  ----------------------
/opt/airflow/dags/dbt_mart_pipeline.py    190  0.05s             0           0                                                   0
================================================================================
[2026-06-21T18:21:06.615+0700] {manager.py:997} INFO - 
================================================================================
DAG File Processing Stats

File Path                                 PID  Runtime      # DAGs    # Errors  Last Runtime    Last Run               Last # of DB Queries
--------------------------------------  -----  ---------  --------  ----------  --------------  -------------------  ----------------------
/opt/airflow/dags/dbt_mart_pipeline.py    195  0.01s             1           0  0.27s           2026-06-21T11:20:36                      10
================================================================================
[2026-06-21T18:21:36.922+0700] {manager.py:997} INFO - 
================================================================================
DAG File Processing Stats

File Path                                 PID  Runtime      # DAGs    # Errors  Last Runtime    Last Run               Last # of DB Queries
--------------------------------------  -----  ---------  --------  ----------  --------------  -------------------  ----------------------
/opt/airflow/dags/dbt_mart_pipeline.py    200  0.00s             1           0  0.13s           2026-06-21T11:21:06                      10
================================================================================
[2026-06-21T18:22:07.251+0700] {manager.py:997} INFO - 
================================================================================
DAG File Processing Stats

File Path                                 PID  Runtime      # DAGs    # Errors  Last Runtime    Last Run               Last # of DB Queries
--------------------------------------  -----  ---------  --------  ----------  --------------  -------------------  ----------------------
/opt/airflow/dags/dbt_mart_pipeline.py    205  0.01s             1           0  0.26s           2026-06-21T11:21:37                      10
================================================================================
[2026-06-21T18:22:37.591+0700] {manager.py:997} INFO - 
================================================================================
DAG File Processing Stats

File Path                                 PID  Runtime      # DAGs    # Errors  Last Runtime    Last Run               Last # of DB Queries
--------------------------------------  -----  ---------  --------  ----------  --------------  -------------------  ----------------------
/opt/airflow/dags/dbt_mart_pipeline.py    210  0.01s             1           0  0.11s           2026-06-21T11:22:07                      10
================================================================================
[2026-06-21T18:23:07.951+0700] {manager.py:997} INFO - 
================================================================================
DAG File Processing Stats

File Path                                 PID  Runtime      # DAGs    # Errors  Last Runtime    Last Run               Last # of DB Queries
--------------------------------------  -----  ---------  --------  ----------  --------------  -------------------  ----------------------
/opt/airflow/dags/dbt_mart_pipeline.py    215  0.00s             1           0  0.12s           2026-06-21T11:22:37                      10
================================================================================
[2026-06-21T18:23:38.230+0700] {manager.py:997} INFO - 
================================================================================
DAG File Processing Stats

File Path                                 PID  Runtime      # DAGs    # Errors  Last Runtime    Last Run               Last # of DB Queries
--------------------------------------  -----  ---------  --------  ----------  --------------  -------------------  ----------------------
/opt/airflow/dags/dbt_mart_pipeline.py    271  0.00s             1           0  0.11s           2026-06-21T11:23:08                      10
================================================================================
[2026-06-21T18:24:08.569+0700] {manager.py:997} INFO - 
================================================================================
DAG File Processing Stats

File Path                                 PID  Runtime      # DAGs    # Errors  Last Runtime    Last Run               Last # of DB Queries
--------------------------------------  -----  ---------  --------  ----------  --------------  -------------------  ----------------------
/opt/airflow/dags/dbt_mart_pipeline.py    276  0.00s             1           0  0.11s           2026-06-21T11:23:38                      10
================================================================================
[2026-06-21T18:24:38.887+0700] {manager.py:997} INFO - 
================================================================================
DAG File Processing Stats

File Path                                 PID  Runtime      # DAGs    # Errors  Last Runtime    Last Run               Last # of DB Queries
--------------------------------------  -----  ---------  --------  ----------  --------------  -------------------  ----------------------
/opt/airflow/dags/dbt_mart_pipeline.py    281  0.00s             1           0  0.17s           2026-06-21T11:24:08                      10
================================================================================
[2026-06-21T18:25:09.261+0700] {manager.py:997} INFO - 
================================================================================
DAG File Processing Stats

File Path                                 PID  Runtime      # DAGs    # Errors  Last Runtime    Last Run               Last # of DB Queries
--------------------------------------  -----  ---------  --------  ----------  --------------  -------------------  ----------------------
/opt/airflow/dags/dbt_mart_pipeline.py    286  0.00s             1           0  0.11s           2026-06-21T11:24:38                      10
================================================================================
[2026-06-21T18:25:36.512+0700] {manager.py:821} INFO - Searching for files in /opt/airflow/dags
[2026-06-21T18:25:36.543+0700] {manager.py:824} INFO - There are 1 files in /opt/airflow/dags
[2026-06-21T18:25:39.601+0700] {manager.py:997} INFO - 
================================================================================
DAG File Processing Stats

File Path                                 PID  Runtime      # DAGs    # Errors  Last Runtime    Last Run               Last # of DB Queries
--------------------------------------  -----  ---------  --------  ----------  --------------  -------------------  ----------------------
/opt/airflow/dags/dbt_mart_pipeline.py    291  0.00s             1           0  0.11s           2026-06-21T11:25:09                      10
================================================================================
[2026-06-21T18:26:09.925+0700] {manager.py:997} INFO - 
================================================================================
DAG File Processing Stats

File Path                                 PID  Runtime      # DAGs    # Errors  Last Runtime    Last Run               Last # of DB Queries
--------------------------------------  -----  ---------  --------  ----------  --------------  -------------------  ----------------------
/opt/airflow/dags/dbt_mart_pipeline.py    296  0.01s             1           0  0.11s           2026-06-21T11:25:39                      10
================================================================================
[2026-06-21T18:26:40.318+0700] {manager.py:997} INFO - 
================================================================================
DAG File Processing Stats

File Path                                 PID  Runtime      # DAGs    # Errors  Last Runtime    Last Run               Last # of DB Queries
--------------------------------------  -----  ---------  --------  ----------  --------------  -------------------  ----------------------
/opt/airflow/dags/dbt_mart_pipeline.py    301  0.00s             1           0  0.12s           2026-06-21T11:26:10                      10
================================================================================
[2026-06-21T18:27:10.624+0700] {manager.py:997} INFO - 
================================================================================
DAG File Processing Stats

File Path                                 PID  Runtime      # DAGs    # Errors  Last Runtime    Last Run               Last # of DB Queries
--------------------------------------  -----  ---------  --------  ----------  --------------  -------------------  ----------------------
/opt/airflow/dags/dbt_mart_pipeline.py    306  0.00s             1           0  0.10s           2026-06-21T11:26:40                      10
================================================================================
[2026-06-21T18:27:40.978+0700] {manager.py:997} INFO - 
================================================================================
DAG File Processing Stats

File Path                                 PID  Runtime      # DAGs    # Errors  Last Runtime    Last Run               Last # of DB Queries
--------------------------------------  -----  ---------  --------  ----------  --------------  -------------------  ----------------------
/opt/airflow/dags/dbt_mart_pipeline.py    311  0.00s             1           0  0.13s           2026-06-21T11:27:10                      10
================================================================================
[2026-06-21T18:28:11.273+0700] {manager.py:997} INFO - 
================================================================================
DAG File Processing Stats

File Path                                 PID  Runtime      # DAGs    # Errors  Last Runtime    Last Run               Last # of DB Queries
--------------------------------------  -----  ---------  --------  ----------  --------------  -------------------  ----------------------
/opt/airflow/dags/dbt_mart_pipeline.py    316  0.00s             1           0  0.11s           2026-06-21T11:27:41                      10
================================================================================
[2026-06-21T18:28:41.636+0700] {manager.py:997} INFO - 
================================================================================
DAG File Processing Stats

File Path                                 PID  Runtime      # DAGs    # Errors  Last Runtime    Last Run               Last # of DB Queries
--------------------------------------  -----  ---------  --------  ----------  --------------  -------------------  ----------------------
/opt/airflow/dags/dbt_mart_pipeline.py    321  0.00s             1           0  0.12s           2026-06-21T11:28:11                      10
================================================================================
[2026-06-21T18:29:11.952+0700] {manager.py:997} INFO - 
================================================================================
DAG File Processing Stats

File Path                                 PID  Runtime      # DAGs    # Errors  Last Runtime    Last Run               Last # of DB Queries
--------------------------------------  -----  ---------  --------  ----------  --------------  -------------------  ----------------------
/opt/airflow/dags/dbt_mart_pipeline.py    326  0.01s             1           0  0.09s           2026-06-21T11:28:41                      10
================================================================================
[2026-06-21T18:29:42.329+0700] {manager.py:997} INFO - 
================================================================================
DAG File Processing Stats

File Path                                 PID  Runtime      # DAGs    # Errors  Last Runtime    Last Run               Last # of DB Queries
--------------------------------------  -----  ---------  --------  ----------  --------------  -------------------  ----------------------
/opt/airflow/dags/dbt_mart_pipeline.py    331  0.00s             1           0  0.11s           2026-06-21T11:29:12                      10
================================================================================
[2026-06-21T18:30:12.642+0700] {manager.py:997} INFO - 
================================================================================
DAG File Processing Stats

File Path                                 PID  Runtime      # DAGs    # Errors  Last Runtime    Last Run               Last # of DB Queries
--------------------------------------  -----  ---------  --------  ----------  --------------  -------------------  ----------------------
/opt/airflow/dags/dbt_mart_pipeline.py    336  0.01s             1           0  0.13s           2026-06-21T11:29:42                      10
================================================================================
[2026-06-21T18:30:36.966+0700] {manager.py:821} INFO - Searching for files in /opt/airflow/dags
[2026-06-21T18:30:36.996+0700] {manager.py:824} INFO - There are 1 files in /opt/airflow/dags
[2026-06-21T18:30:43.075+0700] {manager.py:997} INFO - 
================================================================================
DAG File Processing Stats

File Path                                 PID  Runtime      # DAGs    # Errors  Last Runtime    Last Run               Last # of DB Queries
--------------------------------------  -----  ---------  --------  ----------  --------------  -------------------  ----------------------
/opt/airflow/dags/dbt_mart_pipeline.py    341  0.00s             1           0  0.13s           2026-06-21T11:30:12                      10
================================================================================
[2026-06-21T18:31:13.351+0700] {manager.py:997} INFO - 
================================================================================
DAG File Processing Stats

File Path                                 PID  Runtime      # DAGs    # Errors  Last Runtime    Last Run               Last # of DB Queries
--------------------------------------  -----  ---------  --------  ----------  --------------  -------------------  ----------------------
/opt/airflow/dags/dbt_mart_pipeline.py    346  0.00s             1           0  0.10s           2026-06-21T11:30:43                      10
================================================================================
[2026-06-21T18:31:43.741+0700] {manager.py:997} INFO - 
================================================================================
DAG File Processing Stats

File Path                                 PID  Runtime      # DAGs    # Errors  Last Runtime    Last Run               Last # of DB Queries
--------------------------------------  -----  ---------  --------  ----------  --------------  -------------------  ----------------------
/opt/airflow/dags/dbt_mart_pipeline.py    351  0.01s             1           0  0.12s           2026-06-21T11:31:13                      10
================================================================================
[2026-06-21T18:32:14.019+0700] {manager.py:997} INFO - 
================================================================================
DAG File Processing Stats

File Path                                 PID  Runtime      # DAGs    # Errors  Last Runtime    Last Run               Last # of DB Queries
--------------------------------------  -----  ---------  --------  ----------  --------------  -------------------  ----------------------
/opt/airflow/dags/dbt_mart_pipeline.py    356  0.00s             1           0  0.10s           2026-06-21T11:31:43                      10
================================================================================
[2026-06-21T18:32:44.424+0700] {manager.py:997} INFO - 
================================================================================
DAG File Processing Stats

File Path                                 PID  Runtime      # DAGs    # Errors  Last Runtime    Last Run               Last # of DB Queries
--------------------------------------  -----  ---------  --------  ----------  --------------  -------------------  ----------------------
/opt/airflow/dags/dbt_mart_pipeline.py    361  0.00s             1           0  0.12s           2026-06-21T11:32:14                      10
================================================================================
[2026-06-21T18:33:14.766+0700] {manager.py:997} INFO - 
================================================================================
DAG File Processing Stats

File Path                                 PID  Runtime      # DAGs    # Errors  Last Runtime    Last Run               Last # of DB Queries
--------------------------------------  -----  ---------  --------  ----------  --------------  -------------------  ----------------------
/opt/airflow/dags/dbt_mart_pipeline.py    366  0.00s             1           0  0.10s           2026-06-21T11:32:44                      10
================================================================================
