[0m09:00:32.798932 [debug] [MainThread]: Sending event: {'category': 'dbt', 'action': 'invocation', 'label': 'start', 'context': [<snowplow_tracker.self_describing_json.SelfDescribingJson object at 0x7bdc4913b410>, <snowplow_tracker.self_describing_json.SelfDescribingJson object at 0x7bdc49138bd0>, <snowplow_tracker.self_describing_json.SelfDescribingJson object at 0x7bdc4913b1d0>]}


============================== 09:00:32.818950 | 376150c8-b3b5-48fa-ac59-95029447aeef ==============================
[0m09:00:32.818950 [info ] [MainThread]: Running with dbt=1.11.8
[0m09:00:32.823616 [debug] [MainThread]: running dbt with arguments {'send_anonymous_usage_stats': 'True', 'log_cache_events': 'False', 'warn_error': 'None', 'quiet': 'False', 'profiles_dir': '/usr/app', 'target_path': 'None', 'partial_parse': 'True', 'empty': 'None', 'use_experimental_parser': 'False', 'use_colors': 'True', 'cache_selected_only': 'False', 'log_path': '/usr/app/logs', 'version_check': 'True', 'warn_error_options': 'WarnErrorOptionsV2(error=[], warn=[], silence=[])', 'debug': 'False', 'log_format': 'default', 'fail_fast': 'False', 'indirect_selection': 'eager', 'invocation_command': 'dbt debug', 'static_parser': 'True', 'no_print': 'None', 'write_json': 'True', 'introspect': 'True', 'printer_width': '80'}
[0m09:00:32.864643 [info ] [MainThread]: dbt version: 1.11.8
[0m09:00:32.866548 [info ] [MainThread]: python version: 3.11.15
[0m09:00:32.870081 [info ] [MainThread]: python path: /usr/local/bin/python3.11
[0m09:00:32.873922 [info ] [MainThread]: os info: Linux-6.6.87.2-microsoft-standard-WSL2-x86_64-with-glibc2.41
[0m09:00:33.104792 [info ] [MainThread]: Using profiles dir at /usr/app
[0m09:00:33.107632 [info ] [MainThread]: Using profiles.yml file at /usr/app/profiles.yml
[0m09:00:33.109285 [info ] [MainThread]: Using dbt_project.yml file at /usr/app/dbt_project.yml
[0m09:00:33.110956 [info ] [MainThread]: adapter type: postgres
[0m09:00:33.112280 [info ] [MainThread]: adapter version: 1.10.0
[0m09:00:33.253622 [info ] [MainThread]: Configuration:
[0m09:00:33.255220 [info ] [MainThread]:   profiles.yml file [[32mOK found and valid[0m]
[0m09:00:33.256706 [info ] [MainThread]:   dbt_project.yml file [[32mOK found and valid[0m]
[0m09:00:33.258072 [info ] [MainThread]: Required dependencies:
[0m09:00:33.259650 [debug] [MainThread]: Executing "git --help"
[0m09:00:33.276892 [info ] [MainThread]:  - git [[31mERROR[0m]

[0m09:00:33.278231 [info ] [MainThread]: Connection:
[0m09:00:33.279727 [info ] [MainThread]:   host: 192.168.10.120
[0m09:00:33.281309 [info ] [MainThread]:   port: 5432
[0m09:00:33.282780 [info ] [MainThread]:   user: postgres
[0m09:00:33.284252 [info ] [MainThread]:   database: warehouse
[0m09:00:33.286354 [info ] [MainThread]:   schema: mart
[0m09:00:33.288542 [info ] [MainThread]:   connect_timeout: 10
[0m09:00:33.291375 [info ] [MainThread]:   role: None
[0m09:00:33.292731 [info ] [MainThread]:   search_path: None
[0m09:00:33.295756 [info ] [MainThread]:   keepalives_idle: 0
[0m09:00:33.299482 [info ] [MainThread]:   sslmode: None
[0m09:00:33.301947 [info ] [MainThread]:   sslcert: None
[0m09:00:33.304756 [info ] [MainThread]:   sslkey: None
[0m09:00:33.308473 [info ] [MainThread]:   sslrootcert: None
[0m09:00:33.310420 [info ] [MainThread]:   application_name: dbt
[0m09:00:33.314045 [info ] [MainThread]:   retries: 1
[0m09:00:33.315923 [info ] [MainThread]: Registered adapter: postgres=1.10.0
[0m09:00:33.433781 [debug] [MainThread]: Acquiring new postgres connection 'debug'
[0m09:00:33.556595 [debug] [MainThread]: Using postgres connection "debug"
[0m09:00:33.558346 [debug] [MainThread]: On debug: select 1 as id
[0m09:00:33.560304 [debug] [MainThread]: Opening a new connection, currently in state init
[0m09:00:33.630931 [debug] [MainThread]: SQL status: SELECT 1 in 0.071 seconds
[0m09:00:33.636058 [debug] [MainThread]: On debug: Close
[0m09:00:33.639250 [info ] [MainThread]:   Connection test: [[32mOK connection ok[0m]

[0m09:00:33.642144 [info ] [MainThread]: [31m1 check failed:[0m
[0m09:00:33.645661 [info ] [MainThread]: Error from git --help: Could not find command, ensure it is in the user's PATH: "git"

[0m09:00:33.652106 [debug] [MainThread]: Resource report: {"command_name": "debug", "command_success": false, "command_wall_clock_time": 0.9607797, "process_in_blocks": "0", "process_kernel_time": 3.109801, "process_mem_max_rss": "119736", "process_out_blocks": "3216", "process_user_time": 3.205733}
[0m09:00:33.655727 [debug] [MainThread]: Command `dbt debug` failed at 09:00:33.655277 after 0.97 seconds
[0m09:00:33.659401 [debug] [MainThread]: Connection 'debug' was properly closed.
[0m09:00:33.662829 [debug] [MainThread]: Sending event: {'category': 'dbt', 'action': 'invocation', 'label': 'end', 'context': [<snowplow_tracker.self_describing_json.SelfDescribingJson object at 0x7bdc497f5bd0>, <snowplow_tracker.self_describing_json.SelfDescribingJson object at 0x7bdc483bc310>, <snowplow_tracker.self_describing_json.SelfDescribingJson object at 0x7bdc49132850>]}
[0m09:00:33.665869 [debug] [MainThread]: Flushing usage events
[0m09:00:35.414399 [debug] [MainThread]: An error was encountered while trying to flush usage events
[0m09:01:29.653846 [debug] [MainThread]: Sending event: {'category': 'dbt', 'action': 'invocation', 'label': 'start', 'context': [<snowplow_tracker.self_describing_json.SelfDescribingJson object at 0x7ec8bcdb20d0>, <snowplow_tracker.self_describing_json.SelfDescribingJson object at 0x7ec8bce770d0>, <snowplow_tracker.self_describing_json.SelfDescribingJson object at 0x7ec8bcdb1c10>]}


============================== 09:01:29.658239 | a1234b42-e08a-4902-bf59-6ac82c46d8ae ==============================
[0m09:01:29.658239 [info ] [MainThread]: Running with dbt=1.11.8
[0m09:01:29.659885 [debug] [MainThread]: running dbt with arguments {'invocation_command': 'dbt run', 'empty': 'False', 'fail_fast': 'False', 'warn_error_options': 'WarnErrorOptionsV2(error=[], warn=[], silence=[])', 'version_check': 'True', 'log_cache_events': 'False', 'static_parser': 'True', 'no_print': 'None', 'quiet': 'False', 'debug': 'False', 'log_path': '/usr/app/logs', 'indirect_selection': 'eager', 'target_path': 'None', 'cache_selected_only': 'False', 'use_experimental_parser': 'False', 'introspect': 'True', 'profiles_dir': '/usr/app', 'printer_width': '80', 'send_anonymous_usage_stats': 'True', 'use_colors': 'True', 'write_json': 'True', 'partial_parse': 'True', 'warn_error': 'None', 'log_format': 'default'}
[0m09:01:29.864080 [debug] [MainThread]: Sending event: {'category': 'dbt', 'action': 'project_id', 'label': 'a1234b42-e08a-4902-bf59-6ac82c46d8ae', 'context': [<snowplow_tracker.self_describing_json.SelfDescribingJson object at 0x7ec8bc1ef750>]}
[0m09:01:29.922498 [debug] [MainThread]: Sending event: {'category': 'dbt', 'action': 'adapter_info', 'label': 'a1234b42-e08a-4902-bf59-6ac82c46d8ae', 'context': [<snowplow_tracker.self_describing_json.SelfDescribingJson object at 0x7ec8bffa3050>]}
[0m09:01:29.924426 [info ] [MainThread]: Registered adapter: postgres=1.10.0
[0m09:01:30.001764 [debug] [MainThread]: checksum: 7d524ac048c2100769df89d592e662e060a73ca564e31bd9c2a37efdfe8d8ab6, vars: {}, profile: , target: , version: 1.11.8
[0m09:01:30.007433 [info ] [MainThread]: Unable to do partial parsing because saved manifest not found. Starting full parse.
[0m09:01:30.008535 [debug] [MainThread]: Sending event: {'category': 'dbt', 'action': 'partial_parser', 'label': 'a1234b42-e08a-4902-bf59-6ac82c46d8ae', 'context': [<snowplow_tracker.self_describing_json.SelfDescribingJson object at 0x7ec8bce7e410>]}
[0m09:01:31.175696 [debug] [MainThread]: Sending event: {'category': 'dbt', 'action': 'load_project', 'label': 'a1234b42-e08a-4902-bf59-6ac82c46d8ae', 'context': [<snowplow_tracker.self_describing_json.SelfDescribingJson object at 0x7ec8bed56450>]}
[0m09:01:31.316765 [debug] [MainThread]: Wrote artifact WritableManifest to /usr/app/target/manifest.json
[0m09:01:31.341580 [debug] [MainThread]: Wrote artifact SemanticManifest to /usr/app/target/semantic_manifest.json
[0m09:01:31.388992 [debug] [MainThread]: Sending event: {'category': 'dbt', 'action': 'resource_counts', 'label': 'a1234b42-e08a-4902-bf59-6ac82c46d8ae', 'context': [<snowplow_tracker.self_describing_json.SelfDescribingJson object at 0x7ec8bb121550>]}
[0m09:01:31.391150 [info ] [MainThread]: Found 4 models, 6 data tests, 465 macros
[0m09:01:31.392940 [debug] [MainThread]: Sending event: {'category': 'dbt', 'action': 'runnable_timing', 'label': 'a1234b42-e08a-4902-bf59-6ac82c46d8ae', 'context': [<snowplow_tracker.self_describing_json.SelfDescribingJson object at 0x7ec8ba986f90>]}
[0m09:01:31.397596 [info ] [MainThread]: 
[0m09:01:31.399441 [info ] [MainThread]: Concurrency: 4 threads (target='dev')
[0m09:01:31.401023 [info ] [MainThread]: 
[0m09:01:31.402963 [debug] [MainThread]: Acquiring new postgres connection 'master'
[0m09:01:31.410482 [debug] [ThreadPool]: Acquiring new postgres connection 'list_warehouse'
[0m09:01:31.457771 [debug] [ThreadPool]: Using postgres connection "list_warehouse"
[0m09:01:31.460298 [debug] [ThreadPool]: On list_warehouse: /* {"app": "dbt", "dbt_version": "1.11.8", "profile_name": "api_dwh", "target_name": "dev", "connection_name": "list_warehouse"} */

    select distinct nspname from pg_namespace
  
[0m09:01:31.462869 [debug] [ThreadPool]: Opening a new connection, currently in state init
[0m09:01:31.528036 [debug] [ThreadPool]: SQL status: SELECT 4 in 0.065 seconds
[0m09:01:31.532993 [debug] [ThreadPool]: On list_warehouse: Close
[0m09:01:31.537414 [debug] [ThreadPool]: Re-using an available connection from the pool (formerly list_warehouse, now create_warehouse_mart_mart)
[0m09:01:31.540992 [debug] [ThreadPool]: Creating schema "database: "warehouse"
schema: "mart_mart"
"
[0m09:01:31.554022 [debug] [ThreadPool]: Using postgres connection "create_warehouse_mart_mart"
[0m09:01:31.556056 [debug] [ThreadPool]: On create_warehouse_mart_mart: /* {"app": "dbt", "dbt_version": "1.11.8", "profile_name": "api_dwh", "target_name": "dev", "connection_name": "create_warehouse_mart_mart"} */
create schema if not exists "mart_mart"
[0m09:01:31.557843 [debug] [ThreadPool]: Opening a new connection, currently in state closed
[0m09:01:31.608481 [debug] [ThreadPool]: SQL status: CREATE SCHEMA in 0.050 seconds
[0m09:01:31.612814 [debug] [ThreadPool]: On create_warehouse_mart_mart: COMMIT
[0m09:01:31.615586 [debug] [ThreadPool]: Using postgres connection "create_warehouse_mart_mart"
[0m09:01:31.618391 [debug] [ThreadPool]: On create_warehouse_mart_mart: COMMIT
[0m09:01:31.647181 [debug] [ThreadPool]: SQL status: COMMIT in 0.026 seconds
[0m09:01:31.650717 [debug] [ThreadPool]: On create_warehouse_mart_mart: Close
[0m09:01:31.656866 [debug] [ThreadPool]: Re-using an available connection from the pool (formerly create_warehouse_mart_mart, now list_warehouse_mart_mart)
[0m09:01:31.666725 [debug] [ThreadPool]: Using postgres connection "list_warehouse_mart_mart"
[0m09:01:31.668870 [debug] [ThreadPool]: On list_warehouse_mart_mart: /* {"app": "dbt", "dbt_version": "1.11.8", "profile_name": "api_dwh", "target_name": "dev", "connection_name": "list_warehouse_mart_mart"} */
select
      'warehouse' as database,
      tablename as name,
      schemaname as schema,
      'table' as type
    from pg_tables
    where schemaname ilike 'mart_mart'
    union all
    select
      'warehouse' as database,
      viewname as name,
      schemaname as schema,
      'view' as type
    from pg_views
    where schemaname ilike 'mart_mart'
    union all
    select
      'warehouse' as database,
      matviewname as name,
      schemaname as schema,
      'materialized_view' as type
    from pg_matviews
    where schemaname ilike 'mart_mart'
  
[0m09:01:31.670539 [debug] [ThreadPool]: Opening a new connection, currently in state closed
[0m09:01:31.896675 [debug] [ThreadPool]: SQL status: SELECT 0 in 0.226 seconds
[0m09:01:31.903302 [debug] [ThreadPool]: On list_warehouse_mart_mart: ROLLBACK
[0m09:01:31.913647 [debug] [ThreadPool]: On list_warehouse_mart_mart: Close
[0m09:01:31.931974 [debug] [MainThread]: Using postgres connection "master"
[0m09:01:31.936203 [debug] [MainThread]: On master: /* {"app": "dbt", "dbt_version": "1.11.8", "profile_name": "api_dwh", "target_name": "dev", "connection_name": "master"} */
select distinct
        dependent_namespace.nspname as dependent_schema,
        dependent_class.relname as dependent_name,
        referenced_namespace.nspname as referenced_schema,
        referenced_class.relname as referenced_name

    -- Query for views: views are entries in pg_class with an entry in pg_rewrite, but we avoid
    -- a seq scan on pg_rewrite by leveraging the fact there is an "internal" row in pg_depend for
    -- the view...
    from pg_class as dependent_class
    join pg_namespace as dependent_namespace on dependent_namespace.oid = dependent_class.relnamespace
    join pg_depend as dependent_depend on dependent_depend.refobjid = dependent_class.oid
        and dependent_depend.classid = 'pg_rewrite'::regclass
        and dependent_depend.refclassid = 'pg_class'::regclass
        and dependent_depend.deptype = 'i'

    -- ... and via pg_depend (that has a row per column, hence the need for "distinct" above, and
    -- making sure to exclude the internal row to avoid a view appearing to depend on itself)...
    join pg_depend as joining_depend on joining_depend.objid = dependent_depend.objid
        and joining_depend.classid = 'pg_rewrite'::regclass
        and joining_depend.refclassid = 'pg_class'::regclass
        and joining_depend.refobjid != dependent_depend.refobjid

    -- ... we can find the tables they query from in pg_class, but excluding system tables. Note we
    -- don't need need to exclude _dependent_ system tables, because they only query from other
    -- system tables, and so are automatically excluded by excluding _referenced_ system tables
    join pg_class as referenced_class on referenced_class.oid = joining_depend.refobjid
    join pg_namespace as referenced_namespace on referenced_namespace.oid = referenced_class.relnamespace
        and referenced_namespace.nspname != 'information_schema'
        and referenced_namespace.nspname not like 'pg\_%'

    order by
        dependent_schema, dependent_name, referenced_schema, referenced_name;
[0m09:01:31.940203 [debug] [MainThread]: Opening a new connection, currently in state init
[0m09:01:32.118808 [debug] [MainThread]: SQL status: SELECT 0 in 0.178 seconds
[0m09:01:32.129824 [debug] [MainThread]: Sending event: {'category': 'dbt', 'action': 'runnable_timing', 'label': 'a1234b42-e08a-4902-bf59-6ac82c46d8ae', 'context': [<snowplow_tracker.self_describing_json.SelfDescribingJson object at 0x7ec8ba9b8f90>]}
[0m09:01:32.134374 [debug] [MainThread]: On master: ROLLBACK
[0m09:01:32.146094 [debug] [MainThread]: On master: COMMIT
[0m09:01:32.149269 [debug] [MainThread]: Using postgres connection "master"
[0m09:01:32.152273 [debug] [MainThread]: On master: COMMIT
[0m09:01:32.165128 [debug] [MainThread]: SQL status: COMMIT in 0.010 seconds
[0m09:01:32.168632 [debug] [MainThread]: On master: Close
[0m09:01:32.190242 [debug] [Thread-1 (]: Began running node model.api_dwh.dim_customers
[0m09:01:32.191793 [debug] [Thread-2 (]: Began running node model.api_dwh.fact_orders
[0m09:01:32.193202 [debug] [Thread-3 (]: Began running node model.api_dwh.fact_payments
[0m09:01:32.194701 [debug] [Thread-4 (]: Began running node model.api_dwh.fact_sales_summary
[0m09:01:32.197097 [info ] [Thread-1 (]: 1 of 4 START sql table model mart_mart.dim_customers ........................... [RUN]
[0m09:01:32.201722 [info ] [Thread-2 (]: 2 of 4 START sql table model mart_mart.fact_orders ............................. [RUN]
[0m09:01:32.206202 [info ] [Thread-3 (]: 3 of 4 START sql table model mart_mart.fact_payments ........................... [RUN]
[0m09:01:32.209811 [info ] [Thread-4 (]: 4 of 4 START sql table model mart_mart.fact_sales_summary ...................... [RUN]
[0m09:01:32.214489 [debug] [Thread-1 (]: Re-using an available connection from the pool (formerly list_warehouse_mart_mart, now model.api_dwh.dim_customers)
[0m09:01:32.219000 [debug] [Thread-2 (]: Acquiring new postgres connection 'model.api_dwh.fact_orders'
[0m09:01:32.222815 [debug] [Thread-3 (]: Acquiring new postgres connection 'model.api_dwh.fact_payments'
[0m09:01:32.227125 [debug] [Thread-4 (]: Acquiring new postgres connection 'model.api_dwh.fact_sales_summary'
[0m09:01:32.232085 [debug] [Thread-1 (]: Began compiling node model.api_dwh.dim_customers
[0m09:01:32.235752 [debug] [Thread-2 (]: Began compiling node model.api_dwh.fact_orders
[0m09:01:32.240170 [debug] [Thread-3 (]: Began compiling node model.api_dwh.fact_payments
[0m09:01:32.244916 [debug] [Thread-4 (]: Began compiling node model.api_dwh.fact_sales_summary
[0m09:01:32.268291 [debug] [Thread-1 (]: Writing injected SQL for node "model.api_dwh.dim_customers"
[0m09:01:32.273197 [debug] [Thread-2 (]: Writing injected SQL for node "model.api_dwh.fact_orders"
[0m09:01:32.278411 [debug] [Thread-3 (]: Writing injected SQL for node "model.api_dwh.fact_payments"
[0m09:01:32.282442 [debug] [Thread-4 (]: Writing injected SQL for node "model.api_dwh.fact_sales_summary"
[0m09:01:32.304563 [debug] [Thread-4 (]: Began executing node model.api_dwh.fact_sales_summary
[0m09:01:32.311550 [debug] [Thread-1 (]: Began executing node model.api_dwh.dim_customers
[0m09:01:32.347106 [debug] [Thread-3 (]: Began executing node model.api_dwh.fact_payments
[0m09:01:32.358825 [debug] [Thread-1 (]: Writing runtime sql for node "model.api_dwh.dim_customers"
[0m09:01:32.359295 [debug] [Thread-2 (]: Began executing node model.api_dwh.fact_orders
[0m09:01:32.359725 [debug] [Thread-4 (]: Writing runtime sql for node "model.api_dwh.fact_sales_summary"
[0m09:01:32.364052 [debug] [Thread-3 (]: Writing runtime sql for node "model.api_dwh.fact_payments"
[0m09:01:32.370744 [debug] [Thread-2 (]: Writing runtime sql for node "model.api_dwh.fact_orders"
[0m09:01:32.388471 [debug] [Thread-3 (]: Using postgres connection "model.api_dwh.fact_payments"
[0m09:01:32.389861 [debug] [Thread-3 (]: On model.api_dwh.fact_payments: /* {"app": "dbt", "dbt_version": "1.11.8", "profile_name": "api_dwh", "target_name": "dev", "node_id": "model.api_dwh.fact_payments"} */

  
    

  create  table "warehouse"."mart_mart"."fact_payments__dbt_tmp"
  
  
    as
  
  (
    SELECT p.payment_id,
    p.order_id,
    o.customer_id,
    TRIM(c.full_name) AS customer_name,
    p.payment_method,
    p.amount,
    p.payment_date,
    DATE(p.payment_date) AS payment_day
FROM master.public.ods_payments p
    LEFT JOIN master.public.ods_orders o ON p.order_id = o.order_id
    LEFT JOIN master.public.ods_customers c ON o.customer_id = c.customer_id
WHERE c.is_deleted = FALSE
  );
  
[0m09:01:32.390423 [debug] [Thread-1 (]: Using postgres connection "model.api_dwh.dim_customers"
[0m09:01:32.391515 [debug] [Thread-3 (]: Opening a new connection, currently in state init
[0m09:01:32.392020 [debug] [Thread-2 (]: Using postgres connection "model.api_dwh.fact_orders"
[0m09:01:32.392931 [debug] [Thread-1 (]: On model.api_dwh.dim_customers: /* {"app": "dbt", "dbt_version": "1.11.8", "profile_name": "api_dwh", "target_name": "dev", "node_id": "model.api_dwh.dim_customers"} */

  
    

  create  table "warehouse"."mart_mart"."dim_customers__dbt_tmp"
  
  
    as
  
  (
    SELECT customer_id,
    TRIM(full_name) AS customer_name,
    LOWER(email) AS email,
    phone,
    created_at,
    updated_at
FROM master.public.ods_customers
WHERE is_deleted = FALSE
  );
  
[0m09:01:32.393999 [debug] [Thread-4 (]: Using postgres connection "model.api_dwh.fact_sales_summary"
[0m09:01:32.395141 [debug] [Thread-2 (]: On model.api_dwh.fact_orders: /* {"app": "dbt", "dbt_version": "1.11.8", "profile_name": "api_dwh", "target_name": "dev", "node_id": "model.api_dwh.fact_orders"} */

  
    

  create  table "warehouse"."mart_mart"."fact_orders__dbt_tmp"
  
  
    as
  
  (
    SELECT o.order_id,
    o.customer_id,
    TRIM(c.full_name) AS customer_name,
    LOWER(c.email) AS customer_email,
    o.product_name,
    o.qty,
    o.price,
    (o.qty * o.price) AS total_amount,
    o.order_date,
    DATE(o.order_date) AS order_day,
    EXTRACT(
        YEAR
        FROM o.order_date
    ) AS order_year,
    EXTRACT(
        MONTH
        FROM o.order_date
    ) AS order_month
FROM master.public.ods_orders o
    LEFT JOIN master.public.ods_customers c ON o.customer_id = c.customer_id
WHERE c.is_deleted = FALSE
  );
  
[0m09:01:32.396376 [debug] [Thread-1 (]: Opening a new connection, currently in state closed
[0m09:01:32.397359 [debug] [Thread-4 (]: On model.api_dwh.fact_sales_summary: /* {"app": "dbt", "dbt_version": "1.11.8", "profile_name": "api_dwh", "target_name": "dev", "node_id": "model.api_dwh.fact_sales_summary"} */

  
    

  create  table "warehouse"."mart_mart"."fact_sales_summary__dbt_tmp"
  
  
    as
  
  (
    SELECT DATE(o.order_date) AS sales_date,
    COUNT(DISTINCT o.order_id) AS total_orders,
    COUNT(DISTINCT o.customer_id) AS total_customers,
    SUM(o.qty) AS total_qty,
    SUM(o.qty * o.price) AS gross_sales,
    AVG(o.qty * o.price) AS avg_order_value
FROM master.public.ods_orders o
GROUP BY DATE(o.order_date)
  );
  
[0m09:01:32.398222 [debug] [Thread-2 (]: Opening a new connection, currently in state init
[0m09:01:32.399837 [debug] [Thread-4 (]: Opening a new connection, currently in state init
[0m09:01:32.428799 [debug] [Thread-4 (]: Postgres adapter: Got a retryable error when attempting to open a postgres connection.
1 attempts remaining. Retrying in 0 seconds.
Error:
connection to server at "192.168.10.120", port 5432 failed: FATAL:  sorry, too many clients already

[0m09:01:32.433642 [debug] [Thread-1 (]: Postgres adapter: Postgres error: cross-database references are not implemented: "master.public.ods_customers"
LINE 18: FROM master.public.ods_customers
              ^

[0m09:01:32.435050 [debug] [Thread-1 (]: On model.api_dwh.dim_customers: ROLLBACK
[0m09:01:32.437535 [debug] [Thread-3 (]: Postgres adapter: Postgres error: cross-database references are not implemented: "master.public.ods_payments"
LINE 20: FROM master.public.ods_payments p
              ^

[0m09:01:32.438776 [debug] [Thread-3 (]: On model.api_dwh.fact_payments: ROLLBACK
[0m09:01:32.439638 [debug] [Thread-1 (]: On model.api_dwh.dim_customers: Close
[0m09:01:32.443268 [debug] [Thread-2 (]: Postgres adapter: Postgres error: cross-database references are not implemented: "master.public.ods_orders"
LINE 30: FROM master.public.ods_orders o
              ^

[0m09:01:32.443882 [debug] [Thread-3 (]: On model.api_dwh.fact_payments: Close
[0m09:01:32.445197 [debug] [Thread-2 (]: On model.api_dwh.fact_orders: ROLLBACK
[0m09:01:32.452554 [debug] [Thread-2 (]: On model.api_dwh.fact_orders: Close
[0m09:01:32.457776 [debug] [Thread-1 (]: Database Error in model dim_customers (models/mart/dim_customers.sql)
  cross-database references are not implemented: "master.public.ods_customers"
  LINE 18: FROM master.public.ods_customers
                ^
  compiled code at target/run/api_dwh/models/mart/dim_customers.sql
[0m09:01:32.459542 [debug] [Thread-3 (]: Database Error in model fact_payments (models/mart/fact_payments.sql)
  cross-database references are not implemented: "master.public.ods_payments"
  LINE 20: FROM master.public.ods_payments p
                ^
  compiled code at target/run/api_dwh/models/mart/fact_payments.sql
[0m09:01:32.461125 [debug] [Thread-2 (]: Database Error in model fact_orders (models/mart/fact_orders.sql)
  cross-database references are not implemented: "master.public.ods_orders"
  LINE 30: FROM master.public.ods_orders o
                ^
  compiled code at target/run/api_dwh/models/mart/fact_orders.sql
[0m09:01:32.463349 [debug] [Thread-1 (]: Sending event: {'category': 'dbt', 'action': 'run_model', 'label': 'a1234b42-e08a-4902-bf59-6ac82c46d8ae', 'context': [<snowplow_tracker.self_describing_json.SelfDescribingJson object at 0x7ec8b874af50>]}
[0m09:01:32.464344 [debug] [Thread-3 (]: Sending event: {'category': 'dbt', 'action': 'run_model', 'label': 'a1234b42-e08a-4902-bf59-6ac82c46d8ae', 'context': [<snowplow_tracker.self_describing_json.SelfDescribingJson object at 0x7ec8b879ce10>]}
[0m09:01:32.464891 [debug] [Thread-4 (]: Postgres adapter: Postgres error: cross-database references are not implemented: "master.public.ods_orders"
LINE 18: FROM master.public.ods_orders o
              ^

[0m09:01:32.465958 [debug] [Thread-2 (]: Sending event: {'category': 'dbt', 'action': 'run_model', 'label': 'a1234b42-e08a-4902-bf59-6ac82c46d8ae', 'context': [<snowplow_tracker.self_describing_json.SelfDescribingJson object at 0x7ec8badd4190>]}
[0m09:01:32.467246 [error] [Thread-1 (]: 1 of 4 ERROR creating sql table model mart_mart.dim_customers .................. [[31mERROR[0m in 0.25s]
[0m09:01:32.469024 [error] [Thread-3 (]: 3 of 4 ERROR creating sql table model mart_mart.fact_payments .................. [[31mERROR[0m in 0.24s]
[0m09:01:32.470578 [debug] [Thread-4 (]: On model.api_dwh.fact_sales_summary: ROLLBACK
[0m09:01:32.471888 [error] [Thread-2 (]: 2 of 4 ERROR creating sql table model mart_mart.fact_orders .................... [[31mERROR[0m in 0.25s]
[0m09:01:32.473591 [debug] [Thread-1 (]: Finished running node model.api_dwh.dim_customers
[0m09:01:32.475117 [debug] [Thread-3 (]: Finished running node model.api_dwh.fact_payments
[0m09:01:32.477209 [debug] [Thread-2 (]: Finished running node model.api_dwh.fact_orders
[0m09:01:32.478671 [debug] [Thread-7 (]: Marking all children of 'model.api_dwh.dim_customers' to be skipped because of status 'error'.  Reason: Database Error in model dim_customers (models/mart/dim_customers.sql)
  cross-database references are not implemented: "master.public.ods_customers"
  LINE 18: FROM master.public.ods_customers
                ^
  compiled code at target/run/api_dwh/models/mart/dim_customers.sql.
[0m09:01:32.480089 [debug] [Thread-4 (]: On model.api_dwh.fact_sales_summary: Close
[0m09:01:32.485770 [debug] [Thread-7 (]: Marking all children of 'model.api_dwh.fact_payments' to be skipped because of status 'error'.  Reason: Database Error in model fact_payments (models/mart/fact_payments.sql)
  cross-database references are not implemented: "master.public.ods_payments"
  LINE 20: FROM master.public.ods_payments p
                ^
  compiled code at target/run/api_dwh/models/mart/fact_payments.sql.
[0m09:01:32.491270 [debug] [Thread-4 (]: Database Error in model fact_sales_summary (models/mart/fact_sales_summary.sql)
  cross-database references are not implemented: "master.public.ods_orders"
  LINE 18: FROM master.public.ods_orders o
                ^
  compiled code at target/run/api_dwh/models/mart/fact_sales_summary.sql
[0m09:01:32.492504 [debug] [Thread-7 (]: Marking all children of 'model.api_dwh.fact_orders' to be skipped because of status 'error'.  Reason: Database Error in model fact_orders (models/mart/fact_orders.sql)
  cross-database references are not implemented: "master.public.ods_orders"
  LINE 30: FROM master.public.ods_orders o
                ^
  compiled code at target/run/api_dwh/models/mart/fact_orders.sql.
[0m09:01:32.494464 [debug] [Thread-4 (]: Sending event: {'category': 'dbt', 'action': 'run_model', 'label': 'a1234b42-e08a-4902-bf59-6ac82c46d8ae', 'context': [<snowplow_tracker.self_describing_json.SelfDescribingJson object at 0x7ec8bc173e90>]}
[0m09:01:32.497662 [error] [Thread-4 (]: 4 of 4 ERROR creating sql table model mart_mart.fact_sales_summary ............. [[31mERROR[0m in 0.27s]
[0m09:01:32.499647 [debug] [Thread-4 (]: Finished running node model.api_dwh.fact_sales_summary
[0m09:01:32.501389 [debug] [Thread-7 (]: Marking all children of 'model.api_dwh.fact_sales_summary' to be skipped because of status 'error'.  Reason: Database Error in model fact_sales_summary (models/mart/fact_sales_summary.sql)
  cross-database references are not implemented: "master.public.ods_orders"
  LINE 18: FROM master.public.ods_orders o
                ^
  compiled code at target/run/api_dwh/models/mart/fact_sales_summary.sql.
[0m09:01:32.505236 [debug] [MainThread]: On master: COMMIT
[0m09:01:32.506874 [debug] [MainThread]: Using postgres connection "master"
[0m09:01:32.508336 [debug] [MainThread]: On master: COMMIT
[0m09:01:32.510312 [debug] [MainThread]: Opening a new connection, currently in state closed
[0m09:01:32.573756 [debug] [MainThread]: SQL status: COMMIT in 0.063 seconds
[0m09:01:32.576866 [debug] [MainThread]: On master: Close
[0m09:01:32.580383 [debug] [MainThread]: Connection 'master' was properly closed.
[0m09:01:32.583170 [debug] [MainThread]: Connection 'model.api_dwh.dim_customers' was properly closed.
[0m09:01:32.585772 [debug] [MainThread]: Connection 'model.api_dwh.fact_orders' was properly closed.
[0m09:01:32.588720 [debug] [MainThread]: Connection 'model.api_dwh.fact_payments' was properly closed.
[0m09:01:32.591504 [debug] [MainThread]: Connection 'model.api_dwh.fact_sales_summary' was properly closed.
[0m09:01:32.596123 [info ] [MainThread]: 
[0m09:01:32.598928 [info ] [MainThread]: Finished running 4 table models in 0 hours 0 minutes and 1.19 seconds (1.19s).
[0m09:01:32.604875 [debug] [MainThread]: Command end result
[0m09:01:32.821969 [debug] [MainThread]: Wrote artifact WritableManifest to /usr/app/target/manifest.json
[0m09:01:32.831966 [debug] [MainThread]: Wrote artifact SemanticManifest to /usr/app/target/semantic_manifest.json
[0m09:01:32.846266 [debug] [MainThread]: Wrote artifact RunExecutionResult to /usr/app/target/run_results.json
[0m09:01:32.847758 [info ] [MainThread]: 
[0m09:01:32.849314 [info ] [MainThread]: [31mCompleted with 4 errors, 0 partial successes, and 0 warnings:[0m
[0m09:01:32.850768 [info ] [MainThread]: 
[0m09:01:32.852184 [error] [MainThread]: [31mFailure in model dim_customers (models/mart/dim_customers.sql)[0m
[0m09:01:32.853641 [error] [MainThread]:   Database Error in model dim_customers (models/mart/dim_customers.sql)
  cross-database references are not implemented: "master.public.ods_customers"
  LINE 18: FROM master.public.ods_customers
                ^
  compiled code at target/run/api_dwh/models/mart/dim_customers.sql
[0m09:01:32.854750 [info ] [MainThread]: 
[0m09:01:32.856244 [info ] [MainThread]:   compiled code at target/compiled/api_dwh/models/mart/dim_customers.sql
[0m09:01:32.857723 [info ] [MainThread]: 
[0m09:01:32.859148 [error] [MainThread]: [31mFailure in model fact_payments (models/mart/fact_payments.sql)[0m
[0m09:01:32.860515 [error] [MainThread]:   Database Error in model fact_payments (models/mart/fact_payments.sql)
  cross-database references are not implemented: "master.public.ods_payments"
  LINE 20: FROM master.public.ods_payments p
                ^
  compiled code at target/run/api_dwh/models/mart/fact_payments.sql
[0m09:01:32.861870 [info ] [MainThread]: 
[0m09:01:32.863409 [info ] [MainThread]:   compiled code at target/compiled/api_dwh/models/mart/fact_payments.sql
[0m09:01:32.865146 [info ] [MainThread]: 
[0m09:01:32.867442 [error] [MainThread]: [31mFailure in model fact_orders (models/mart/fact_orders.sql)[0m
[0m09:01:32.869846 [error] [MainThread]:   Database Error in model fact_orders (models/mart/fact_orders.sql)
  cross-database references are not implemented: "master.public.ods_orders"
  LINE 30: FROM master.public.ods_orders o
                ^
  compiled code at target/run/api_dwh/models/mart/fact_orders.sql
[0m09:01:32.872501 [info ] [MainThread]: 
[0m09:01:32.874776 [info ] [MainThread]:   compiled code at target/compiled/api_dwh/models/mart/fact_orders.sql
[0m09:01:32.876538 [info ] [MainThread]: 
[0m09:01:32.879365 [error] [MainThread]: [31mFailure in model fact_sales_summary (models/mart/fact_sales_summary.sql)[0m
[0m09:01:32.881656 [error] [MainThread]:   Database Error in model fact_sales_summary (models/mart/fact_sales_summary.sql)
  cross-database references are not implemented: "master.public.ods_orders"
  LINE 18: FROM master.public.ods_orders o
                ^
  compiled code at target/run/api_dwh/models/mart/fact_sales_summary.sql
[0m09:01:32.883281 [info ] [MainThread]: 
[0m09:01:32.885711 [info ] [MainThread]:   compiled code at target/compiled/api_dwh/models/mart/fact_sales_summary.sql
[0m09:01:32.888262 [info ] [MainThread]: 
[0m09:01:32.889868 [info ] [MainThread]: Done. PASS=0 WARN=0 ERROR=4 SKIP=0 NO-OP=0 TOTAL=4
[0m09:01:32.892234 [debug] [MainThread]: Resource report: {"command_name": "run", "command_success": false, "command_wall_clock_time": 3.343146, "process_in_blocks": "0", "process_kernel_time": 0.499646, "process_mem_max_rss": "134664", "process_out_blocks": "120", "process_user_time": 3.413586}
[0m09:01:32.895226 [debug] [MainThread]: Command `dbt run` failed at 09:01:32.894170 after 3.35 seconds
[0m09:01:32.897208 [debug] [MainThread]: Sending event: {'category': 'dbt', 'action': 'invocation', 'label': 'end', 'context': [<snowplow_tracker.self_describing_json.SelfDescribingJson object at 0x7ec8b8432410>, <snowplow_tracker.self_describing_json.SelfDescribingJson object at 0x7ec8b84326d0>, <snowplow_tracker.self_describing_json.SelfDescribingJson object at 0x7ec8b84323d0>]}
[0m09:01:32.898956 [debug] [MainThread]: Flushing usage events
[0m09:01:35.022772 [debug] [MainThread]: An error was encountered while trying to flush usage events
[0m09:29:57.647631 [debug] [MainThread]: Sending event: {'category': 'dbt', 'action': 'invocation', 'label': 'start', 'context': [<snowplow_tracker.self_describing_json.SelfDescribingJson object at 0x744829c49a50>, <snowplow_tracker.self_describing_json.SelfDescribingJson object at 0x744829dd8610>, <snowplow_tracker.self_describing_json.SelfDescribingJson object at 0x744829c1fcd0>]}


============================== 09:29:57.650999 | 35af7d06-08dc-43cb-896a-1bebae958432 ==============================
[0m09:29:57.650999 [info ] [MainThread]: Running with dbt=1.11.8
[0m09:29:57.652083 [debug] [MainThread]: running dbt with arguments {'version_check': 'True', 'cache_selected_only': 'False', 'write_json': 'True', 'indirect_selection': 'eager', 'target_path': 'None', 'log_cache_events': 'False', 'warn_error_options': 'WarnErrorOptionsV2(error=[], warn=[], silence=[])', 'partial_parse': 'True', 'use_experimental_parser': 'False', 'fail_fast': 'False', 'invocation_command': 'dbt debug', 'log_format': 'default', 'send_anonymous_usage_stats': 'True', 'warn_error': 'None', 'empty': 'None', 'printer_width': '80', 'introspect': 'True', 'static_parser': 'True', 'log_path': '/usr/app/logs', 'debug': 'False', 'profiles_dir': '/root/.dbt', 'no_print': 'None', 'quiet': 'False', 'use_colors': 'True'}
[0m09:29:57.660535 [info ] [MainThread]: dbt version: 1.11.8
[0m09:29:57.661544 [info ] [MainThread]: python version: 3.11.15
[0m09:29:57.663157 [info ] [MainThread]: python path: /usr/local/bin/python3.11
[0m09:29:57.664289 [info ] [MainThread]: os info: Linux-6.6.87.2-microsoft-standard-WSL2-x86_64-with-glibc2.41
[0m09:29:57.665454 [info ] [MainThread]: Using profiles dir at /root/.dbt
[0m09:29:57.666593 [info ] [MainThread]: Using profiles.yml file at /root/.dbt/profiles.yml
[0m09:29:57.667605 [info ] [MainThread]: Using dbt_project.yml file at /usr/app/dbt_project.yml
[0m09:29:57.772828 [info ] [MainThread]: Configuration:
[0m09:29:57.780125 [info ] [MainThread]:   profiles.yml file [[31mERROR not found[0m]
[0m09:29:57.781272 [info ] [MainThread]:   dbt_project.yml file [[32mOK found and valid[0m]
[0m09:29:57.782400 [info ] [MainThread]: Required dependencies:
[0m09:29:57.783622 [debug] [MainThread]: Executing "git --help"
[0m09:29:57.785768 [info ] [MainThread]:  - git [[31mERROR[0m]

[0m09:29:57.787208 [info ] [MainThread]: Connection test skipped since no profile was found
[0m09:29:57.789332 [info ] [MainThread]: [31m2 checks failed:[0m
[0m09:29:57.790416 [info ] [MainThread]: dbt looked for a profiles.yml file in /root/.dbt/profiles.yml, but did
not find one. For more information on configuring your profile, consult the
documentation:

https://docs.getdbt.com/docs/configure-your-profile


[0m09:29:57.791277 [info ] [MainThread]: Error from git --help: Could not find command, ensure it is in the user's PATH: "git"

[0m09:29:57.793124 [debug] [MainThread]: Resource report: {"command_name": "debug", "command_success": false, "command_wall_clock_time": 0.20983194, "process_in_blocks": "0", "process_kernel_time": 0.228705, "process_mem_max_rss": "107752", "process_out_blocks": "0", "process_user_time": 1.320073}
[0m09:29:57.794244 [debug] [MainThread]: Command `dbt debug` failed at 09:29:57.794099 after 0.21 seconds
[0m09:29:57.795072 [debug] [MainThread]: Sending event: {'category': 'dbt', 'action': 'invocation', 'label': 'end', 'context': [<snowplow_tracker.self_describing_json.SelfDescribingJson object at 0x744829c4ad50>, <snowplow_tracker.self_describing_json.SelfDescribingJson object at 0x744829c49010>, <snowplow_tracker.self_describing_json.SelfDescribingJson object at 0x74482e821350>]}
[0m09:29:57.795876 [debug] [MainThread]: Flushing usage events
[0m09:29:59.223246 [debug] [MainThread]: An error was encountered while trying to flush usage events
[0m09:33:18.316855 [debug] [MainThread]: Sending event: {'category': 'dbt', 'action': 'invocation', 'label': 'start', 'context': [<snowplow_tracker.self_describing_json.SelfDescribingJson object at 0x7f86b18620d0>, <snowplow_tracker.self_describing_json.SelfDescribingJson object at 0x7f86b1543c50>, <snowplow_tracker.self_describing_json.SelfDescribingJson object at 0x7f86b194d610>]}


============================== 09:33:18.323006 | 6e6d711d-badf-44b9-b52d-ce319ad803f5 ==============================
[0m09:33:18.323006 [info ] [MainThread]: Running with dbt=1.11.8
[0m09:33:18.324175 [debug] [MainThread]: running dbt with arguments {'version_check': 'True', 'warn_error_options': 'WarnErrorOptionsV2(error=[], warn=[], silence=[])', 'indirect_selection': 'eager', 'static_parser': 'True', 'log_cache_events': 'False', 'quiet': 'False', 'use_experimental_parser': 'False', 'log_format': 'default', 'profiles_dir': '/root/.dbt', 'fail_fast': 'False', 'partial_parse': 'True', 'warn_error': 'None', 'target_path': 'None', 'introspect': 'True', 'no_print': 'None', 'log_path': '/usr/app/logs', 'empty': 'None', 'send_anonymous_usage_stats': 'True', 'printer_width': '80', 'write_json': 'True', 'invocation_command': 'dbt debug', 'cache_selected_only': 'False', 'use_colors': 'True', 'debug': 'False'}
[0m09:33:18.333792 [info ] [MainThread]: dbt version: 1.11.8
[0m09:33:18.335204 [info ] [MainThread]: python version: 3.11.15
[0m09:33:18.336204 [info ] [MainThread]: python path: /usr/local/bin/python3.11
[0m09:33:18.337311 [info ] [MainThread]: os info: Linux-6.6.87.2-microsoft-standard-WSL2-x86_64-with-glibc2.41
[0m09:33:18.421803 [info ] [MainThread]: Using profiles dir at /root/.dbt
[0m09:33:18.423456 [info ] [MainThread]: Using profiles.yml file at /root/.dbt/profiles.yml
[0m09:33:18.424830 [info ] [MainThread]: Using dbt_project.yml file at /usr/app/dbt_project.yml
[0m09:33:18.426759 [info ] [MainThread]: adapter type: postgres
[0m09:33:18.427853 [info ] [MainThread]: adapter version: 1.10.0
[0m09:33:18.528397 [info ] [MainThread]: Configuration:
[0m09:33:18.529931 [info ] [MainThread]:   profiles.yml file [[32mOK found and valid[0m]
[0m09:33:18.531076 [info ] [MainThread]:   dbt_project.yml file [[32mOK found and valid[0m]
[0m09:33:18.532235 [info ] [MainThread]: Required dependencies:
[0m09:33:18.533345 [debug] [MainThread]: Executing "git --help"
[0m09:33:18.535139 [info ] [MainThread]:  - git [[31mERROR[0m]

[0m09:33:18.536072 [info ] [MainThread]: Connection:
[0m09:33:18.537312 [info ] [MainThread]:   host: 192.168.10.120
[0m09:33:18.538482 [info ] [MainThread]:   port: 5432
[0m09:33:18.539651 [info ] [MainThread]:   user: postgres
[0m09:33:18.540574 [info ] [MainThread]:   database: warehouse
[0m09:33:18.541642 [info ] [MainThread]:   schema: mart
[0m09:33:18.542832 [info ] [MainThread]:   connect_timeout: 10
[0m09:33:18.544102 [info ] [MainThread]:   role: None
[0m09:33:18.545094 [info ] [MainThread]:   search_path: None
[0m09:33:18.546082 [info ] [MainThread]:   keepalives_idle: 0
[0m09:33:18.547572 [info ] [MainThread]:   sslmode: None
[0m09:33:18.549782 [info ] [MainThread]:   sslcert: None
[0m09:33:18.551314 [info ] [MainThread]:   sslkey: None
[0m09:33:18.552885 [info ] [MainThread]:   sslrootcert: None
[0m09:33:18.554060 [info ] [MainThread]:   application_name: dbt
[0m09:33:18.555629 [info ] [MainThread]:   retries: 1
[0m09:33:18.556958 [info ] [MainThread]: Registered adapter: postgres=1.10.0
[0m09:33:18.630341 [debug] [MainThread]: Acquiring new postgres connection 'debug'
[0m09:33:18.676616 [debug] [MainThread]: Using postgres connection "debug"
[0m09:33:18.678066 [debug] [MainThread]: On debug: select 1 as id
[0m09:33:18.679325 [debug] [MainThread]: Opening a new connection, currently in state init
[0m09:33:18.723106 [debug] [MainThread]: SQL status: SELECT 1 in 0.044 seconds
[0m09:33:18.724983 [debug] [MainThread]: On debug: Close
[0m09:33:18.725952 [info ] [MainThread]:   Connection test: [[32mOK connection ok[0m]

[0m09:33:18.727075 [info ] [MainThread]: [31m1 check failed:[0m
[0m09:33:18.728116 [info ] [MainThread]: Error from git --help: Could not find command, ensure it is in the user's PATH: "git"

[0m09:33:18.729784 [debug] [MainThread]: Resource report: {"command_name": "debug", "command_success": false, "command_wall_clock_time": 0.48074666, "process_in_blocks": "0", "process_kernel_time": 0.478707, "process_mem_max_rss": "119940", "process_out_blocks": "3216", "process_user_time": 1.683454}
[0m09:33:18.730780 [debug] [MainThread]: Command `dbt debug` failed at 09:33:18.730675 after 0.48 seconds
[0m09:33:18.731489 [debug] [MainThread]: Connection 'debug' was properly closed.
[0m09:33:18.732191 [debug] [MainThread]: Sending event: {'category': 'dbt', 'action': 'invocation', 'label': 'end', 'context': [<snowplow_tracker.self_describing_json.SelfDescribingJson object at 0x7f86b152cf10>, <snowplow_tracker.self_describing_json.SelfDescribingJson object at 0x7f86b14c2c10>, <snowplow_tracker.self_describing_json.SelfDescribingJson object at 0x7f86af730190>]}
[0m09:33:18.733116 [debug] [MainThread]: Flushing usage events
[0m09:33:20.169168 [debug] [MainThread]: An error was encountered while trying to flush usage events
[0m09:33:31.424415 [debug] [MainThread]: Sending event: {'category': 'dbt', 'action': 'invocation', 'label': 'start', 'context': [<snowplow_tracker.self_describing_json.SelfDescribingJson object at 0x71eb3911b190>, <snowplow_tracker.self_describing_json.SelfDescribingJson object at 0x71eb39262850>, <snowplow_tracker.self_describing_json.SelfDescribingJson object at 0x71eb392620d0>]}


============================== 09:33:31.427480 | 1720f237-367c-4290-bd20-5176c6126509 ==============================
[0m09:33:31.427480 [info ] [MainThread]: Running with dbt=1.11.8
[0m09:33:31.428527 [debug] [MainThread]: running dbt with arguments {'warn_error_options': 'WarnErrorOptionsV2(error=[], warn=[], silence=[])', 'empty': 'False', 'quiet': 'False', 'version_check': 'True', 'use_experimental_parser': 'False', 'invocation_command': 'dbt run', 'send_anonymous_usage_stats': 'True', 'fail_fast': 'False', 'log_path': '/usr/app/logs', 'static_parser': 'True', 'debug': 'False', 'printer_width': '80', 'warn_error': 'None', 'partial_parse': 'True', 'log_format': 'default', 'no_print': 'None', 'target_path': 'None', 'introspect': 'True', 'write_json': 'True', 'log_cache_events': 'False', 'use_colors': 'True', 'profiles_dir': '/root/.dbt', 'indirect_selection': 'eager', 'cache_selected_only': 'False'}
[0m09:33:31.642637 [debug] [MainThread]: Sending event: {'category': 'dbt', 'action': 'project_id', 'label': '1720f237-367c-4290-bd20-5176c6126509', 'context': [<snowplow_tracker.self_describing_json.SelfDescribingJson object at 0x71eb3877de90>]}
[0m09:33:31.704994 [debug] [MainThread]: Sending event: {'category': 'dbt', 'action': 'adapter_info', 'label': '1720f237-367c-4290-bd20-5176c6126509', 'context': [<snowplow_tracker.self_describing_json.SelfDescribingJson object at 0x71eb3c2893d0>]}
[0m09:33:31.706524 [info ] [MainThread]: Registered adapter: postgres=1.10.0
[0m09:33:31.778407 [debug] [MainThread]: checksum: 7d524ac048c2100769df89d592e662e060a73ca564e31bd9c2a37efdfe8d8ab6, vars: {}, profile: , target: , version: 1.11.8
[0m09:33:31.946118 [debug] [MainThread]: Partial parsing enabled: 0 files deleted, 0 files added, 4 files changed.
[0m09:33:31.947646 [debug] [MainThread]: Partial parsing: updated file: api_dwh://models/mart/fact_payments.sql
[0m09:33:31.948695 [debug] [MainThread]: Partial parsing: updated file: api_dwh://models/mart/dim_customers.sql
[0m09:33:31.949673 [debug] [MainThread]: Partial parsing: updated file: api_dwh://models/mart/fact_orders.sql
[0m09:33:31.950596 [debug] [MainThread]: Partial parsing: updated file: api_dwh://models/mart/fact_sales_summary.sql
[0m09:33:32.393471 [debug] [MainThread]: Sending event: {'category': 'dbt', 'action': 'load_project', 'label': '1720f237-367c-4290-bd20-5176c6126509', 'context': [<snowplow_tracker.self_describing_json.SelfDescribingJson object at 0x71eb3a0b1750>]}
[0m09:33:32.489936 [debug] [MainThread]: Wrote artifact WritableManifest to /usr/app/target/manifest.json
[0m09:33:32.496593 [debug] [MainThread]: Wrote artifact SemanticManifest to /usr/app/target/semantic_manifest.json
[0m09:33:32.519961 [debug] [MainThread]: Sending event: {'category': 'dbt', 'action': 'resource_counts', 'label': '1720f237-367c-4290-bd20-5176c6126509', 'context': [<snowplow_tracker.self_describing_json.SelfDescribingJson object at 0x71eb373de650>]}
[0m09:33:32.521058 [info ] [MainThread]: Found 4 models, 6 data tests, 465 macros
[0m09:33:32.522086 [debug] [MainThread]: Sending event: {'category': 'dbt', 'action': 'runnable_timing', 'label': '1720f237-367c-4290-bd20-5176c6126509', 'context': [<snowplow_tracker.self_describing_json.SelfDescribingJson object at 0x71eb37b38410>]}
[0m09:33:32.525722 [info ] [MainThread]: 
[0m09:33:32.527208 [info ] [MainThread]: Concurrency: 4 threads (target='dev')
[0m09:33:32.528844 [info ] [MainThread]: 
[0m09:33:32.530993 [debug] [MainThread]: Acquiring new postgres connection 'master'
[0m09:33:32.537956 [debug] [ThreadPool]: Acquiring new postgres connection 'list_warehouse'
[0m09:33:32.581989 [debug] [ThreadPool]: Using postgres connection "list_warehouse"
[0m09:33:32.583593 [debug] [ThreadPool]: On list_warehouse: /* {"app": "dbt", "dbt_version": "1.11.8", "profile_name": "api_dwh", "target_name": "dev", "connection_name": "list_warehouse"} */

    select distinct nspname from pg_namespace
  
[0m09:33:32.585022 [debug] [ThreadPool]: Opening a new connection, currently in state init
[0m09:33:32.634901 [debug] [ThreadPool]: SQL status: SELECT 6 in 0.050 seconds
[0m09:33:32.636760 [debug] [ThreadPool]: On list_warehouse: Close
[0m09:33:32.638099 [debug] [ThreadPool]: Re-using an available connection from the pool (formerly list_warehouse, now create_warehouse_mart_mart)
[0m09:33:32.639043 [debug] [ThreadPool]: Creating schema "database: "warehouse"
schema: "mart_mart"
"
[0m09:33:32.643890 [debug] [ThreadPool]: Using postgres connection "create_warehouse_mart_mart"
[0m09:33:32.644665 [debug] [ThreadPool]: On create_warehouse_mart_mart: /* {"app": "dbt", "dbt_version": "1.11.8", "profile_name": "api_dwh", "target_name": "dev", "connection_name": "create_warehouse_mart_mart"} */
create schema if not exists "mart_mart"
[0m09:33:32.645389 [debug] [ThreadPool]: Opening a new connection, currently in state closed
[0m09:33:32.679189 [debug] [ThreadPool]: SQL status: CREATE SCHEMA in 0.034 seconds
[0m09:33:32.680858 [debug] [ThreadPool]: On create_warehouse_mart_mart: COMMIT
[0m09:33:32.681600 [debug] [ThreadPool]: Using postgres connection "create_warehouse_mart_mart"
[0m09:33:32.682303 [debug] [ThreadPool]: On create_warehouse_mart_mart: COMMIT
[0m09:33:32.718643 [debug] [ThreadPool]: SQL status: COMMIT in 0.036 seconds
[0m09:33:32.720068 [debug] [ThreadPool]: On create_warehouse_mart_mart: Close
[0m09:33:32.722690 [debug] [ThreadPool]: Re-using an available connection from the pool (formerly create_warehouse_mart_mart, now list_warehouse_mart_mart)
[0m09:33:32.728442 [debug] [ThreadPool]: Using postgres connection "list_warehouse_mart_mart"
[0m09:33:32.729293 [debug] [ThreadPool]: On list_warehouse_mart_mart: /* {"app": "dbt", "dbt_version": "1.11.8", "profile_name": "api_dwh", "target_name": "dev", "connection_name": "list_warehouse_mart_mart"} */
select
      'warehouse' as database,
      tablename as name,
      schemaname as schema,
      'table' as type
    from pg_tables
    where schemaname ilike 'mart_mart'
    union all
    select
      'warehouse' as database,
      viewname as name,
      schemaname as schema,
      'view' as type
    from pg_views
    where schemaname ilike 'mart_mart'
    union all
    select
      'warehouse' as database,
      matviewname as name,
      schemaname as schema,
      'materialized_view' as type
    from pg_matviews
    where schemaname ilike 'mart_mart'
  
[0m09:33:32.730142 [debug] [ThreadPool]: Opening a new connection, currently in state closed
[0m09:33:32.806182 [debug] [ThreadPool]: SQL status: SELECT 0 in 0.076 seconds
[0m09:33:32.808648 [debug] [ThreadPool]: On list_warehouse_mart_mart: ROLLBACK
[0m09:33:32.814908 [debug] [ThreadPool]: On list_warehouse_mart_mart: Close
[0m09:33:32.820202 [debug] [MainThread]: Using postgres connection "master"
[0m09:33:32.821178 [debug] [MainThread]: On master: /* {"app": "dbt", "dbt_version": "1.11.8", "profile_name": "api_dwh", "target_name": "dev", "connection_name": "master"} */
select distinct
        dependent_namespace.nspname as dependent_schema,
        dependent_class.relname as dependent_name,
        referenced_namespace.nspname as referenced_schema,
        referenced_class.relname as referenced_name

    -- Query for views: views are entries in pg_class with an entry in pg_rewrite, but we avoid
    -- a seq scan on pg_rewrite by leveraging the fact there is an "internal" row in pg_depend for
    -- the view...
    from pg_class as dependent_class
    join pg_namespace as dependent_namespace on dependent_namespace.oid = dependent_class.relnamespace
    join pg_depend as dependent_depend on dependent_depend.refobjid = dependent_class.oid
        and dependent_depend.classid = 'pg_rewrite'::regclass
        and dependent_depend.refclassid = 'pg_class'::regclass
        and dependent_depend.deptype = 'i'

    -- ... and via pg_depend (that has a row per column, hence the need for "distinct" above, and
    -- making sure to exclude the internal row to avoid a view appearing to depend on itself)...
    join pg_depend as joining_depend on joining_depend.objid = dependent_depend.objid
        and joining_depend.classid = 'pg_rewrite'::regclass
        and joining_depend.refclassid = 'pg_class'::regclass
        and joining_depend.refobjid != dependent_depend.refobjid

    -- ... we can find the tables they query from in pg_class, but excluding system tables. Note we
    -- don't need need to exclude _dependent_ system tables, because they only query from other
    -- system tables, and so are automatically excluded by excluding _referenced_ system tables
    join pg_class as referenced_class on referenced_class.oid = joining_depend.refobjid
    join pg_namespace as referenced_namespace on referenced_namespace.oid = referenced_class.relnamespace
        and referenced_namespace.nspname != 'information_schema'
        and referenced_namespace.nspname not like 'pg\_%'

    order by
        dependent_schema, dependent_name, referenced_schema, referenced_name;
[0m09:33:32.821979 [debug] [MainThread]: Opening a new connection, currently in state init
[0m09:33:32.902679 [debug] [MainThread]: SQL status: SELECT 0 in 0.081 seconds
[0m09:33:32.906315 [debug] [MainThread]: Sending event: {'category': 'dbt', 'action': 'runnable_timing', 'label': '1720f237-367c-4290-bd20-5176c6126509', 'context': [<snowplow_tracker.self_describing_json.SelfDescribingJson object at 0x71eb3a096a50>]}
[0m09:33:32.908466 [debug] [MainThread]: On master: ROLLBACK
[0m09:33:32.913910 [debug] [MainThread]: On master: COMMIT
[0m09:33:32.915285 [debug] [MainThread]: Using postgres connection "master"
[0m09:33:32.916232 [debug] [MainThread]: On master: COMMIT
[0m09:33:32.927806 [debug] [MainThread]: SQL status: COMMIT in 0.011 seconds
[0m09:33:32.928963 [debug] [MainThread]: On master: Close
[0m09:33:32.935589 [debug] [Thread-1 (]: Began running node model.api_dwh.dim_customers
[0m09:33:32.936125 [debug] [Thread-2 (]: Began running node model.api_dwh.fact_orders
[0m09:33:32.936496 [debug] [Thread-3 (]: Began running node model.api_dwh.fact_payments
[0m09:33:32.936851 [debug] [Thread-4 (]: Began running node model.api_dwh.fact_sales_summary
[0m09:33:32.937510 [info ] [Thread-1 (]: 1 of 4 START sql table model mart_mart.dim_customers ........................... [RUN]
[0m09:33:32.938643 [info ] [Thread-2 (]: 2 of 4 START sql table model mart_mart.fact_orders ............................. [RUN]
[0m09:33:32.939850 [info ] [Thread-3 (]: 3 of 4 START sql table model mart_mart.fact_payments ........................... [RUN]
[0m09:33:32.940989 [info ] [Thread-4 (]: 4 of 4 START sql table model mart_mart.fact_sales_summary ...................... [RUN]
[0m09:33:32.942221 [debug] [Thread-1 (]: Re-using an available connection from the pool (formerly list_warehouse_mart_mart, now model.api_dwh.dim_customers)
[0m09:33:32.943363 [debug] [Thread-2 (]: Acquiring new postgres connection 'model.api_dwh.fact_orders'
[0m09:33:32.944288 [debug] [Thread-3 (]: Acquiring new postgres connection 'model.api_dwh.fact_payments'
[0m09:33:32.945103 [debug] [Thread-4 (]: Acquiring new postgres connection 'model.api_dwh.fact_sales_summary'
[0m09:33:32.945867 [debug] [Thread-1 (]: Began compiling node model.api_dwh.dim_customers
[0m09:33:32.946631 [debug] [Thread-2 (]: Began compiling node model.api_dwh.fact_orders
[0m09:33:32.947407 [debug] [Thread-3 (]: Began compiling node model.api_dwh.fact_payments
[0m09:33:32.948264 [debug] [Thread-4 (]: Began compiling node model.api_dwh.fact_sales_summary
[0m09:33:32.955441 [debug] [Thread-1 (]: Writing injected SQL for node "model.api_dwh.dim_customers"
[0m09:33:32.959913 [debug] [Thread-2 (]: Writing injected SQL for node "model.api_dwh.fact_orders"
[0m09:33:32.965026 [debug] [Thread-3 (]: Writing injected SQL for node "model.api_dwh.fact_payments"
[0m09:33:32.968940 [debug] [Thread-4 (]: Writing injected SQL for node "model.api_dwh.fact_sales_summary"
[0m09:33:32.975764 [debug] [Thread-1 (]: Began executing node model.api_dwh.dim_customers
[0m09:33:32.976395 [debug] [Thread-3 (]: Began executing node model.api_dwh.fact_payments
[0m09:33:32.982748 [debug] [Thread-2 (]: Began executing node model.api_dwh.fact_orders
[0m09:33:32.996208 [debug] [Thread-4 (]: Began executing node model.api_dwh.fact_sales_summary
[0m09:33:33.023614 [debug] [Thread-1 (]: Writing runtime sql for node "model.api_dwh.dim_customers"
[0m09:33:33.024353 [debug] [Thread-3 (]: Writing runtime sql for node "model.api_dwh.fact_payments"
[0m09:33:33.028688 [debug] [Thread-2 (]: Writing runtime sql for node "model.api_dwh.fact_orders"
[0m09:33:33.033306 [debug] [Thread-4 (]: Writing runtime sql for node "model.api_dwh.fact_sales_summary"
[0m09:33:33.040213 [debug] [Thread-1 (]: Using postgres connection "model.api_dwh.dim_customers"
[0m09:33:33.041193 [debug] [Thread-3 (]: Using postgres connection "model.api_dwh.fact_payments"
[0m09:33:33.041622 [debug] [Thread-1 (]: On model.api_dwh.dim_customers: /* {"app": "dbt", "dbt_version": "1.11.8", "profile_name": "api_dwh", "target_name": "dev", "node_id": "model.api_dwh.dim_customers"} */

  
    

  create  table "warehouse"."mart_mart"."dim_customers__dbt_tmp"
  
  
    as
  
  (
    SELECT customer_id,
    TRIM(full_name) AS customer_name,
    LOWER(email) AS email,
    phone,
    created_at,
    updated_at
FROM staging.ods_customers
WHERE is_deleted = FALSE
  );
  
[0m09:33:33.042051 [debug] [Thread-2 (]: Using postgres connection "model.api_dwh.fact_orders"
[0m09:33:33.042974 [debug] [Thread-4 (]: Using postgres connection "model.api_dwh.fact_sales_summary"
[0m09:33:33.043354 [debug] [Thread-3 (]: On model.api_dwh.fact_payments: /* {"app": "dbt", "dbt_version": "1.11.8", "profile_name": "api_dwh", "target_name": "dev", "node_id": "model.api_dwh.fact_payments"} */

  
    

  create  table "warehouse"."mart_mart"."fact_payments__dbt_tmp"
  
  
    as
  
  (
    SELECT p.payment_id,
    p.order_id,
    o.customer_id,
    TRIM(c.full_name) AS customer_name,
    p.payment_method,
    p.amount,
    p.payment_date,
    DATE(p.payment_date) AS payment_day
FROM staging.ods_payments p
    LEFT JOIN staging.ods_orders o ON p.order_id = o.order_id
    LEFT JOIN staging.ods_customers c ON o.customer_id = c.customer_id
WHERE c.is_deleted = FALSE
  );
  
[0m09:33:33.044211 [debug] [Thread-1 (]: Opening a new connection, currently in state closed
[0m09:33:33.045022 [debug] [Thread-2 (]: On model.api_dwh.fact_orders: /* {"app": "dbt", "dbt_version": "1.11.8", "profile_name": "api_dwh", "target_name": "dev", "node_id": "model.api_dwh.fact_orders"} */

  
    

  create  table "warehouse"."mart_mart"."fact_orders__dbt_tmp"
  
  
    as
  
  (
    SELECT o.order_id,
    o.customer_id,
    TRIM(c.full_name) AS customer_name,
    LOWER(c.email) AS customer_email,
    o.product_name,
    o.qty,
    o.price,
    (o.qty * o.price) AS total_amount,
    o.order_date,
    DATE(o.order_date) AS order_day,
    EXTRACT(
        YEAR
        FROM o.order_date
    ) AS order_year,
    EXTRACT(
        MONTH
        FROM o.order_date
    ) AS order_month
FROM staging.ods_orders o
    LEFT JOIN staging.ods_customers c ON o.customer_id = c.customer_id
WHERE c.is_deleted = FALSE
  );
  
[0m09:33:33.045926 [debug] [Thread-4 (]: On model.api_dwh.fact_sales_summary: /* {"app": "dbt", "dbt_version": "1.11.8", "profile_name": "api_dwh", "target_name": "dev", "node_id": "model.api_dwh.fact_sales_summary"} */

  
    

  create  table "warehouse"."mart_mart"."fact_sales_summary__dbt_tmp"
  
  
    as
  
  (
    SELECT DATE(o.order_date) AS sales_date,
    COUNT(DISTINCT o.order_id) AS total_orders,
    COUNT(DISTINCT o.customer_id) AS total_customers,
    SUM(o.qty) AS total_qty,
    SUM(o.qty * o.price) AS gross_sales,
    AVG(o.qty * o.price) AS avg_order_value
FROM staging.ods_orders o
GROUP BY DATE(o.order_date)
  );
  
[0m09:33:33.046776 [debug] [Thread-3 (]: Opening a new connection, currently in state init
[0m09:33:33.048303 [debug] [Thread-2 (]: Opening a new connection, currently in state init
[0m09:33:33.049180 [debug] [Thread-4 (]: Opening a new connection, currently in state init
[0m09:33:33.076708 [debug] [Thread-4 (]: Postgres adapter: Got a retryable error when attempting to open a postgres connection.
1 attempts remaining. Retrying in 0 seconds.
Error:
connection to server at "192.168.10.120", port 5432 failed: FATAL:  sorry, too many clients already

[0m09:33:33.090542 [debug] [Thread-3 (]: Postgres adapter: Postgres error: operator does not exist: integer = character varying
LINE 21:     LEFT JOIN staging.ods_orders o ON p.order_id = o.order_i...
                                                          ^
HINT:  No operator matches the given name and argument types. You might need to add explicit type casts.

[0m09:33:33.091563 [debug] [Thread-3 (]: On model.api_dwh.fact_payments: ROLLBACK
[0m09:33:33.095102 [debug] [Thread-4 (]: Postgres adapter: Error running SQL: /* {"app": "dbt", "dbt_version": "1.11.8", "profile_name": "api_dwh", "target_name": "dev", "node_id": "model.api_dwh.fact_sales_summary"} */

  
    

  create  table "warehouse"."mart_mart"."fact_sales_summary__dbt_tmp"
  
  
    as
  
  (
    SELECT DATE(o.order_date) AS sales_date,
    COUNT(DISTINCT o.order_id) AS total_orders,
    COUNT(DISTINCT o.customer_id) AS total_customers,
    SUM(o.qty) AS total_qty,
    SUM(o.qty * o.price) AS gross_sales,
    AVG(o.qty * o.price) AS avg_order_value
FROM staging.ods_orders o
GROUP BY DATE(o.order_date)
  );
  
[0m09:33:33.096127 [debug] [Thread-4 (]: Postgres adapter: Rolling back transaction.
[0m09:33:33.097055 [debug] [Thread-4 (]: On model.api_dwh.fact_sales_summary: No close available on handle
[0m09:33:33.100049 [debug] [Thread-3 (]: On model.api_dwh.fact_payments: Close
[0m09:33:33.105837 [debug] [Thread-3 (]: Database Error in model fact_payments (models/mart/fact_payments.sql)
  operator does not exist: integer = character varying
  LINE 21:     LEFT JOIN staging.ods_orders o ON p.order_id = o.order_i...
                                                            ^
  HINT:  No operator matches the given name and argument types. You might need to add explicit type casts.
  compiled code at target/run/api_dwh/models/mart/fact_payments.sql
[0m09:33:33.107234 [debug] [Thread-1 (]: Postgres adapter: Postgres error: could not connect to server "master_server"
DETAIL:  connection to server at "192.168.10.120", port 5432 failed: FATAL:  sorry, too many clients already

[0m09:33:33.107886 [debug] [Thread-2 (]: Postgres adapter: Postgres error: operator does not exist: integer = character varying
LINE 31: ...EFT JOIN staging.ods_customers c ON o.customer_id = c.custom...
                                                              ^
HINT:  No operator matches the given name and argument types. You might need to add explicit type casts.

[0m09:33:33.110895 [debug] [Thread-4 (]: Database Error in model fact_sales_summary (models/mart/fact_sales_summary.sql)
  connection to server at "192.168.10.120", port 5432 failed: FATAL:  sorry, too many clients already
  
  compiled code at target/run/api_dwh/models/mart/fact_sales_summary.sql
[0m09:33:33.111403 [debug] [Thread-3 (]: Sending event: {'category': 'dbt', 'action': 'run_model', 'label': '1720f237-367c-4290-bd20-5176c6126509', 'context': [<snowplow_tracker.self_describing_json.SelfDescribingJson object at 0x71eb34b74f50>]}
[0m09:33:33.112186 [debug] [Thread-1 (]: On model.api_dwh.dim_customers: ROLLBACK
[0m09:33:33.113302 [debug] [Thread-2 (]: On model.api_dwh.fact_orders: ROLLBACK
[0m09:33:33.114380 [debug] [Thread-4 (]: Sending event: {'category': 'dbt', 'action': 'run_model', 'label': '1720f237-367c-4290-bd20-5176c6126509', 'context': [<snowplow_tracker.self_describing_json.SelfDescribingJson object at 0x71eb34b56e50>]}
[0m09:33:33.115732 [error] [Thread-3 (]: 3 of 4 ERROR creating sql table model mart_mart.fact_payments .................. [[31mERROR[0m in 0.16s]
[0m09:33:33.118739 [error] [Thread-4 (]: 4 of 4 ERROR creating sql table model mart_mart.fact_sales_summary ............. [[31mERROR[0m in 0.17s]
[0m09:33:33.120276 [debug] [Thread-3 (]: Finished running node model.api_dwh.fact_payments
[0m09:33:33.121896 [debug] [Thread-4 (]: Finished running node model.api_dwh.fact_sales_summary
[0m09:33:33.123396 [debug] [Thread-7 (]: Marking all children of 'model.api_dwh.fact_payments' to be skipped because of status 'error'.  Reason: Database Error in model fact_payments (models/mart/fact_payments.sql)
  operator does not exist: integer = character varying
  LINE 21:     LEFT JOIN staging.ods_orders o ON p.order_id = o.order_i...
                                                            ^
  HINT:  No operator matches the given name and argument types. You might need to add explicit type casts.
  compiled code at target/run/api_dwh/models/mart/fact_payments.sql.
[0m09:33:33.124501 [debug] [Thread-2 (]: On model.api_dwh.fact_orders: Close
[0m09:33:33.125119 [debug] [Thread-1 (]: On model.api_dwh.dim_customers: Close
[0m09:33:33.126790 [debug] [Thread-7 (]: Marking all children of 'model.api_dwh.fact_sales_summary' to be skipped because of status 'error'.  Reason: Database Error in model fact_sales_summary (models/mart/fact_sales_summary.sql)
  connection to server at "192.168.10.120", port 5432 failed: FATAL:  sorry, too many clients already
  
  compiled code at target/run/api_dwh/models/mart/fact_sales_summary.sql.
[0m09:33:33.130311 [debug] [Thread-2 (]: Database Error in model fact_orders (models/mart/fact_orders.sql)
  operator does not exist: integer = character varying
  LINE 31: ...EFT JOIN staging.ods_customers c ON o.customer_id = c.custom...
                                                                ^
  HINT:  No operator matches the given name and argument types. You might need to add explicit type casts.
  compiled code at target/run/api_dwh/models/mart/fact_orders.sql
[0m09:33:33.133422 [debug] [Thread-1 (]: Database Error in model dim_customers (models/mart/dim_customers.sql)
  could not connect to server "master_server"
  DETAIL:  connection to server at "192.168.10.120", port 5432 failed: FATAL:  sorry, too many clients already
  compiled code at target/run/api_dwh/models/mart/dim_customers.sql
[0m09:33:33.134915 [debug] [Thread-2 (]: Sending event: {'category': 'dbt', 'action': 'run_model', 'label': '1720f237-367c-4290-bd20-5176c6126509', 'context': [<snowplow_tracker.self_describing_json.SelfDescribingJson object at 0x71eb34b993d0>]}
[0m09:33:33.136583 [debug] [Thread-1 (]: Sending event: {'category': 'dbt', 'action': 'run_model', 'label': '1720f237-367c-4290-bd20-5176c6126509', 'context': [<snowplow_tracker.self_describing_json.SelfDescribingJson object at 0x71eb39818b10>]}
[0m09:33:33.138120 [error] [Thread-2 (]: 2 of 4 ERROR creating sql table model mart_mart.fact_orders .................... [[31mERROR[0m in 0.19s]
[0m09:33:33.140260 [error] [Thread-1 (]: 1 of 4 ERROR creating sql table model mart_mart.dim_customers .................. [[31mERROR[0m in 0.19s]
[0m09:33:33.143011 [debug] [Thread-2 (]: Finished running node model.api_dwh.fact_orders
[0m09:33:33.144616 [debug] [Thread-1 (]: Finished running node model.api_dwh.dim_customers
[0m09:33:33.146012 [debug] [Thread-7 (]: Marking all children of 'model.api_dwh.fact_orders' to be skipped because of status 'error'.  Reason: Database Error in model fact_orders (models/mart/fact_orders.sql)
  operator does not exist: integer = character varying
  LINE 31: ...EFT JOIN staging.ods_customers c ON o.customer_id = c.custom...
                                                                ^
  HINT:  No operator matches the given name and argument types. You might need to add explicit type casts.
  compiled code at target/run/api_dwh/models/mart/fact_orders.sql.
[0m09:33:33.147584 [debug] [Thread-7 (]: Marking all children of 'model.api_dwh.dim_customers' to be skipped because of status 'error'.  Reason: Database Error in model dim_customers (models/mart/dim_customers.sql)
  could not connect to server "master_server"
  DETAIL:  connection to server at "192.168.10.120", port 5432 failed: FATAL:  sorry, too many clients already
  compiled code at target/run/api_dwh/models/mart/dim_customers.sql.
[0m09:33:33.150445 [debug] [MainThread]: On master: COMMIT
[0m09:33:33.152291 [debug] [MainThread]: Using postgres connection "master"
[0m09:33:33.153764 [debug] [MainThread]: On master: COMMIT
[0m09:33:33.155038 [debug] [MainThread]: Opening a new connection, currently in state closed
[0m09:33:33.199261 [debug] [MainThread]: SQL status: COMMIT in 0.044 seconds
[0m09:33:33.200841 [debug] [MainThread]: On master: Close
[0m09:33:33.202606 [debug] [MainThread]: Connection 'master' was properly closed.
[0m09:33:33.203935 [debug] [MainThread]: Connection 'model.api_dwh.dim_customers' was properly closed.
[0m09:33:33.204802 [debug] [MainThread]: Connection 'model.api_dwh.fact_orders' was properly closed.
[0m09:33:33.205558 [debug] [MainThread]: Connection 'model.api_dwh.fact_payments' was properly closed.
[0m09:33:33.206354 [debug] [MainThread]: Connection 'model.api_dwh.fact_sales_summary' was properly closed.
[0m09:33:33.207258 [info ] [MainThread]: 
[0m09:33:33.208255 [info ] [MainThread]: Finished running 4 table models in 0 hours 0 minutes and 0.68 seconds (0.68s).
[0m09:33:33.210393 [debug] [MainThread]: Command end result
[0m09:33:33.260709 [debug] [MainThread]: Wrote artifact WritableManifest to /usr/app/target/manifest.json
[0m09:33:33.266744 [debug] [MainThread]: Wrote artifact SemanticManifest to /usr/app/target/semantic_manifest.json
[0m09:33:33.279261 [debug] [MainThread]: Wrote artifact RunExecutionResult to /usr/app/target/run_results.json
[0m09:33:33.280200 [info ] [MainThread]: 
[0m09:33:33.281507 [info ] [MainThread]: [31mCompleted with 4 errors, 0 partial successes, and 0 warnings:[0m
[0m09:33:33.283107 [info ] [MainThread]: 
[0m09:33:33.284506 [error] [MainThread]: [31mFailure in model fact_payments (models/mart/fact_payments.sql)[0m
[0m09:33:33.285798 [error] [MainThread]:   Database Error in model fact_payments (models/mart/fact_payments.sql)
  operator does not exist: integer = character varying
  LINE 21:     LEFT JOIN staging.ods_orders o ON p.order_id = o.order_i...
                                                            ^
  HINT:  No operator matches the given name and argument types. You might need to add explicit type casts.
  compiled code at target/run/api_dwh/models/mart/fact_payments.sql
[0m09:33:33.286977 [info ] [MainThread]: 
[0m09:33:33.288416 [info ] [MainThread]:   compiled code at target/compiled/api_dwh/models/mart/fact_payments.sql
[0m09:33:33.289747 [info ] [MainThread]: 
[0m09:33:33.291333 [error] [MainThread]: [31mFailure in model fact_sales_summary (models/mart/fact_sales_summary.sql)[0m
[0m09:33:33.293444 [error] [MainThread]:   Database Error in model fact_sales_summary (models/mart/fact_sales_summary.sql)
  connection to server at "192.168.10.120", port 5432 failed: FATAL:  sorry, too many clients already
  
  compiled code at target/run/api_dwh/models/mart/fact_sales_summary.sql
[0m09:33:33.295574 [info ] [MainThread]: 
[0m09:33:33.297450 [info ] [MainThread]:   compiled code at target/compiled/api_dwh/models/mart/fact_sales_summary.sql
[0m09:33:33.298795 [info ] [MainThread]: 
[0m09:33:33.300243 [error] [MainThread]: [31mFailure in model fact_orders (models/mart/fact_orders.sql)[0m
[0m09:33:33.302271 [error] [MainThread]:   Database Error in model fact_orders (models/mart/fact_orders.sql)
  operator does not exist: integer = character varying
  LINE 31: ...EFT JOIN staging.ods_customers c ON o.customer_id = c.custom...
                                                                ^
  HINT:  No operator matches the given name and argument types. You might need to add explicit type casts.
  compiled code at target/run/api_dwh/models/mart/fact_orders.sql
[0m09:33:33.304638 [info ] [MainThread]: 
[0m09:33:33.306563 [info ] [MainThread]:   compiled code at target/compiled/api_dwh/models/mart/fact_orders.sql
[0m09:33:33.307791 [info ] [MainThread]: 
[0m09:33:33.309130 [error] [MainThread]: [31mFailure in model dim_customers (models/mart/dim_customers.sql)[0m
[0m09:33:33.310897 [error] [MainThread]:   Database Error in model dim_customers (models/mart/dim_customers.sql)
  could not connect to server "master_server"
  DETAIL:  connection to server at "192.168.10.120", port 5432 failed: FATAL:  sorry, too many clients already
  compiled code at target/run/api_dwh/models/mart/dim_customers.sql
[0m09:33:33.312322 [info ] [MainThread]: 
[0m09:33:33.314018 [info ] [MainThread]:   compiled code at target/compiled/api_dwh/models/mart/dim_customers.sql
[0m09:33:33.315299 [info ] [MainThread]: 
[0m09:33:33.316863 [info ] [MainThread]: Done. PASS=0 WARN=0 ERROR=4 SKIP=0 NO-OP=0 TOTAL=4
[0m09:33:33.320301 [debug] [MainThread]: Resource report: {"command_name": "run", "command_success": false, "command_wall_clock_time": 1.9669682, "process_in_blocks": "0", "process_kernel_time": 0.340988, "process_mem_max_rss": "132924", "process_out_blocks": "120", "process_user_time": 2.49122}
[0m09:33:33.322515 [debug] [MainThread]: Command `dbt run` failed at 09:33:33.322175 after 1.97 seconds
[0m09:33:33.324196 [debug] [MainThread]: Sending event: {'category': 'dbt', 'action': 'invocation', 'label': 'end', 'context': [<snowplow_tracker.self_describing_json.SelfDescribingJson object at 0x71eb3a525050>, <snowplow_tracker.self_describing_json.SelfDescribingJson object at 0x71eb3dcc13d0>, <snowplow_tracker.self_describing_json.SelfDescribingJson object at 0x71eb3951bdd0>]}
[0m09:33:33.325285 [debug] [MainThread]: Flushing usage events
[0m09:33:34.366510 [debug] [MainThread]: An error was encountered while trying to flush usage events
[0m09:43:32.653939 [debug] [MainThread]: Sending event: {'category': 'dbt', 'action': 'invocation', 'label': 'start', 'context': [<snowplow_tracker.self_describing_json.SelfDescribingJson object at 0x7a34ae405050>, <snowplow_tracker.self_describing_json.SelfDescribingJson object at 0x7a34ae2cf2d0>, <snowplow_tracker.self_describing_json.SelfDescribingJson object at 0x7a34ae2cf450>]}


============================== 09:43:32.657260 | a0bfc760-ed49-4482-b568-1f7a97d00d9c ==============================
[0m09:43:32.657260 [info ] [MainThread]: Running with dbt=1.11.8
[0m09:43:32.658367 [debug] [MainThread]: running dbt with arguments {'fail_fast': 'False', 'quiet': 'False', 'warn_error': 'None', 'debug': 'False', 'indirect_selection': 'eager', 'static_parser': 'True', 'use_experimental_parser': 'False', 'partial_parse': 'True', 'send_anonymous_usage_stats': 'True', 'printer_width': '80', 'invocation_command': 'dbt run', 'version_check': 'True', 'log_cache_events': 'False', 'introspect': 'True', 'log_format': 'default', 'empty': 'False', 'target_path': 'None', 'log_path': '/usr/app/logs', 'cache_selected_only': 'False', 'profiles_dir': '/root/.dbt', 'warn_error_options': 'WarnErrorOptionsV2(error=[], warn=[], silence=[])', 'no_print': 'None', 'use_colors': 'True', 'write_json': 'True'}
[0m09:43:32.809688 [debug] [MainThread]: Sending event: {'category': 'dbt', 'action': 'project_id', 'label': 'a0bfc760-ed49-4482-b568-1f7a97d00d9c', 'context': [<snowplow_tracker.self_describing_json.SelfDescribingJson object at 0x7a34b12e0a50>]}
[0m09:43:32.868004 [debug] [MainThread]: Sending event: {'category': 'dbt', 'action': 'adapter_info', 'label': 'a0bfc760-ed49-4482-b568-1f7a97d00d9c', 'context': [<snowplow_tracker.self_describing_json.SelfDescribingJson object at 0x7a34b141cbd0>]}
[0m09:43:32.869591 [info ] [MainThread]: Registered adapter: postgres=1.10.0
[0m09:43:32.935168 [debug] [MainThread]: checksum: 7d524ac048c2100769df89d592e662e060a73ca564e31bd9c2a37efdfe8d8ab6, vars: {}, profile: , target: , version: 1.11.8
[0m09:43:33.105949 [debug] [MainThread]: Partial parsing enabled: 0 files deleted, 0 files added, 2 files changed.
[0m09:43:33.107034 [debug] [MainThread]: Partial parsing: updated file: api_dwh://models/mart/fact_payments.sql
[0m09:43:33.107823 [debug] [MainThread]: Partial parsing: updated file: api_dwh://models/mart/fact_orders.sql
[0m09:43:33.558579 [debug] [MainThread]: Sending event: {'category': 'dbt', 'action': 'load_project', 'label': 'a0bfc760-ed49-4482-b568-1f7a97d00d9c', 'context': [<snowplow_tracker.self_describing_json.SelfDescribingJson object at 0x7a34ad93ae90>]}
[0m09:43:33.643872 [debug] [MainThread]: Wrote artifact WritableManifest to /usr/app/target/manifest.json
[0m09:43:33.648474 [debug] [MainThread]: Wrote artifact SemanticManifest to /usr/app/target/semantic_manifest.json
[0m09:43:33.660734 [debug] [MainThread]: Sending event: {'category': 'dbt', 'action': 'resource_counts', 'label': 'a0bfc760-ed49-4482-b568-1f7a97d00d9c', 'context': [<snowplow_tracker.self_describing_json.SelfDescribingJson object at 0x7a34ad8a6bd0>]}
[0m09:43:33.661653 [info ] [MainThread]: Found 4 models, 6 data tests, 465 macros
[0m09:43:33.662437 [debug] [MainThread]: Sending event: {'category': 'dbt', 'action': 'runnable_timing', 'label': 'a0bfc760-ed49-4482-b568-1f7a97d00d9c', 'context': [<snowplow_tracker.self_describing_json.SelfDescribingJson object at 0x7a34ad1742d0>]}
[0m09:43:33.664856 [info ] [MainThread]: 
[0m09:43:33.665903 [info ] [MainThread]: Concurrency: 4 threads (target='dev')
[0m09:43:33.666976 [info ] [MainThread]: 
[0m09:43:33.668133 [debug] [MainThread]: Acquiring new postgres connection 'master'
[0m09:43:33.672841 [debug] [ThreadPool]: Acquiring new postgres connection 'list_warehouse'
[0m09:43:33.711782 [debug] [ThreadPool]: Using postgres connection "list_warehouse"
[0m09:43:33.713586 [debug] [ThreadPool]: On list_warehouse: /* {"app": "dbt", "dbt_version": "1.11.8", "profile_name": "api_dwh", "target_name": "dev", "connection_name": "list_warehouse"} */

    select distinct nspname from pg_namespace
  
[0m09:43:33.715138 [debug] [ThreadPool]: Opening a new connection, currently in state init
[0m09:43:33.757205 [debug] [ThreadPool]: SQL status: SELECT 7 in 0.042 seconds
[0m09:43:33.759439 [debug] [ThreadPool]: On list_warehouse: Close
[0m09:43:33.762295 [debug] [ThreadPool]: Re-using an available connection from the pool (formerly list_warehouse, now list_warehouse_mart_mart)
[0m09:43:33.768404 [debug] [ThreadPool]: Using postgres connection "list_warehouse_mart_mart"
[0m09:43:33.769421 [debug] [ThreadPool]: On list_warehouse_mart_mart: /* {"app": "dbt", "dbt_version": "1.11.8", "profile_name": "api_dwh", "target_name": "dev", "connection_name": "list_warehouse_mart_mart"} */
select
      'warehouse' as database,
      tablename as name,
      schemaname as schema,
      'table' as type
    from pg_tables
    where schemaname ilike 'mart_mart'
    union all
    select
      'warehouse' as database,
      viewname as name,
      schemaname as schema,
      'view' as type
    from pg_views
    where schemaname ilike 'mart_mart'
    union all
    select
      'warehouse' as database,
      matviewname as name,
      schemaname as schema,
      'materialized_view' as type
    from pg_matviews
    where schemaname ilike 'mart_mart'
  
[0m09:43:33.770060 [debug] [ThreadPool]: Opening a new connection, currently in state closed
[0m09:43:33.831174 [debug] [ThreadPool]: SQL status: SELECT 0 in 0.061 seconds
[0m09:43:33.837740 [debug] [ThreadPool]: On list_warehouse_mart_mart: ROLLBACK
[0m09:43:33.843980 [debug] [ThreadPool]: On list_warehouse_mart_mart: Close
[0m09:43:33.850025 [debug] [MainThread]: Using postgres connection "master"
[0m09:43:33.851169 [debug] [MainThread]: On master: /* {"app": "dbt", "dbt_version": "1.11.8", "profile_name": "api_dwh", "target_name": "dev", "connection_name": "master"} */
select distinct
        dependent_namespace.nspname as dependent_schema,
        dependent_class.relname as dependent_name,
        referenced_namespace.nspname as referenced_schema,
        referenced_class.relname as referenced_name

    -- Query for views: views are entries in pg_class with an entry in pg_rewrite, but we avoid
    -- a seq scan on pg_rewrite by leveraging the fact there is an "internal" row in pg_depend for
    -- the view...
    from pg_class as dependent_class
    join pg_namespace as dependent_namespace on dependent_namespace.oid = dependent_class.relnamespace
    join pg_depend as dependent_depend on dependent_depend.refobjid = dependent_class.oid
        and dependent_depend.classid = 'pg_rewrite'::regclass
        and dependent_depend.refclassid = 'pg_class'::regclass
        and dependent_depend.deptype = 'i'

    -- ... and via pg_depend (that has a row per column, hence the need for "distinct" above, and
    -- making sure to exclude the internal row to avoid a view appearing to depend on itself)...
    join pg_depend as joining_depend on joining_depend.objid = dependent_depend.objid
        and joining_depend.classid = 'pg_rewrite'::regclass
        and joining_depend.refclassid = 'pg_class'::regclass
        and joining_depend.refobjid != dependent_depend.refobjid

    -- ... we can find the tables they query from in pg_class, but excluding system tables. Note we
    -- don't need need to exclude _dependent_ system tables, because they only query from other
    -- system tables, and so are automatically excluded by excluding _referenced_ system tables
    join pg_class as referenced_class on referenced_class.oid = joining_depend.refobjid
    join pg_namespace as referenced_namespace on referenced_namespace.oid = referenced_class.relnamespace
        and referenced_namespace.nspname != 'information_schema'
        and referenced_namespace.nspname not like 'pg\_%'

    order by
        dependent_schema, dependent_name, referenced_schema, referenced_name;
[0m09:43:33.852164 [debug] [MainThread]: Opening a new connection, currently in state init
[0m09:43:33.916724 [debug] [MainThread]: SQL status: SELECT 0 in 0.064 seconds
[0m09:43:33.919304 [debug] [MainThread]: Sending event: {'category': 'dbt', 'action': 'runnable_timing', 'label': 'a0bfc760-ed49-4482-b568-1f7a97d00d9c', 'context': [<snowplow_tracker.self_describing_json.SelfDescribingJson object at 0x7a34ac136010>]}
[0m09:43:33.920714 [debug] [MainThread]: On master: ROLLBACK
[0m09:43:33.926317 [debug] [MainThread]: On master: COMMIT
[0m09:43:33.927418 [debug] [MainThread]: Using postgres connection "master"
[0m09:43:33.928386 [debug] [MainThread]: On master: COMMIT
[0m09:43:33.935853 [debug] [MainThread]: SQL status: COMMIT in 0.007 seconds
[0m09:43:33.936996 [debug] [MainThread]: On master: Close
[0m09:43:33.942586 [debug] [Thread-1 (]: Began running node model.api_dwh.dim_customers
[0m09:43:33.943058 [debug] [Thread-2 (]: Began running node model.api_dwh.fact_orders
[0m09:43:33.943451 [debug] [Thread-3 (]: Began running node model.api_dwh.fact_payments
[0m09:43:33.943841 [debug] [Thread-4 (]: Began running node model.api_dwh.fact_sales_summary
[0m09:43:33.944532 [info ] [Thread-1 (]: 1 of 4 START sql table model mart_mart.dim_customers ........................... [RUN]
[0m09:43:33.945603 [info ] [Thread-2 (]: 2 of 4 START sql table model mart_mart.fact_orders ............................. [RUN]
[0m09:43:33.946752 [info ] [Thread-3 (]: 3 of 4 START sql table model mart_mart.fact_payments ........................... [RUN]
[0m09:43:33.947901 [info ] [Thread-4 (]: 4 of 4 START sql table model mart_mart.fact_sales_summary ...................... [RUN]
[0m09:43:33.949346 [debug] [Thread-1 (]: Re-using an available connection from the pool (formerly list_warehouse_mart_mart, now model.api_dwh.dim_customers)
[0m09:43:33.950508 [debug] [Thread-2 (]: Acquiring new postgres connection 'model.api_dwh.fact_orders'
[0m09:43:33.951382 [debug] [Thread-3 (]: Acquiring new postgres connection 'model.api_dwh.fact_payments'
[0m09:43:33.952274 [debug] [Thread-4 (]: Acquiring new postgres connection 'model.api_dwh.fact_sales_summary'
[0m09:43:33.952999 [debug] [Thread-1 (]: Began compiling node model.api_dwh.dim_customers
[0m09:43:33.953708 [debug] [Thread-2 (]: Began compiling node model.api_dwh.fact_orders
[0m09:43:33.954463 [debug] [Thread-3 (]: Began compiling node model.api_dwh.fact_payments
[0m09:43:33.955192 [debug] [Thread-4 (]: Began compiling node model.api_dwh.fact_sales_summary
[0m09:43:33.961541 [debug] [Thread-1 (]: Writing injected SQL for node "model.api_dwh.dim_customers"
[0m09:43:33.965835 [debug] [Thread-2 (]: Writing injected SQL for node "model.api_dwh.fact_orders"
[0m09:43:33.968472 [debug] [Thread-3 (]: Writing injected SQL for node "model.api_dwh.fact_payments"
[0m09:43:33.971040 [debug] [Thread-4 (]: Writing injected SQL for node "model.api_dwh.fact_sales_summary"
[0m09:43:33.977491 [debug] [Thread-3 (]: Began executing node model.api_dwh.fact_payments
[0m09:43:33.978084 [debug] [Thread-4 (]: Began executing node model.api_dwh.fact_sales_summary
[0m09:43:33.979075 [debug] [Thread-1 (]: Began executing node model.api_dwh.dim_customers
[0m09:43:33.990376 [debug] [Thread-2 (]: Began executing node model.api_dwh.fact_orders
[0m09:43:34.022018 [debug] [Thread-3 (]: Writing runtime sql for node "model.api_dwh.fact_payments"
[0m09:43:34.024314 [debug] [Thread-4 (]: Writing runtime sql for node "model.api_dwh.fact_sales_summary"
[0m09:43:34.028340 [debug] [Thread-1 (]: Writing runtime sql for node "model.api_dwh.dim_customers"
[0m09:43:34.032431 [debug] [Thread-2 (]: Writing runtime sql for node "model.api_dwh.fact_orders"
[0m09:43:34.038982 [debug] [Thread-1 (]: Using postgres connection "model.api_dwh.dim_customers"
[0m09:43:34.039986 [debug] [Thread-4 (]: Using postgres connection "model.api_dwh.fact_sales_summary"
[0m09:43:34.040462 [debug] [Thread-1 (]: On model.api_dwh.dim_customers: /* {"app": "dbt", "dbt_version": "1.11.8", "profile_name": "api_dwh", "target_name": "dev", "node_id": "model.api_dwh.dim_customers"} */

  
    

  create  table "warehouse"."mart_mart"."dim_customers__dbt_tmp"
  
  
    as
  
  (
    SELECT customer_id,
    TRIM(full_name) AS customer_name,
    LOWER(email) AS email,
    phone,
    created_at,
    updated_at
FROM staging.ods_customers
WHERE is_deleted = FALSE
  );
  
[0m09:43:34.040853 [debug] [Thread-3 (]: Using postgres connection "model.api_dwh.fact_payments"
[0m09:43:34.041285 [debug] [Thread-2 (]: Using postgres connection "model.api_dwh.fact_orders"
[0m09:43:34.041922 [debug] [Thread-4 (]: On model.api_dwh.fact_sales_summary: /* {"app": "dbt", "dbt_version": "1.11.8", "profile_name": "api_dwh", "target_name": "dev", "node_id": "model.api_dwh.fact_sales_summary"} */

  
    

  create  table "warehouse"."mart_mart"."fact_sales_summary__dbt_tmp"
  
  
    as
  
  (
    SELECT DATE(o.order_date) AS sales_date,
    COUNT(DISTINCT o.order_id) AS total_orders,
    COUNT(DISTINCT o.customer_id) AS total_customers,
    SUM(o.qty) AS total_qty,
    SUM(o.qty * o.price) AS gross_sales,
    AVG(o.qty * o.price) AS avg_order_value
FROM staging.ods_orders o
GROUP BY DATE(o.order_date)
  );
  
[0m09:43:34.042646 [debug] [Thread-1 (]: Opening a new connection, currently in state closed
[0m09:43:34.043396 [debug] [Thread-3 (]: On model.api_dwh.fact_payments: /* {"app": "dbt", "dbt_version": "1.11.8", "profile_name": "api_dwh", "target_name": "dev", "node_id": "model.api_dwh.fact_payments"} */

  
    

  create  table "warehouse"."mart_mart"."fact_payments__dbt_tmp"
  
  
    as
  
  (
    SELECT p.payment_id,
    p.order_id,
    o.customer_id,
    TRIM(c.full_name) AS customer_name,
    p.payment_method,
    p.amount,
    p.payment_date,
    DATE(p.payment_date) AS payment_day
FROM staging.ods_payments p
    LEFT JOIN staging.ods_orders o ON p.order_id::VARCHAR = o.order_id
    LEFT JOIN staging.ods_customers c ON o.customer_id::VARCHAR = c.customer_id
WHERE c.is_deleted = FALSE
  );
  
[0m09:43:34.044161 [debug] [Thread-2 (]: On model.api_dwh.fact_orders: /* {"app": "dbt", "dbt_version": "1.11.8", "profile_name": "api_dwh", "target_name": "dev", "node_id": "model.api_dwh.fact_orders"} */

  
    

  create  table "warehouse"."mart_mart"."fact_orders__dbt_tmp"
  
  
    as
  
  (
    SELECT o.order_id,
    o.customer_id,
    TRIM(c.full_name) AS customer_name,
    LOWER(c.email) AS customer_email,
    o.product_name,
    o.qty,
    o.price,
    (o.qty * o.price) AS total_amount,
    o.order_date,
    DATE(o.order_date) AS order_day,
    EXTRACT(
        YEAR
        FROM o.order_date
    ) AS order_year,
    EXTRACT(
        MONTH
        FROM o.order_date
    ) AS order_month
FROM staging.ods_orders o
    LEFT JOIN staging.ods_customers c ON o.customer_id::VARCHAR = c.customer_id
WHERE c.is_deleted = FALSE
  );
  
[0m09:43:34.044856 [debug] [Thread-4 (]: Opening a new connection, currently in state init
[0m09:43:34.046154 [debug] [Thread-3 (]: Opening a new connection, currently in state init
[0m09:43:34.046987 [debug] [Thread-2 (]: Opening a new connection, currently in state init
[0m09:43:34.064916 [debug] [Thread-3 (]: Postgres adapter: Got a retryable error when attempting to open a postgres connection.
1 attempts remaining. Retrying in 0 seconds.
Error:
connection to server at "192.168.10.120", port 5432 failed: FATAL:  sorry, too many clients already

[0m09:43:34.084666 [debug] [Thread-3 (]: Postgres adapter: Error running SQL: /* {"app": "dbt", "dbt_version": "1.11.8", "profile_name": "api_dwh", "target_name": "dev", "node_id": "model.api_dwh.fact_payments"} */

  
    

  create  table "warehouse"."mart_mart"."fact_payments__dbt_tmp"
  
  
    as
  
  (
    SELECT p.payment_id,
    p.order_id,
    o.customer_id,
    TRIM(c.full_name) AS customer_name,
    p.payment_method,
    p.amount,
    p.payment_date,
    DATE(p.payment_date) AS payment_day
FROM staging.ods_payments p
    LEFT JOIN staging.ods_orders o ON p.order_id::VARCHAR = o.order_id
    LEFT JOIN staging.ods_customers c ON o.customer_id::VARCHAR = c.customer_id
WHERE c.is_deleted = FALSE
  );
  
[0m09:43:34.085807 [debug] [Thread-3 (]: Postgres adapter: Rolling back transaction.
[0m09:43:34.086702 [debug] [Thread-3 (]: On model.api_dwh.fact_payments: No close available on handle
[0m09:43:34.091033 [debug] [Thread-3 (]: Database Error in model fact_payments (models/mart/fact_payments.sql)
  connection to server at "192.168.10.120", port 5432 failed: FATAL:  sorry, too many clients already
  
  compiled code at target/run/api_dwh/models/mart/fact_payments.sql
[0m09:43:34.092874 [debug] [Thread-3 (]: Sending event: {'category': 'dbt', 'action': 'run_model', 'label': 'a0bfc760-ed49-4482-b568-1f7a97d00d9c', 'context': [<snowplow_tracker.self_describing_json.SelfDescribingJson object at 0x7a34acddb7d0>]}
[0m09:43:34.094057 [error] [Thread-3 (]: 3 of 4 ERROR creating sql table model mart_mart.fact_payments .................. [[31mERROR[0m in 0.14s]
[0m09:43:34.095534 [debug] [Thread-3 (]: Finished running node model.api_dwh.fact_payments
[0m09:43:34.096751 [debug] [Thread-7 (]: Marking all children of 'model.api_dwh.fact_payments' to be skipped because of status 'error'.  Reason: Database Error in model fact_payments (models/mart/fact_payments.sql)
  connection to server at "192.168.10.120", port 5432 failed: FATAL:  sorry, too many clients already
  
  compiled code at target/run/api_dwh/models/mart/fact_payments.sql.
[0m09:43:34.108439 [debug] [Thread-4 (]: Postgres adapter: Postgres error: could not connect to server "master_server"
DETAIL:  connection to server at "192.168.10.120", port 5432 failed: FATAL:  sorry, too many clients already

[0m09:43:34.109486 [debug] [Thread-4 (]: On model.api_dwh.fact_sales_summary: ROLLBACK
[0m09:43:34.111225 [debug] [Thread-2 (]: Postgres adapter: Postgres error: could not connect to server "master_server"
DETAIL:  connection to server at "192.168.10.120", port 5432 failed: FATAL:  sorry, too many clients already

[0m09:43:34.112092 [debug] [Thread-2 (]: On model.api_dwh.fact_orders: ROLLBACK
[0m09:43:34.117620 [debug] [Thread-1 (]: Postgres adapter: Postgres error: could not connect to server "master_server"
DETAIL:  connection to server at "192.168.10.120", port 5432 failed: FATAL:  sorry, too many clients already

[0m09:43:34.118796 [debug] [Thread-4 (]: On model.api_dwh.fact_sales_summary: Close
[0m09:43:34.119201 [debug] [Thread-2 (]: On model.api_dwh.fact_orders: Close
[0m09:43:34.119574 [debug] [Thread-1 (]: On model.api_dwh.dim_customers: ROLLBACK
[0m09:43:34.123885 [debug] [Thread-4 (]: Database Error in model fact_sales_summary (models/mart/fact_sales_summary.sql)
  could not connect to server "master_server"
  DETAIL:  connection to server at "192.168.10.120", port 5432 failed: FATAL:  sorry, too many clients already
  compiled code at target/run/api_dwh/models/mart/fact_sales_summary.sql
[0m09:43:34.126544 [debug] [Thread-2 (]: Database Error in model fact_orders (models/mart/fact_orders.sql)
  could not connect to server "master_server"
  DETAIL:  connection to server at "192.168.10.120", port 5432 failed: FATAL:  sorry, too many clients already
  compiled code at target/run/api_dwh/models/mart/fact_orders.sql
[0m09:43:34.128021 [debug] [Thread-4 (]: Sending event: {'category': 'dbt', 'action': 'run_model', 'label': 'a0bfc760-ed49-4482-b568-1f7a97d00d9c', 'context': [<snowplow_tracker.self_describing_json.SelfDescribingJson object at 0x7a34a9fe3950>]}
[0m09:43:34.128896 [debug] [Thread-2 (]: Sending event: {'category': 'dbt', 'action': 'run_model', 'label': 'a0bfc760-ed49-4482-b568-1f7a97d00d9c', 'context': [<snowplow_tracker.self_describing_json.SelfDescribingJson object at 0x7a34ad92bed0>]}
[0m09:43:34.129784 [debug] [Thread-1 (]: On model.api_dwh.dim_customers: Close
[0m09:43:34.130400 [error] [Thread-4 (]: 4 of 4 ERROR creating sql table model mart_mart.fact_sales_summary ............. [[31mERROR[0m in 0.18s]
[0m09:43:34.131622 [error] [Thread-2 (]: 2 of 4 ERROR creating sql table model mart_mart.fact_orders .................... [[31mERROR[0m in 0.18s]
[0m09:43:34.134782 [debug] [Thread-1 (]: Database Error in model dim_customers (models/mart/dim_customers.sql)
  could not connect to server "master_server"
  DETAIL:  connection to server at "192.168.10.120", port 5432 failed: FATAL:  sorry, too many clients already
  compiled code at target/run/api_dwh/models/mart/dim_customers.sql
[0m09:43:34.135634 [debug] [Thread-4 (]: Finished running node model.api_dwh.fact_sales_summary
[0m09:43:34.136828 [debug] [Thread-2 (]: Finished running node model.api_dwh.fact_orders
[0m09:43:34.137940 [debug] [Thread-1 (]: Sending event: {'category': 'dbt', 'action': 'run_model', 'label': 'a0bfc760-ed49-4482-b568-1f7a97d00d9c', 'context': [<snowplow_tracker.self_describing_json.SelfDescribingJson object at 0x7a34acd7c0d0>]}
[0m09:43:34.139525 [debug] [Thread-7 (]: Marking all children of 'model.api_dwh.fact_sales_summary' to be skipped because of status 'error'.  Reason: Database Error in model fact_sales_summary (models/mart/fact_sales_summary.sql)
  could not connect to server "master_server"
  DETAIL:  connection to server at "192.168.10.120", port 5432 failed: FATAL:  sorry, too many clients already
  compiled code at target/run/api_dwh/models/mart/fact_sales_summary.sql.
[0m09:43:34.141505 [error] [Thread-1 (]: 1 of 4 ERROR creating sql table model mart_mart.dim_customers .................. [[31mERROR[0m in 0.19s]
[0m09:43:34.142673 [debug] [Thread-7 (]: Marking all children of 'model.api_dwh.fact_orders' to be skipped because of status 'error'.  Reason: Database Error in model fact_orders (models/mart/fact_orders.sql)
  could not connect to server "master_server"
  DETAIL:  connection to server at "192.168.10.120", port 5432 failed: FATAL:  sorry, too many clients already
  compiled code at target/run/api_dwh/models/mart/fact_orders.sql.
[0m09:43:34.143893 [debug] [Thread-1 (]: Finished running node model.api_dwh.dim_customers
[0m09:43:34.145593 [debug] [Thread-7 (]: Marking all children of 'model.api_dwh.dim_customers' to be skipped because of status 'error'.  Reason: Database Error in model dim_customers (models/mart/dim_customers.sql)
  could not connect to server "master_server"
  DETAIL:  connection to server at "192.168.10.120", port 5432 failed: FATAL:  sorry, too many clients already
  compiled code at target/run/api_dwh/models/mart/dim_customers.sql.
[0m09:43:34.147962 [debug] [MainThread]: On master: COMMIT
[0m09:43:34.148723 [debug] [MainThread]: Using postgres connection "master"
[0m09:43:34.149400 [debug] [MainThread]: On master: COMMIT
[0m09:43:34.150002 [debug] [MainThread]: Opening a new connection, currently in state closed
[0m09:43:34.173804 [debug] [MainThread]: SQL status: COMMIT in 0.024 seconds
[0m09:43:34.174823 [debug] [MainThread]: On master: Close
[0m09:43:34.175939 [debug] [MainThread]: Connection 'master' was properly closed.
[0m09:43:34.176724 [debug] [MainThread]: Connection 'model.api_dwh.dim_customers' was properly closed.
[0m09:43:34.177686 [debug] [MainThread]: Connection 'model.api_dwh.fact_orders' was properly closed.
[0m09:43:34.178687 [debug] [MainThread]: Connection 'model.api_dwh.fact_payments' was properly closed.
[0m09:43:34.179679 [debug] [MainThread]: Connection 'model.api_dwh.fact_sales_summary' was properly closed.
[0m09:43:34.180875 [info ] [MainThread]: 
[0m09:43:34.181761 [info ] [MainThread]: Finished running 4 table models in 0 hours 0 minutes and 0.51 seconds (0.51s).
[0m09:43:34.183831 [debug] [MainThread]: Command end result
[0m09:43:34.226722 [debug] [MainThread]: Wrote artifact WritableManifest to /usr/app/target/manifest.json
[0m09:43:34.231214 [debug] [MainThread]: Wrote artifact SemanticManifest to /usr/app/target/semantic_manifest.json
[0m09:43:34.240570 [debug] [MainThread]: Wrote artifact RunExecutionResult to /usr/app/target/run_results.json
[0m09:43:34.241402 [info ] [MainThread]: 
[0m09:43:34.242360 [info ] [MainThread]: [31mCompleted with 4 errors, 0 partial successes, and 0 warnings:[0m
[0m09:43:34.243433 [info ] [MainThread]: 
[0m09:43:34.244570 [error] [MainThread]: [31mFailure in model fact_payments (models/mart/fact_payments.sql)[0m
[0m09:43:34.245607 [error] [MainThread]:   Database Error in model fact_payments (models/mart/fact_payments.sql)
  connection to server at "192.168.10.120", port 5432 failed: FATAL:  sorry, too many clients already
  
  compiled code at target/run/api_dwh/models/mart/fact_payments.sql
[0m09:43:34.246491 [info ] [MainThread]: 
[0m09:43:34.247646 [info ] [MainThread]:   compiled code at target/compiled/api_dwh/models/mart/fact_payments.sql
[0m09:43:34.248962 [info ] [MainThread]: 
[0m09:43:34.250151 [error] [MainThread]: [31mFailure in model fact_sales_summary (models/mart/fact_sales_summary.sql)[0m
[0m09:43:34.251244 [error] [MainThread]:   Database Error in model fact_sales_summary (models/mart/fact_sales_summary.sql)
  could not connect to server "master_server"
  DETAIL:  connection to server at "192.168.10.120", port 5432 failed: FATAL:  sorry, too many clients already
  compiled code at target/run/api_dwh/models/mart/fact_sales_summary.sql
[0m09:43:34.252556 [info ] [MainThread]: 
[0m09:43:34.254365 [info ] [MainThread]:   compiled code at target/compiled/api_dwh/models/mart/fact_sales_summary.sql
[0m09:43:34.255615 [info ] [MainThread]: 
[0m09:43:34.256948 [error] [MainThread]: [31mFailure in model fact_orders (models/mart/fact_orders.sql)[0m
[0m09:43:34.259097 [error] [MainThread]:   Database Error in model fact_orders (models/mart/fact_orders.sql)
  could not connect to server "master_server"
  DETAIL:  connection to server at "192.168.10.120", port 5432 failed: FATAL:  sorry, too many clients already
  compiled code at target/run/api_dwh/models/mart/fact_orders.sql
[0m09:43:34.261126 [info ] [MainThread]: 
[0m09:43:34.262441 [info ] [MainThread]:   compiled code at target/compiled/api_dwh/models/mart/fact_orders.sql
[0m09:43:34.263594 [info ] [MainThread]: 
[0m09:43:34.264953 [error] [MainThread]: [31mFailure in model dim_customers (models/mart/dim_customers.sql)[0m
[0m09:43:34.266110 [error] [MainThread]:   Database Error in model dim_customers (models/mart/dim_customers.sql)
  could not connect to server "master_server"
  DETAIL:  connection to server at "192.168.10.120", port 5432 failed: FATAL:  sorry, too many clients already
  compiled code at target/run/api_dwh/models/mart/dim_customers.sql
[0m09:43:34.267323 [info ] [MainThread]: 
[0m09:43:34.268838 [info ] [MainThread]:   compiled code at target/compiled/api_dwh/models/mart/dim_customers.sql
[0m09:43:34.270571 [info ] [MainThread]: 
[0m09:43:34.272066 [info ] [MainThread]: Done. PASS=0 WARN=0 ERROR=4 SKIP=0 NO-OP=0 TOTAL=4
[0m09:43:34.274524 [debug] [MainThread]: Resource report: {"command_name": "run", "command_success": false, "command_wall_clock_time": 1.689529, "process_in_blocks": "0", "process_kernel_time": 0.373458, "process_mem_max_rss": "132560", "process_out_blocks": "0", "process_user_time": 2.28048}
[0m09:43:34.276048 [debug] [MainThread]: Command `dbt run` failed at 09:43:34.275821 after 1.69 seconds
[0m09:43:34.277308 [debug] [MainThread]: Sending event: {'category': 'dbt', 'action': 'invocation', 'label': 'end', 'context': [<snowplow_tracker.self_describing_json.SelfDescribingJson object at 0x7a34b2e5d4d0>, <snowplow_tracker.self_describing_json.SelfDescribingJson object at 0x7a34ac542790>, <snowplow_tracker.self_describing_json.SelfDescribingJson object at 0x7a34ae5ad590>]}
[0m09:43:34.278297 [debug] [MainThread]: Flushing usage events
[0m09:43:36.125561 [debug] [MainThread]: An error was encountered while trying to flush usage events
[0m09:46:21.448061 [debug] [MainThread]: Sending event: {'category': 'dbt', 'action': 'invocation', 'label': 'start', 'context': [<snowplow_tracker.self_describing_json.SelfDescribingJson object at 0x7ef71e0c3990>, <snowplow_tracker.self_describing_json.SelfDescribingJson object at 0x7ef71e0c3290>, <snowplow_tracker.self_describing_json.SelfDescribingJson object at 0x7ef71e0c3190>]}


============================== 09:46:21.451905 | a9f4ebb1-0718-444a-8ac9-db2265180911 ==============================
[0m09:46:21.451905 [info ] [MainThread]: Running with dbt=1.11.8
[0m09:46:21.453175 [debug] [MainThread]: running dbt with arguments {'introspect': 'True', 'use_colors': 'True', 'partial_parse': 'True', 'use_experimental_parser': 'False', 'log_path': '/usr/app/logs', 'cache_selected_only': 'False', 'log_cache_events': 'False', 'version_check': 'True', 'write_json': 'True', 'fail_fast': 'False', 'printer_width': '80', 'send_anonymous_usage_stats': 'True', 'log_format': 'default', 'indirect_selection': 'eager', 'no_print': 'None', 'target_path': 'None', 'static_parser': 'True', 'warn_error': 'None', 'debug': 'False', 'quiet': 'False', 'warn_error_options': 'WarnErrorOptionsV2(error=[], warn=[], silence=[])', 'profiles_dir': '/root/.dbt', 'invocation_command': 'dbt run', 'empty': 'False'}
[0m09:46:21.640657 [debug] [MainThread]: Sending event: {'category': 'dbt', 'action': 'project_id', 'label': 'a9f4ebb1-0718-444a-8ac9-db2265180911', 'context': [<snowplow_tracker.self_describing_json.SelfDescribingJson object at 0x7ef71d72df90>]}
[0m09:46:21.716110 [debug] [MainThread]: Sending event: {'category': 'dbt', 'action': 'adapter_info', 'label': 'a9f4ebb1-0718-444a-8ac9-db2265180911', 'context': [<snowplow_tracker.self_describing_json.SelfDescribingJson object at 0x7ef72121ecd0>]}
[0m09:46:21.718051 [info ] [MainThread]: Registered adapter: postgres=1.10.0
[0m09:46:21.797901 [debug] [MainThread]: checksum: 7d524ac048c2100769df89d592e662e060a73ca564e31bd9c2a37efdfe8d8ab6, vars: {}, profile: , target: , version: 1.11.8
[0m09:46:21.992568 [debug] [MainThread]: Partial parsing enabled: 0 files deleted, 0 files added, 0 files changed.
[0m09:46:21.994297 [debug] [MainThread]: Nothing changed, skipping partial parsing.
[0m09:46:21.995708 [debug] [MainThread]: Partial parsing enabled, no changes found, skipping parsing
[0m09:46:22.052933 [debug] [MainThread]: Sending event: {'category': 'dbt', 'action': 'load_project', 'label': 'a9f4ebb1-0718-444a-8ac9-db2265180911', 'context': [<snowplow_tracker.self_describing_json.SelfDescribingJson object at 0x7ef71cb77f10>]}
[0m09:46:22.269298 [debug] [MainThread]: Wrote artifact WritableManifest to /usr/app/target/manifest.json
[0m09:46:22.277628 [debug] [MainThread]: Wrote artifact SemanticManifest to /usr/app/target/semantic_manifest.json
[0m09:46:22.300124 [debug] [MainThread]: Sending event: {'category': 'dbt', 'action': 'resource_counts', 'label': 'a9f4ebb1-0718-444a-8ac9-db2265180911', 'context': [<snowplow_tracker.self_describing_json.SelfDescribingJson object at 0x7ef71cf6e950>]}
[0m09:46:22.301916 [info ] [MainThread]: Found 4 models, 6 data tests, 465 macros
[0m09:46:22.303787 [debug] [MainThread]: Sending event: {'category': 'dbt', 'action': 'runnable_timing', 'label': 'a9f4ebb1-0718-444a-8ac9-db2265180911', 'context': [<snowplow_tracker.self_describing_json.SelfDescribingJson object at 0x7ef71c7c7b50>]}
[0m09:46:22.309891 [info ] [MainThread]: 
[0m09:46:22.312655 [info ] [MainThread]: Concurrency: 1 threads (target='dev')
[0m09:46:22.315189 [info ] [MainThread]: 
[0m09:46:22.318206 [debug] [MainThread]: Acquiring new postgres connection 'master'
[0m09:46:22.329233 [debug] [ThreadPool]: Acquiring new postgres connection 'list_warehouse'
[0m09:46:22.491676 [debug] [ThreadPool]: Using postgres connection "list_warehouse"
[0m09:46:22.493525 [debug] [ThreadPool]: On list_warehouse: /* {"app": "dbt", "dbt_version": "1.11.8", "profile_name": "api_dwh", "target_name": "dev", "connection_name": "list_warehouse"} */

    select distinct nspname from pg_namespace
  
[0m09:46:22.495488 [debug] [ThreadPool]: Opening a new connection, currently in state init
[0m09:46:22.539995 [debug] [ThreadPool]: SQL status: SELECT 7 in 0.044 seconds
[0m09:46:22.543002 [debug] [ThreadPool]: On list_warehouse: Close
[0m09:46:22.546802 [debug] [ThreadPool]: Re-using an available connection from the pool (formerly list_warehouse, now list_warehouse_mart_mart)
[0m09:46:22.557913 [debug] [ThreadPool]: Using postgres connection "list_warehouse_mart_mart"
[0m09:46:22.559640 [debug] [ThreadPool]: On list_warehouse_mart_mart: /* {"app": "dbt", "dbt_version": "1.11.8", "profile_name": "api_dwh", "target_name": "dev", "connection_name": "list_warehouse_mart_mart"} */
select
      'warehouse' as database,
      tablename as name,
      schemaname as schema,
      'table' as type
    from pg_tables
    where schemaname ilike 'mart_mart'
    union all
    select
      'warehouse' as database,
      viewname as name,
      schemaname as schema,
      'view' as type
    from pg_views
    where schemaname ilike 'mart_mart'
    union all
    select
      'warehouse' as database,
      matviewname as name,
      schemaname as schema,
      'materialized_view' as type
    from pg_matviews
    where schemaname ilike 'mart_mart'
  
[0m09:46:22.561098 [debug] [ThreadPool]: Opening a new connection, currently in state closed
[0m09:46:22.618615 [debug] [ThreadPool]: SQL status: SELECT 0 in 0.057 seconds
[0m09:46:22.621407 [debug] [ThreadPool]: On list_warehouse_mart_mart: ROLLBACK
[0m09:46:22.628059 [debug] [ThreadPool]: On list_warehouse_mart_mart: Close
[0m09:46:22.635265 [debug] [MainThread]: Using postgres connection "master"
[0m09:46:22.636861 [debug] [MainThread]: On master: /* {"app": "dbt", "dbt_version": "1.11.8", "profile_name": "api_dwh", "target_name": "dev", "connection_name": "master"} */
select distinct
        dependent_namespace.nspname as dependent_schema,
        dependent_class.relname as dependent_name,
        referenced_namespace.nspname as referenced_schema,
        referenced_class.relname as referenced_name

    -- Query for views: views are entries in pg_class with an entry in pg_rewrite, but we avoid
    -- a seq scan on pg_rewrite by leveraging the fact there is an "internal" row in pg_depend for
    -- the view...
    from pg_class as dependent_class
    join pg_namespace as dependent_namespace on dependent_namespace.oid = dependent_class.relnamespace
    join pg_depend as dependent_depend on dependent_depend.refobjid = dependent_class.oid
        and dependent_depend.classid = 'pg_rewrite'::regclass
        and dependent_depend.refclassid = 'pg_class'::regclass
        and dependent_depend.deptype = 'i'

    -- ... and via pg_depend (that has a row per column, hence the need for "distinct" above, and
    -- making sure to exclude the internal row to avoid a view appearing to depend on itself)...
    join pg_depend as joining_depend on joining_depend.objid = dependent_depend.objid
        and joining_depend.classid = 'pg_rewrite'::regclass
        and joining_depend.refclassid = 'pg_class'::regclass
        and joining_depend.refobjid != dependent_depend.refobjid

    -- ... we can find the tables they query from in pg_class, but excluding system tables. Note we
    -- don't need need to exclude _dependent_ system tables, because they only query from other
    -- system tables, and so are automatically excluded by excluding _referenced_ system tables
    join pg_class as referenced_class on referenced_class.oid = joining_depend.refobjid
    join pg_namespace as referenced_namespace on referenced_namespace.oid = referenced_class.relnamespace
        and referenced_namespace.nspname != 'information_schema'
        and referenced_namespace.nspname not like 'pg\_%'

    order by
        dependent_schema, dependent_name, referenced_schema, referenced_name;
[0m09:46:22.638214 [debug] [MainThread]: Opening a new connection, currently in state init
[0m09:46:22.700185 [debug] [MainThread]: SQL status: SELECT 0 in 0.062 seconds
[0m09:46:22.703272 [debug] [MainThread]: Sending event: {'category': 'dbt', 'action': 'runnable_timing', 'label': 'a9f4ebb1-0718-444a-8ac9-db2265180911', 'context': [<snowplow_tracker.self_describing_json.SelfDescribingJson object at 0x7ef71cf3f150>]}
[0m09:46:22.705151 [debug] [MainThread]: On master: ROLLBACK
[0m09:46:22.710020 [debug] [MainThread]: On master: COMMIT
[0m09:46:22.711272 [debug] [MainThread]: Using postgres connection "master"
[0m09:46:22.712348 [debug] [MainThread]: On master: COMMIT
[0m09:46:22.719991 [debug] [MainThread]: SQL status: COMMIT in 0.007 seconds
[0m09:46:22.721250 [debug] [MainThread]: On master: Close
[0m09:46:22.725566 [debug] [Thread-1 (]: Began running node model.api_dwh.dim_customers
[0m09:46:22.727004 [info ] [Thread-1 (]: 1 of 4 START sql table model mart_mart.dim_customers ........................... [RUN]
[0m09:46:22.728545 [debug] [Thread-1 (]: Re-using an available connection from the pool (formerly list_warehouse_mart_mart, now model.api_dwh.dim_customers)
[0m09:46:22.729815 [debug] [Thread-1 (]: Began compiling node model.api_dwh.dim_customers
[0m09:46:22.740358 [debug] [Thread-1 (]: Writing injected SQL for node "model.api_dwh.dim_customers"
[0m09:46:22.750009 [debug] [Thread-1 (]: Began executing node model.api_dwh.dim_customers
[0m09:46:22.801690 [debug] [Thread-1 (]: Writing runtime sql for node "model.api_dwh.dim_customers"
[0m09:46:22.815095 [debug] [Thread-1 (]: Using postgres connection "model.api_dwh.dim_customers"
[0m09:46:22.816385 [debug] [Thread-1 (]: On model.api_dwh.dim_customers: /* {"app": "dbt", "dbt_version": "1.11.8", "profile_name": "api_dwh", "target_name": "dev", "node_id": "model.api_dwh.dim_customers"} */

  
    

  create  table "warehouse"."mart_mart"."dim_customers__dbt_tmp"
  
  
    as
  
  (
    SELECT customer_id,
    TRIM(full_name) AS customer_name,
    LOWER(email) AS email,
    phone,
    created_at,
    updated_at
FROM staging.ods_customers
WHERE is_deleted = FALSE
  );
  
[0m09:46:22.817489 [debug] [Thread-1 (]: Opening a new connection, currently in state closed
[0m09:46:22.981291 [debug] [Thread-1 (]: SQL status: SELECT 102 in 0.164 seconds
[0m09:46:22.995291 [debug] [Thread-1 (]: Using postgres connection "model.api_dwh.dim_customers"
[0m09:46:22.997035 [debug] [Thread-1 (]: On model.api_dwh.dim_customers: /* {"app": "dbt", "dbt_version": "1.11.8", "profile_name": "api_dwh", "target_name": "dev", "node_id": "model.api_dwh.dim_customers"} */
alter table "warehouse"."mart_mart"."dim_customers__dbt_tmp" rename to "dim_customers"
[0m09:46:23.005053 [debug] [Thread-1 (]: SQL status: ALTER TABLE in 0.006 seconds
[0m09:46:23.024589 [debug] [Thread-1 (]: On model.api_dwh.dim_customers: COMMIT
[0m09:46:23.026113 [debug] [Thread-1 (]: Using postgres connection "model.api_dwh.dim_customers"
[0m09:46:23.027495 [debug] [Thread-1 (]: On model.api_dwh.dim_customers: COMMIT
[0m09:46:23.054395 [debug] [Thread-1 (]: SQL status: COMMIT in 0.026 seconds
[0m09:46:23.062032 [debug] [Thread-1 (]: Applying DROP to: "warehouse"."mart_mart"."dim_customers__dbt_backup"
[0m09:46:23.069658 [debug] [Thread-1 (]: Using postgres connection "model.api_dwh.dim_customers"
[0m09:46:23.071243 [debug] [Thread-1 (]: On model.api_dwh.dim_customers: /* {"app": "dbt", "dbt_version": "1.11.8", "profile_name": "api_dwh", "target_name": "dev", "node_id": "model.api_dwh.dim_customers"} */
drop table if exists "warehouse"."mart_mart"."dim_customers__dbt_backup" cascade
[0m09:46:23.076050 [debug] [Thread-1 (]: SQL status: DROP TABLE in 0.003 seconds
[0m09:46:23.079629 [debug] [Thread-1 (]: On model.api_dwh.dim_customers: Close
[0m09:46:23.082475 [debug] [Thread-1 (]: Sending event: {'category': 'dbt', 'action': 'run_model', 'label': 'a9f4ebb1-0718-444a-8ac9-db2265180911', 'context': [<snowplow_tracker.self_describing_json.SelfDescribingJson object at 0x7ef71d6c5090>]}
[0m09:46:23.084008 [info ] [Thread-1 (]: 1 of 4 OK created sql table model mart_mart.dim_customers ...................... [[32mSELECT 102[0m in 0.35s]
[0m09:46:23.085587 [debug] [Thread-1 (]: Finished running node model.api_dwh.dim_customers
[0m09:46:23.087078 [debug] [Thread-1 (]: Began running node model.api_dwh.fact_orders
[0m09:46:23.088249 [info ] [Thread-1 (]: 2 of 4 START sql table model mart_mart.fact_orders ............................. [RUN]
[0m09:46:23.089409 [debug] [Thread-1 (]: Re-using an available connection from the pool (formerly model.api_dwh.dim_customers, now model.api_dwh.fact_orders)
[0m09:46:23.090482 [debug] [Thread-1 (]: Began compiling node model.api_dwh.fact_orders
[0m09:46:23.093312 [debug] [Thread-1 (]: Writing injected SQL for node "model.api_dwh.fact_orders"
[0m09:46:23.102774 [debug] [Thread-1 (]: Began executing node model.api_dwh.fact_orders
[0m09:46:23.109411 [debug] [Thread-1 (]: Writing runtime sql for node "model.api_dwh.fact_orders"
[0m09:46:23.119667 [debug] [Thread-1 (]: Using postgres connection "model.api_dwh.fact_orders"
[0m09:46:23.121261 [debug] [Thread-1 (]: On model.api_dwh.fact_orders: /* {"app": "dbt", "dbt_version": "1.11.8", "profile_name": "api_dwh", "target_name": "dev", "node_id": "model.api_dwh.fact_orders"} */

  
    

  create  table "warehouse"."mart_mart"."fact_orders__dbt_tmp"
  
  
    as
  
  (
    SELECT o.order_id,
    o.customer_id,
    TRIM(c.full_name) AS customer_name,
    LOWER(c.email) AS customer_email,
    o.product_name,
    o.qty,
    o.price,
    (o.qty * o.price) AS total_amount,
    o.order_date,
    DATE(o.order_date) AS order_day,
    EXTRACT(
        YEAR
        FROM o.order_date
    ) AS order_year,
    EXTRACT(
        MONTH
        FROM o.order_date
    ) AS order_month
FROM staging.ods_orders o
    LEFT JOIN staging.ods_customers c ON o.customer_id::VARCHAR = c.customer_id
WHERE c.is_deleted = FALSE
  );
  
[0m09:46:23.122422 [debug] [Thread-1 (]: Opening a new connection, currently in state closed
[0m09:46:23.279336 [debug] [Thread-1 (]: SQL status: SELECT 280 in 0.157 seconds
[0m09:46:23.291766 [debug] [Thread-1 (]: Using postgres connection "model.api_dwh.fact_orders"
[0m09:46:23.294743 [debug] [Thread-1 (]: On model.api_dwh.fact_orders: /* {"app": "dbt", "dbt_version": "1.11.8", "profile_name": "api_dwh", "target_name": "dev", "node_id": "model.api_dwh.fact_orders"} */
alter table "warehouse"."mart_mart"."fact_orders__dbt_tmp" rename to "fact_orders"
[0m09:46:23.301666 [debug] [Thread-1 (]: SQL status: ALTER TABLE in 0.004 seconds
[0m09:46:23.304054 [debug] [Thread-1 (]: On model.api_dwh.fact_orders: COMMIT
[0m09:46:23.305034 [debug] [Thread-1 (]: Using postgres connection "model.api_dwh.fact_orders"
[0m09:46:23.305866 [debug] [Thread-1 (]: On model.api_dwh.fact_orders: COMMIT
[0m09:46:23.346564 [debug] [Thread-1 (]: SQL status: COMMIT in 0.040 seconds
[0m09:46:23.351079 [debug] [Thread-1 (]: Applying DROP to: "warehouse"."mart_mart"."fact_orders__dbt_backup"
[0m09:46:23.352810 [debug] [Thread-1 (]: Using postgres connection "model.api_dwh.fact_orders"
[0m09:46:23.354006 [debug] [Thread-1 (]: On model.api_dwh.fact_orders: /* {"app": "dbt", "dbt_version": "1.11.8", "profile_name": "api_dwh", "target_name": "dev", "node_id": "model.api_dwh.fact_orders"} */
drop table if exists "warehouse"."mart_mart"."fact_orders__dbt_backup" cascade
[0m09:46:23.358617 [debug] [Thread-1 (]: SQL status: DROP TABLE in 0.004 seconds
[0m09:46:23.360757 [debug] [Thread-1 (]: On model.api_dwh.fact_orders: Close
[0m09:46:23.362084 [debug] [Thread-1 (]: Sending event: {'category': 'dbt', 'action': 'run_model', 'label': 'a9f4ebb1-0718-444a-8ac9-db2265180911', 'context': [<snowplow_tracker.self_describing_json.SelfDescribingJson object at 0x7ef71bba9390>]}
[0m09:46:23.363494 [info ] [Thread-1 (]: 2 of 4 OK created sql table model mart_mart.fact_orders ........................ [[32mSELECT 280[0m in 0.27s]
[0m09:46:23.364866 [debug] [Thread-1 (]: Finished running node model.api_dwh.fact_orders
[0m09:46:23.365938 [debug] [Thread-1 (]: Began running node model.api_dwh.fact_payments
[0m09:46:23.366940 [info ] [Thread-1 (]: 3 of 4 START sql table model mart_mart.fact_payments ........................... [RUN]
[0m09:46:23.368151 [debug] [Thread-1 (]: Re-using an available connection from the pool (formerly model.api_dwh.fact_orders, now model.api_dwh.fact_payments)
[0m09:46:23.369085 [debug] [Thread-1 (]: Began compiling node model.api_dwh.fact_payments
[0m09:46:23.371822 [debug] [Thread-1 (]: Writing injected SQL for node "model.api_dwh.fact_payments"
[0m09:46:23.379634 [debug] [Thread-1 (]: Began executing node model.api_dwh.fact_payments
[0m09:46:23.384202 [debug] [Thread-1 (]: Writing runtime sql for node "model.api_dwh.fact_payments"
[0m09:46:23.393811 [debug] [Thread-1 (]: Using postgres connection "model.api_dwh.fact_payments"
[0m09:46:23.398553 [debug] [Thread-1 (]: On model.api_dwh.fact_payments: /* {"app": "dbt", "dbt_version": "1.11.8", "profile_name": "api_dwh", "target_name": "dev", "node_id": "model.api_dwh.fact_payments"} */

  
    

  create  table "warehouse"."mart_mart"."fact_payments__dbt_tmp"
  
  
    as
  
  (
    SELECT p.payment_id,
    p.order_id,
    o.customer_id,
    TRIM(c.full_name) AS customer_name,
    p.payment_method,
    p.amount,
    p.payment_date,
    DATE(p.payment_date) AS payment_day
FROM staging.ods_payments p
    LEFT JOIN staging.ods_orders o ON p.order_id::VARCHAR = o.order_id
    LEFT JOIN staging.ods_customers c ON o.customer_id::VARCHAR = c.customer_id
WHERE c.is_deleted = FALSE
  );
  
[0m09:46:23.400253 [debug] [Thread-1 (]: Opening a new connection, currently in state closed
[0m09:46:23.591079 [debug] [Thread-1 (]: SQL status: SELECT 280 in 0.191 seconds
[0m09:46:23.605691 [debug] [Thread-1 (]: Using postgres connection "model.api_dwh.fact_payments"
[0m09:46:23.607298 [debug] [Thread-1 (]: On model.api_dwh.fact_payments: /* {"app": "dbt", "dbt_version": "1.11.8", "profile_name": "api_dwh", "target_name": "dev", "node_id": "model.api_dwh.fact_payments"} */
alter table "warehouse"."mart_mart"."fact_payments__dbt_tmp" rename to "fact_payments"
[0m09:46:23.612174 [debug] [Thread-1 (]: SQL status: ALTER TABLE in 0.003 seconds
[0m09:46:23.614675 [debug] [Thread-1 (]: On model.api_dwh.fact_payments: COMMIT
[0m09:46:23.615824 [debug] [Thread-1 (]: Using postgres connection "model.api_dwh.fact_payments"
[0m09:46:23.616777 [debug] [Thread-1 (]: On model.api_dwh.fact_payments: COMMIT
[0m09:46:23.671649 [debug] [Thread-1 (]: SQL status: COMMIT in 0.054 seconds
[0m09:46:23.677993 [debug] [Thread-1 (]: Applying DROP to: "warehouse"."mart_mart"."fact_payments__dbt_backup"
[0m09:46:23.680728 [debug] [Thread-1 (]: Using postgres connection "model.api_dwh.fact_payments"
[0m09:46:23.682934 [debug] [Thread-1 (]: On model.api_dwh.fact_payments: /* {"app": "dbt", "dbt_version": "1.11.8", "profile_name": "api_dwh", "target_name": "dev", "node_id": "model.api_dwh.fact_payments"} */
drop table if exists "warehouse"."mart_mart"."fact_payments__dbt_backup" cascade
[0m09:46:23.689867 [debug] [Thread-1 (]: SQL status: DROP TABLE in 0.005 seconds
[0m09:46:23.692196 [debug] [Thread-1 (]: On model.api_dwh.fact_payments: Close
[0m09:46:23.693553 [debug] [Thread-1 (]: Sending event: {'category': 'dbt', 'action': 'run_model', 'label': 'a9f4ebb1-0718-444a-8ac9-db2265180911', 'context': [<snowplow_tracker.self_describing_json.SelfDescribingJson object at 0x7ef71b7f1390>]}
[0m09:46:23.694746 [info ] [Thread-1 (]: 3 of 4 OK created sql table model mart_mart.fact_payments ...................... [[32mSELECT 280[0m in 0.33s]
[0m09:46:23.696314 [debug] [Thread-1 (]: Finished running node model.api_dwh.fact_payments
[0m09:46:23.697355 [debug] [Thread-1 (]: Began running node model.api_dwh.fact_sales_summary
[0m09:46:23.698527 [info ] [Thread-1 (]: 4 of 4 START sql table model mart_mart.fact_sales_summary ...................... [RUN]
[0m09:46:23.699916 [debug] [Thread-1 (]: Re-using an available connection from the pool (formerly model.api_dwh.fact_payments, now model.api_dwh.fact_sales_summary)
[0m09:46:23.700903 [debug] [Thread-1 (]: Began compiling node model.api_dwh.fact_sales_summary
[0m09:46:23.705664 [debug] [Thread-1 (]: Writing injected SQL for node "model.api_dwh.fact_sales_summary"
[0m09:46:23.715215 [debug] [Thread-1 (]: Began executing node model.api_dwh.fact_sales_summary
[0m09:46:23.719968 [debug] [Thread-1 (]: Writing runtime sql for node "model.api_dwh.fact_sales_summary"
[0m09:46:23.727338 [debug] [Thread-1 (]: Using postgres connection "model.api_dwh.fact_sales_summary"
[0m09:46:23.728307 [debug] [Thread-1 (]: On model.api_dwh.fact_sales_summary: /* {"app": "dbt", "dbt_version": "1.11.8", "profile_name": "api_dwh", "target_name": "dev", "node_id": "model.api_dwh.fact_sales_summary"} */

  
    

  create  table "warehouse"."mart_mart"."fact_sales_summary__dbt_tmp"
  
  
    as
  
  (
    SELECT DATE(o.order_date) AS sales_date,
    COUNT(DISTINCT o.order_id) AS total_orders,
    COUNT(DISTINCT o.customer_id) AS total_customers,
    SUM(o.qty) AS total_qty,
    SUM(o.qty * o.price) AS gross_sales,
    AVG(o.qty * o.price) AS avg_order_value
FROM staging.ods_orders o
GROUP BY DATE(o.order_date)
  );
  
[0m09:46:23.729142 [debug] [Thread-1 (]: Opening a new connection, currently in state closed
[0m09:46:23.910746 [debug] [Thread-1 (]: SQL status: SELECT 2 in 0.181 seconds
[0m09:46:23.918143 [debug] [Thread-1 (]: Using postgres connection "model.api_dwh.fact_sales_summary"
[0m09:46:23.920516 [debug] [Thread-1 (]: On model.api_dwh.fact_sales_summary: /* {"app": "dbt", "dbt_version": "1.11.8", "profile_name": "api_dwh", "target_name": "dev", "node_id": "model.api_dwh.fact_sales_summary"} */
alter table "warehouse"."mart_mart"."fact_sales_summary__dbt_tmp" rename to "fact_sales_summary"
[0m09:46:23.929193 [debug] [Thread-1 (]: SQL status: ALTER TABLE in 0.006 seconds
[0m09:46:23.931550 [debug] [Thread-1 (]: On model.api_dwh.fact_sales_summary: COMMIT
[0m09:46:23.932723 [debug] [Thread-1 (]: Using postgres connection "model.api_dwh.fact_sales_summary"
[0m09:46:23.933795 [debug] [Thread-1 (]: On model.api_dwh.fact_sales_summary: COMMIT
[0m09:46:23.988325 [debug] [Thread-1 (]: SQL status: COMMIT in 0.053 seconds
[0m09:46:23.994113 [debug] [Thread-1 (]: Applying DROP to: "warehouse"."mart_mart"."fact_sales_summary__dbt_backup"
[0m09:46:23.995418 [debug] [Thread-1 (]: Using postgres connection "model.api_dwh.fact_sales_summary"
[0m09:46:23.996496 [debug] [Thread-1 (]: On model.api_dwh.fact_sales_summary: /* {"app": "dbt", "dbt_version": "1.11.8", "profile_name": "api_dwh", "target_name": "dev", "node_id": "model.api_dwh.fact_sales_summary"} */
drop table if exists "warehouse"."mart_mart"."fact_sales_summary__dbt_backup" cascade
[0m09:46:24.002561 [debug] [Thread-1 (]: SQL status: DROP TABLE in 0.005 seconds
[0m09:46:24.004797 [debug] [Thread-1 (]: On model.api_dwh.fact_sales_summary: Close
[0m09:46:24.006121 [debug] [Thread-1 (]: Sending event: {'category': 'dbt', 'action': 'run_model', 'label': 'a9f4ebb1-0718-444a-8ac9-db2265180911', 'context': [<snowplow_tracker.self_describing_json.SelfDescribingJson object at 0x7ef719304490>]}
[0m09:46:24.007411 [info ] [Thread-1 (]: 4 of 4 OK created sql table model mart_mart.fact_sales_summary ................. [[32mSELECT 2[0m in 0.31s]
[0m09:46:24.008768 [debug] [Thread-1 (]: Finished running node model.api_dwh.fact_sales_summary
[0m09:46:24.011124 [debug] [MainThread]: On master: COMMIT
[0m09:46:24.012046 [debug] [MainThread]: Using postgres connection "master"
[0m09:46:24.012941 [debug] [MainThread]: On master: COMMIT
[0m09:46:24.013745 [debug] [MainThread]: Opening a new connection, currently in state closed
[0m09:46:24.043928 [debug] [MainThread]: SQL status: COMMIT in 0.030 seconds
[0m09:46:24.045005 [debug] [MainThread]: On master: Close
[0m09:46:24.045991 [debug] [MainThread]: Connection 'master' was properly closed.
[0m09:46:24.046821 [debug] [MainThread]: Connection 'model.api_dwh.fact_sales_summary' was properly closed.
[0m09:46:24.047856 [info ] [MainThread]: 
[0m09:46:24.049577 [info ] [MainThread]: Finished running 4 table models in 0 hours 0 minutes and 1.73 seconds (1.73s).
[0m09:46:24.051792 [debug] [MainThread]: Command end result
[0m09:46:24.094324 [debug] [MainThread]: Wrote artifact WritableManifest to /usr/app/target/manifest.json
[0m09:46:24.100061 [debug] [MainThread]: Wrote artifact SemanticManifest to /usr/app/target/semantic_manifest.json
[0m09:46:24.109608 [debug] [MainThread]: Wrote artifact RunExecutionResult to /usr/app/target/run_results.json
[0m09:46:24.110412 [info ] [MainThread]: 
[0m09:46:24.111448 [info ] [MainThread]: [32mCompleted successfully[0m
[0m09:46:24.112857 [info ] [MainThread]: 
[0m09:46:24.114691 [info ] [MainThread]: Done. PASS=4 WARN=0 ERROR=0 SKIP=0 NO-OP=0 TOTAL=4
[0m09:46:24.117438 [debug] [MainThread]: Resource report: {"command_name": "run", "command_success": true, "command_wall_clock_time": 2.761445, "process_in_blocks": "0", "process_kernel_time": 0.474902, "process_mem_max_rss": "126616", "process_out_blocks": "0", "process_user_time": 2.721709}
[0m09:46:24.118585 [debug] [MainThread]: Command `dbt run` succeeded at 09:46:24.118461 after 2.76 seconds
[0m09:46:24.119455 [debug] [MainThread]: Sending event: {'category': 'dbt', 'action': 'invocation', 'label': 'end', 'context': [<snowplow_tracker.self_describing_json.SelfDescribingJson object at 0x7ef71e0d4c90>, <snowplow_tracker.self_describing_json.SelfDescribingJson object at 0x7ef71e0d4350>, <snowplow_tracker.self_describing_json.SelfDescribingJson object at 0x7ef71e0d4490>]}
[0m09:46:24.120325 [debug] [MainThread]: Flushing usage events
[0m09:46:25.596860 [debug] [MainThread]: An error was encountered while trying to flush usage events
[0m09:49:40.544227 [debug] [MainThread]: Sending event: {'category': 'dbt', 'action': 'invocation', 'label': 'start', 'context': [<snowplow_tracker.self_describing_json.SelfDescribingJson object at 0x7a1d4cbaf850>, <snowplow_tracker.self_describing_json.SelfDescribingJson object at 0x7a1d4cce2090>, <snowplow_tracker.self_describing_json.SelfDescribingJson object at 0x7a1d4cce1f10>]}


============================== 09:49:40.547911 | ed32d729-2aaf-4cb5-8f1d-00e313253cfb ==============================
[0m09:49:40.547911 [info ] [MainThread]: Running with dbt=1.11.8
[0m09:49:40.549138 [debug] [MainThread]: running dbt with arguments {'empty': 'False', 'introspect': 'True', 'printer_width': '80', 'target_path': 'None', 'profiles_dir': '/root/.dbt', 'write_json': 'True', 'no_print': 'None', 'quiet': 'False', 'static_parser': 'True', 'version_check': 'True', 'partial_parse': 'True', 'warn_error_options': 'WarnErrorOptionsV2(error=[], warn=[], silence=[])', 'indirect_selection': 'eager', 'fail_fast': 'False', 'debug': 'False', 'invocation_command': 'dbt run', 'log_cache_events': 'False', 'warn_error': 'None', 'use_colors': 'True', 'log_format': 'default', 'log_path': '/usr/app/logs', 'cache_selected_only': 'False', 'send_anonymous_usage_stats': 'True', 'use_experimental_parser': 'False'}
[0m09:49:40.594742 [error] [MainThread]: Encountered an error:
Runtime Error
  Credentials in profile "api_dwh", target "dev" invalid: 'schema' is a required property
[0m09:49:40.597128 [debug] [MainThread]: Resource report: {"command_name": "run", "command_success": false, "command_wall_clock_time": 0.13352545, "process_in_blocks": "0", "process_kernel_time": 0.239882, "process_mem_max_rss": "110980", "process_out_blocks": "0", "process_user_time": 1.327348}
[0m09:49:40.598703 [debug] [MainThread]: Command `dbt run` failed at 09:49:40.598478 after 0.14 seconds
[0m09:49:40.599928 [debug] [MainThread]: Sending event: {'category': 'dbt', 'action': 'invocation', 'label': 'end', 'context': [<snowplow_tracker.self_describing_json.SelfDescribingJson object at 0x7a1d4cce2090>, <snowplow_tracker.self_describing_json.SelfDescribingJson object at 0x7a1d51738550>, <snowplow_tracker.self_describing_json.SelfDescribingJson object at 0x7a1d4fcd9b50>]}
[0m09:49:40.601305 [debug] [MainThread]: Flushing usage events
[0m09:49:41.712856 [debug] [MainThread]: An error was encountered while trying to flush usage events
[0m09:50:24.095163 [debug] [MainThread]: Sending event: {'category': 'dbt', 'action': 'invocation', 'label': 'start', 'context': [<snowplow_tracker.self_describing_json.SelfDescribingJson object at 0x77b72a03d050>, <snowplow_tracker.self_describing_json.SelfDescribingJson object at 0x77b72a4e3d10>, <snowplow_tracker.self_describing_json.SelfDescribingJson object at 0x77b72a03e050>]}


============================== 09:50:24.098354 | 91cabae0-37f3-41f7-b161-80ec8ec71c4b ==============================
[0m09:50:24.098354 [info ] [MainThread]: Running with dbt=1.11.8
[0m09:50:24.099452 [debug] [MainThread]: running dbt with arguments {'indirect_selection': 'eager', 'log_format': 'default', 'write_json': 'True', 'printer_width': '80', 'cache_selected_only': 'False', 'quiet': 'False', 'target_path': 'None', 'debug': 'False', 'send_anonymous_usage_stats': 'True', 'fail_fast': 'False', 'use_colors': 'True', 'introspect': 'True', 'partial_parse': 'True', 'version_check': 'True', 'log_cache_events': 'False', 'no_print': 'None', 'profiles_dir': '/root/.dbt', 'use_experimental_parser': 'False', 'empty': 'False', 'warn_error': 'None', 'static_parser': 'True', 'invocation_command': 'dbt run', 'warn_error_options': 'WarnErrorOptionsV2(error=[], warn=[], silence=[])', 'log_path': '/usr/app/logs'}
[0m09:50:24.262256 [debug] [MainThread]: Sending event: {'category': 'dbt', 'action': 'project_id', 'label': '91cabae0-37f3-41f7-b161-80ec8ec71c4b', 'context': [<snowplow_tracker.self_describing_json.SelfDescribingJson object at 0x77b729759ad0>]}
[0m09:50:24.328816 [debug] [MainThread]: Sending event: {'category': 'dbt', 'action': 'adapter_info', 'label': '91cabae0-37f3-41f7-b161-80ec8ec71c4b', 'context': [<snowplow_tracker.self_describing_json.SelfDescribingJson object at 0x77b72d22d350>]}
[0m09:50:24.330715 [info ] [MainThread]: Registered adapter: postgres=1.10.0
[0m09:50:24.404606 [debug] [MainThread]: checksum: 7d524ac048c2100769df89d592e662e060a73ca564e31bd9c2a37efdfe8d8ab6, vars: {}, profile: , target: , version: 1.11.8
[0m09:50:24.511253 [info ] [MainThread]: Unable to do partial parsing because profile has changed
[0m09:50:24.512446 [debug] [MainThread]: Sending event: {'category': 'dbt', 'action': 'partial_parser', 'label': '91cabae0-37f3-41f7-b161-80ec8ec71c4b', 'context': [<snowplow_tracker.self_describing_json.SelfDescribingJson object at 0x77b72a104250>]}
[0m09:50:25.588563 [debug] [MainThread]: Sending event: {'category': 'dbt', 'action': 'load_project', 'label': '91cabae0-37f3-41f7-b161-80ec8ec71c4b', 'context': [<snowplow_tracker.self_describing_json.SelfDescribingJson object at 0x77b727f49850>]}
[0m09:50:25.677501 [debug] [MainThread]: Wrote artifact WritableManifest to /usr/app/target/manifest.json
[0m09:50:25.682349 [debug] [MainThread]: Wrote artifact SemanticManifest to /usr/app/target/semantic_manifest.json
[0m09:50:25.694882 [debug] [MainThread]: Sending event: {'category': 'dbt', 'action': 'resource_counts', 'label': '91cabae0-37f3-41f7-b161-80ec8ec71c4b', 'context': [<snowplow_tracker.self_describing_json.SelfDescribingJson object at 0x77b7283a98d0>]}
[0m09:50:25.695861 [info ] [MainThread]: Found 4 models, 6 data tests, 465 macros
[0m09:50:25.696690 [debug] [MainThread]: Sending event: {'category': 'dbt', 'action': 'runnable_timing', 'label': '91cabae0-37f3-41f7-b161-80ec8ec71c4b', 'context': [<snowplow_tracker.self_describing_json.SelfDescribingJson object at 0x77b728336e50>]}
[0m09:50:25.699526 [info ] [MainThread]: 
[0m09:50:25.700606 [info ] [MainThread]: Concurrency: 1 threads (target='dev')
[0m09:50:25.701566 [info ] [MainThread]: 
[0m09:50:25.702863 [debug] [MainThread]: Acquiring new postgres connection 'master'
[0m09:50:25.707629 [debug] [ThreadPool]: Acquiring new postgres connection 'list_warehouse'
[0m09:50:25.746122 [debug] [ThreadPool]: Using postgres connection "list_warehouse"
[0m09:50:25.747780 [debug] [ThreadPool]: On list_warehouse: /* {"app": "dbt", "dbt_version": "1.11.8", "profile_name": "api_dwh", "target_name": "dev", "connection_name": "list_warehouse"} */

    select distinct nspname from pg_namespace
  
[0m09:50:25.749136 [debug] [ThreadPool]: Opening a new connection, currently in state init
[0m09:50:25.819622 [debug] [ThreadPool]: SQL status: SELECT 6 in 0.070 seconds
[0m09:50:25.821755 [debug] [ThreadPool]: On list_warehouse: Close
[0m09:50:25.823423 [debug] [ThreadPool]: Re-using an available connection from the pool (formerly list_warehouse, now create_warehouse_public_mart)
[0m09:50:25.824600 [debug] [ThreadPool]: Creating schema "database: "warehouse"
schema: "public_mart"
"
[0m09:50:25.831386 [debug] [ThreadPool]: Using postgres connection "create_warehouse_public_mart"
[0m09:50:25.832858 [debug] [ThreadPool]: On create_warehouse_public_mart: /* {"app": "dbt", "dbt_version": "1.11.8", "profile_name": "api_dwh", "target_name": "dev", "connection_name": "create_warehouse_public_mart"} */
create schema if not exists "public_mart"
[0m09:50:25.833856 [debug] [ThreadPool]: Opening a new connection, currently in state closed
[0m09:50:25.875965 [debug] [ThreadPool]: SQL status: CREATE SCHEMA in 0.042 seconds
[0m09:50:25.877745 [debug] [ThreadPool]: On create_warehouse_public_mart: COMMIT
[0m09:50:25.878856 [debug] [ThreadPool]: Using postgres connection "create_warehouse_public_mart"
[0m09:50:25.879687 [debug] [ThreadPool]: On create_warehouse_public_mart: COMMIT
[0m09:50:25.911800 [debug] [ThreadPool]: SQL status: COMMIT in 0.031 seconds
[0m09:50:25.913648 [debug] [ThreadPool]: On create_warehouse_public_mart: Close
[0m09:50:25.916914 [debug] [ThreadPool]: Re-using an available connection from the pool (formerly create_warehouse_public_mart, now list_warehouse_public_mart)
[0m09:50:25.923375 [debug] [ThreadPool]: Using postgres connection "list_warehouse_public_mart"
[0m09:50:25.924481 [debug] [ThreadPool]: On list_warehouse_public_mart: /* {"app": "dbt", "dbt_version": "1.11.8", "profile_name": "api_dwh", "target_name": "dev", "connection_name": "list_warehouse_public_mart"} */
select
      'warehouse' as database,
      tablename as name,
      schemaname as schema,
      'table' as type
    from pg_tables
    where schemaname ilike 'public_mart'
    union all
    select
      'warehouse' as database,
      viewname as name,
      schemaname as schema,
      'view' as type
    from pg_views
    where schemaname ilike 'public_mart'
    union all
    select
      'warehouse' as database,
      matviewname as name,
      schemaname as schema,
      'materialized_view' as type
    from pg_matviews
    where schemaname ilike 'public_mart'
  
[0m09:50:25.925371 [debug] [ThreadPool]: Opening a new connection, currently in state closed
[0m09:50:26.001220 [debug] [ThreadPool]: SQL status: SELECT 0 in 0.076 seconds
[0m09:50:26.003926 [debug] [ThreadPool]: On list_warehouse_public_mart: ROLLBACK
[0m09:50:26.011408 [debug] [ThreadPool]: On list_warehouse_public_mart: Close
[0m09:50:26.016775 [debug] [MainThread]: Using postgres connection "master"
[0m09:50:26.017882 [debug] [MainThread]: On master: /* {"app": "dbt", "dbt_version": "1.11.8", "profile_name": "api_dwh", "target_name": "dev", "connection_name": "master"} */
select distinct
        dependent_namespace.nspname as dependent_schema,
        dependent_class.relname as dependent_name,
        referenced_namespace.nspname as referenced_schema,
        referenced_class.relname as referenced_name

    -- Query for views: views are entries in pg_class with an entry in pg_rewrite, but we avoid
    -- a seq scan on pg_rewrite by leveraging the fact there is an "internal" row in pg_depend for
    -- the view...
    from pg_class as dependent_class
    join pg_namespace as dependent_namespace on dependent_namespace.oid = dependent_class.relnamespace
    join pg_depend as dependent_depend on dependent_depend.refobjid = dependent_class.oid
        and dependent_depend.classid = 'pg_rewrite'::regclass
        and dependent_depend.refclassid = 'pg_class'::regclass
        and dependent_depend.deptype = 'i'

    -- ... and via pg_depend (that has a row per column, hence the need for "distinct" above, and
    -- making sure to exclude the internal row to avoid a view appearing to depend on itself)...
    join pg_depend as joining_depend on joining_depend.objid = dependent_depend.objid
        and joining_depend.classid = 'pg_rewrite'::regclass
        and joining_depend.refclassid = 'pg_class'::regclass
        and joining_depend.refobjid != dependent_depend.refobjid

    -- ... we can find the tables they query from in pg_class, but excluding system tables. Note we
    -- don't need need to exclude _dependent_ system tables, because they only query from other
    -- system tables, and so are automatically excluded by excluding _referenced_ system tables
    join pg_class as referenced_class on referenced_class.oid = joining_depend.refobjid
    join pg_namespace as referenced_namespace on referenced_namespace.oid = referenced_class.relnamespace
        and referenced_namespace.nspname != 'information_schema'
        and referenced_namespace.nspname not like 'pg\_%'

    order by
        dependent_schema, dependent_name, referenced_schema, referenced_name;
[0m09:50:26.018709 [debug] [MainThread]: Opening a new connection, currently in state init
[0m09:50:26.122927 [debug] [MainThread]: SQL status: SELECT 0 in 0.104 seconds
[0m09:50:26.125501 [debug] [MainThread]: Sending event: {'category': 'dbt', 'action': 'runnable_timing', 'label': '91cabae0-37f3-41f7-b161-80ec8ec71c4b', 'context': [<snowplow_tracker.self_describing_json.SelfDescribingJson object at 0x77b727f7a0d0>]}
[0m09:50:26.126980 [debug] [MainThread]: On master: ROLLBACK
[0m09:50:26.135718 [debug] [MainThread]: On master: COMMIT
[0m09:50:26.137156 [debug] [MainThread]: Using postgres connection "master"
[0m09:50:26.137990 [debug] [MainThread]: On master: COMMIT
[0m09:50:26.146443 [debug] [MainThread]: SQL status: COMMIT in 0.008 seconds
[0m09:50:26.147496 [debug] [MainThread]: On master: Close
[0m09:50:26.150889 [debug] [Thread-1 (]: Began running node model.api_dwh.dim_customers
[0m09:50:26.151983 [info ] [Thread-1 (]: 1 of 4 START sql table model public_mart.dim_customers ......................... [RUN]
[0m09:50:26.153096 [debug] [Thread-1 (]: Re-using an available connection from the pool (formerly list_warehouse_public_mart, now model.api_dwh.dim_customers)
[0m09:50:26.154163 [debug] [Thread-1 (]: Began compiling node model.api_dwh.dim_customers
[0m09:50:26.159953 [debug] [Thread-1 (]: Writing injected SQL for node "model.api_dwh.dim_customers"
[0m09:50:26.166048 [debug] [Thread-1 (]: Began executing node model.api_dwh.dim_customers
[0m09:50:26.204453 [debug] [Thread-1 (]: Writing runtime sql for node "model.api_dwh.dim_customers"
[0m09:50:26.212596 [debug] [Thread-1 (]: Using postgres connection "model.api_dwh.dim_customers"
[0m09:50:26.213497 [debug] [Thread-1 (]: On model.api_dwh.dim_customers: /* {"app": "dbt", "dbt_version": "1.11.8", "profile_name": "api_dwh", "target_name": "dev", "node_id": "model.api_dwh.dim_customers"} */

  
    

  create  table "warehouse"."public_mart"."dim_customers__dbt_tmp"
  
  
    as
  
  (
    SELECT customer_id,
    TRIM(full_name) AS customer_name,
    LOWER(email) AS email,
    phone,
    created_at,
    updated_at
FROM staging.ods_customers
WHERE is_deleted = FALSE
  );
  
[0m09:50:26.214314 [debug] [Thread-1 (]: Opening a new connection, currently in state closed
[0m09:50:27.380765 [debug] [Thread-1 (]: SQL status: SELECT 102 in 1.166 seconds
[0m09:50:27.415188 [debug] [Thread-1 (]: Using postgres connection "model.api_dwh.dim_customers"
[0m09:50:27.417888 [debug] [Thread-1 (]: On model.api_dwh.dim_customers: /* {"app": "dbt", "dbt_version": "1.11.8", "profile_name": "api_dwh", "target_name": "dev", "node_id": "model.api_dwh.dim_customers"} */
alter table "warehouse"."public_mart"."dim_customers__dbt_tmp" rename to "dim_customers"
[0m09:50:27.425823 [debug] [Thread-1 (]: SQL status: ALTER TABLE in 0.006 seconds
[0m09:50:27.443195 [debug] [Thread-1 (]: On model.api_dwh.dim_customers: COMMIT
[0m09:50:27.444881 [debug] [Thread-1 (]: Using postgres connection "model.api_dwh.dim_customers"
[0m09:50:27.446327 [debug] [Thread-1 (]: On model.api_dwh.dim_customers: COMMIT
[0m09:50:27.482172 [debug] [Thread-1 (]: SQL status: COMMIT in 0.034 seconds
[0m09:50:27.490121 [debug] [Thread-1 (]: Applying DROP to: "warehouse"."public_mart"."dim_customers__dbt_backup"
[0m09:50:27.496041 [debug] [Thread-1 (]: Using postgres connection "model.api_dwh.dim_customers"
[0m09:50:27.497414 [debug] [Thread-1 (]: On model.api_dwh.dim_customers: /* {"app": "dbt", "dbt_version": "1.11.8", "profile_name": "api_dwh", "target_name": "dev", "node_id": "model.api_dwh.dim_customers"} */
drop table if exists "warehouse"."public_mart"."dim_customers__dbt_backup" cascade
[0m09:50:27.502415 [debug] [Thread-1 (]: SQL status: DROP TABLE in 0.004 seconds
[0m09:50:27.506333 [debug] [Thread-1 (]: On model.api_dwh.dim_customers: Close
[0m09:50:27.508763 [debug] [Thread-1 (]: Sending event: {'category': 'dbt', 'action': 'run_model', 'label': '91cabae0-37f3-41f7-b161-80ec8ec71c4b', 'context': [<snowplow_tracker.self_describing_json.SelfDescribingJson object at 0x77b725b34c50>]}
[0m09:50:27.510164 [info ] [Thread-1 (]: 1 of 4 OK created sql table model public_mart.dim_customers .................... [[32mSELECT 102[0m in 1.35s]
[0m09:50:27.511632 [debug] [Thread-1 (]: Finished running node model.api_dwh.dim_customers
[0m09:50:27.512621 [debug] [Thread-1 (]: Began running node model.api_dwh.fact_orders
[0m09:50:27.513553 [info ] [Thread-1 (]: 2 of 4 START sql table model public_mart.fact_orders ........................... [RUN]
[0m09:50:27.514552 [debug] [Thread-1 (]: Re-using an available connection from the pool (formerly model.api_dwh.dim_customers, now model.api_dwh.fact_orders)
[0m09:50:27.515377 [debug] [Thread-1 (]: Began compiling node model.api_dwh.fact_orders
[0m09:50:27.518038 [debug] [Thread-1 (]: Writing injected SQL for node "model.api_dwh.fact_orders"
[0m09:50:27.525320 [debug] [Thread-1 (]: Began executing node model.api_dwh.fact_orders
[0m09:50:27.530297 [debug] [Thread-1 (]: Writing runtime sql for node "model.api_dwh.fact_orders"
[0m09:50:27.537292 [debug] [Thread-1 (]: Using postgres connection "model.api_dwh.fact_orders"
[0m09:50:27.538110 [debug] [Thread-1 (]: On model.api_dwh.fact_orders: /* {"app": "dbt", "dbt_version": "1.11.8", "profile_name": "api_dwh", "target_name": "dev", "node_id": "model.api_dwh.fact_orders"} */

  
    

  create  table "warehouse"."public_mart"."fact_orders__dbt_tmp"
  
  
    as
  
  (
    SELECT o.order_id,
    o.customer_id,
    TRIM(c.full_name) AS customer_name,
    LOWER(c.email) AS customer_email,
    o.product_name,
    o.qty,
    o.price,
    (o.qty * o.price) AS total_amount,
    o.order_date,
    DATE(o.order_date) AS order_day,
    EXTRACT(
        YEAR
        FROM o.order_date
    ) AS order_year,
    EXTRACT(
        MONTH
        FROM o.order_date
    ) AS order_month
FROM staging.ods_orders o
    LEFT JOIN staging.ods_customers c ON o.customer_id::VARCHAR = c.customer_id
WHERE c.is_deleted = FALSE
  );
  
[0m09:50:27.538775 [debug] [Thread-1 (]: Opening a new connection, currently in state closed
[0m09:50:27.696287 [debug] [Thread-1 (]: SQL status: SELECT 280 in 0.157 seconds
[0m09:50:27.702058 [debug] [Thread-1 (]: Using postgres connection "model.api_dwh.fact_orders"
[0m09:50:27.703671 [debug] [Thread-1 (]: On model.api_dwh.fact_orders: /* {"app": "dbt", "dbt_version": "1.11.8", "profile_name": "api_dwh", "target_name": "dev", "node_id": "model.api_dwh.fact_orders"} */
alter table "warehouse"."public_mart"."fact_orders__dbt_tmp" rename to "fact_orders"
[0m09:50:27.709027 [debug] [Thread-1 (]: SQL status: ALTER TABLE in 0.004 seconds
[0m09:50:27.711416 [debug] [Thread-1 (]: On model.api_dwh.fact_orders: COMMIT
[0m09:50:27.712961 [debug] [Thread-1 (]: Using postgres connection "model.api_dwh.fact_orders"
[0m09:50:27.714691 [debug] [Thread-1 (]: On model.api_dwh.fact_orders: COMMIT
[0m09:50:27.756845 [debug] [Thread-1 (]: SQL status: COMMIT in 0.040 seconds
[0m09:50:27.760461 [debug] [Thread-1 (]: Applying DROP to: "warehouse"."public_mart"."fact_orders__dbt_backup"
[0m09:50:27.761987 [debug] [Thread-1 (]: Using postgres connection "model.api_dwh.fact_orders"
[0m09:50:27.763255 [debug] [Thread-1 (]: On model.api_dwh.fact_orders: /* {"app": "dbt", "dbt_version": "1.11.8", "profile_name": "api_dwh", "target_name": "dev", "node_id": "model.api_dwh.fact_orders"} */
drop table if exists "warehouse"."public_mart"."fact_orders__dbt_backup" cascade
[0m09:50:27.768151 [debug] [Thread-1 (]: SQL status: DROP TABLE in 0.004 seconds
[0m09:50:27.770531 [debug] [Thread-1 (]: On model.api_dwh.fact_orders: Close
[0m09:50:27.772128 [debug] [Thread-1 (]: Sending event: {'category': 'dbt', 'action': 'run_model', 'label': '91cabae0-37f3-41f7-b161-80ec8ec71c4b', 'context': [<snowplow_tracker.self_describing_json.SelfDescribingJson object at 0x77b725a1edd0>]}
[0m09:50:27.773663 [info ] [Thread-1 (]: 2 of 4 OK created sql table model public_mart.fact_orders ...................... [[32mSELECT 280[0m in 0.26s]
[0m09:50:27.775317 [debug] [Thread-1 (]: Finished running node model.api_dwh.fact_orders
[0m09:50:27.776452 [debug] [Thread-1 (]: Began running node model.api_dwh.fact_payments
[0m09:50:27.777636 [info ] [Thread-1 (]: 3 of 4 START sql table model public_mart.fact_payments ......................... [RUN]
[0m09:50:27.779029 [debug] [Thread-1 (]: Re-using an available connection from the pool (formerly model.api_dwh.fact_orders, now model.api_dwh.fact_payments)
[0m09:50:27.780078 [debug] [Thread-1 (]: Began compiling node model.api_dwh.fact_payments
[0m09:50:27.782527 [debug] [Thread-1 (]: Writing injected SQL for node "model.api_dwh.fact_payments"
[0m09:50:27.791084 [debug] [Thread-1 (]: Began executing node model.api_dwh.fact_payments
[0m09:50:27.796472 [debug] [Thread-1 (]: Writing runtime sql for node "model.api_dwh.fact_payments"
[0m09:50:27.806563 [debug] [Thread-1 (]: Using postgres connection "model.api_dwh.fact_payments"
[0m09:50:27.807468 [debug] [Thread-1 (]: On model.api_dwh.fact_payments: /* {"app": "dbt", "dbt_version": "1.11.8", "profile_name": "api_dwh", "target_name": "dev", "node_id": "model.api_dwh.fact_payments"} */

  
    

  create  table "warehouse"."public_mart"."fact_payments__dbt_tmp"
  
  
    as
  
  (
    SELECT p.payment_id,
    p.order_id,
    o.customer_id,
    TRIM(c.full_name) AS customer_name,
    p.payment_method,
    p.amount,
    p.payment_date,
    DATE(p.payment_date) AS payment_day
FROM staging.ods_payments p
    LEFT JOIN staging.ods_orders o ON p.order_id::VARCHAR = o.order_id
    LEFT JOIN staging.ods_customers c ON o.customer_id::VARCHAR = c.customer_id
WHERE c.is_deleted = FALSE
  );
  
[0m09:50:27.808203 [debug] [Thread-1 (]: Opening a new connection, currently in state closed
[0m09:50:27.998947 [debug] [Thread-1 (]: SQL status: SELECT 280 in 0.190 seconds
[0m09:50:28.012826 [debug] [Thread-1 (]: Using postgres connection "model.api_dwh.fact_payments"
[0m09:50:28.016138 [debug] [Thread-1 (]: On model.api_dwh.fact_payments: /* {"app": "dbt", "dbt_version": "1.11.8", "profile_name": "api_dwh", "target_name": "dev", "node_id": "model.api_dwh.fact_payments"} */
alter table "warehouse"."public_mart"."fact_payments__dbt_tmp" rename to "fact_payments"
[0m09:50:28.027531 [debug] [Thread-1 (]: SQL status: ALTER TABLE in 0.009 seconds
[0m09:50:28.030116 [debug] [Thread-1 (]: On model.api_dwh.fact_payments: COMMIT
[0m09:50:28.031148 [debug] [Thread-1 (]: Using postgres connection "model.api_dwh.fact_payments"
[0m09:50:28.032341 [debug] [Thread-1 (]: On model.api_dwh.fact_payments: COMMIT
[0m09:50:28.065086 [debug] [Thread-1 (]: SQL status: COMMIT in 0.032 seconds
[0m09:50:28.069966 [debug] [Thread-1 (]: Applying DROP to: "warehouse"."public_mart"."fact_payments__dbt_backup"
[0m09:50:28.071593 [debug] [Thread-1 (]: Using postgres connection "model.api_dwh.fact_payments"
[0m09:50:28.072923 [debug] [Thread-1 (]: On model.api_dwh.fact_payments: /* {"app": "dbt", "dbt_version": "1.11.8", "profile_name": "api_dwh", "target_name": "dev", "node_id": "model.api_dwh.fact_payments"} */
drop table if exists "warehouse"."public_mart"."fact_payments__dbt_backup" cascade
[0m09:50:28.077466 [debug] [Thread-1 (]: SQL status: DROP TABLE in 0.003 seconds
[0m09:50:28.079458 [debug] [Thread-1 (]: On model.api_dwh.fact_payments: Close
[0m09:50:28.080753 [debug] [Thread-1 (]: Sending event: {'category': 'dbt', 'action': 'run_model', 'label': '91cabae0-37f3-41f7-b161-80ec8ec71c4b', 'context': [<snowplow_tracker.self_describing_json.SelfDescribingJson object at 0x77b725a81950>]}
[0m09:50:28.081907 [info ] [Thread-1 (]: 3 of 4 OK created sql table model public_mart.fact_payments .................... [[32mSELECT 280[0m in 0.30s]
[0m09:50:28.083094 [debug] [Thread-1 (]: Finished running node model.api_dwh.fact_payments
[0m09:50:28.083982 [debug] [Thread-1 (]: Began running node model.api_dwh.fact_sales_summary
[0m09:50:28.084832 [info ] [Thread-1 (]: 4 of 4 START sql table model public_mart.fact_sales_summary .................... [RUN]
[0m09:50:28.085797 [debug] [Thread-1 (]: Re-using an available connection from the pool (formerly model.api_dwh.fact_payments, now model.api_dwh.fact_sales_summary)
[0m09:50:28.086627 [debug] [Thread-1 (]: Began compiling node model.api_dwh.fact_sales_summary
[0m09:50:28.088851 [debug] [Thread-1 (]: Writing injected SQL for node "model.api_dwh.fact_sales_summary"
[0m09:50:28.094675 [debug] [Thread-1 (]: Began executing node model.api_dwh.fact_sales_summary
[0m09:50:28.098657 [debug] [Thread-1 (]: Writing runtime sql for node "model.api_dwh.fact_sales_summary"
[0m09:50:28.105983 [debug] [Thread-1 (]: Using postgres connection "model.api_dwh.fact_sales_summary"
[0m09:50:28.107177 [debug] [Thread-1 (]: On model.api_dwh.fact_sales_summary: /* {"app": "dbt", "dbt_version": "1.11.8", "profile_name": "api_dwh", "target_name": "dev", "node_id": "model.api_dwh.fact_sales_summary"} */

  
    

  create  table "warehouse"."public_mart"."fact_sales_summary__dbt_tmp"
  
  
    as
  
  (
    SELECT DATE(o.order_date) AS sales_date,
    COUNT(DISTINCT o.order_id) AS total_orders,
    COUNT(DISTINCT o.customer_id) AS total_customers,
    SUM(o.qty) AS total_qty,
    SUM(o.qty * o.price) AS gross_sales,
    AVG(o.qty * o.price) AS avg_order_value
FROM staging.ods_orders o
GROUP BY DATE(o.order_date)
  );
  
[0m09:50:28.108329 [debug] [Thread-1 (]: Opening a new connection, currently in state closed
[0m09:50:28.281162 [debug] [Thread-1 (]: SQL status: SELECT 2 in 0.173 seconds
[0m09:50:28.292028 [debug] [Thread-1 (]: Using postgres connection "model.api_dwh.fact_sales_summary"
[0m09:50:28.295515 [debug] [Thread-1 (]: On model.api_dwh.fact_sales_summary: /* {"app": "dbt", "dbt_version": "1.11.8", "profile_name": "api_dwh", "target_name": "dev", "node_id": "model.api_dwh.fact_sales_summary"} */
alter table "warehouse"."public_mart"."fact_sales_summary__dbt_tmp" rename to "fact_sales_summary"
[0m09:50:28.303798 [debug] [Thread-1 (]: SQL status: ALTER TABLE in 0.005 seconds
[0m09:50:28.305861 [debug] [Thread-1 (]: On model.api_dwh.fact_sales_summary: COMMIT
[0m09:50:28.307036 [debug] [Thread-1 (]: Using postgres connection "model.api_dwh.fact_sales_summary"
[0m09:50:28.308092 [debug] [Thread-1 (]: On model.api_dwh.fact_sales_summary: COMMIT
[0m09:50:28.349027 [debug] [Thread-1 (]: SQL status: COMMIT in 0.040 seconds
[0m09:50:28.359887 [debug] [Thread-1 (]: Applying DROP to: "warehouse"."public_mart"."fact_sales_summary__dbt_backup"
[0m09:50:28.362675 [debug] [Thread-1 (]: Using postgres connection "model.api_dwh.fact_sales_summary"
[0m09:50:28.364670 [debug] [Thread-1 (]: On model.api_dwh.fact_sales_summary: /* {"app": "dbt", "dbt_version": "1.11.8", "profile_name": "api_dwh", "target_name": "dev", "node_id": "model.api_dwh.fact_sales_summary"} */
drop table if exists "warehouse"."public_mart"."fact_sales_summary__dbt_backup" cascade
[0m09:50:28.372161 [debug] [Thread-1 (]: SQL status: DROP TABLE in 0.006 seconds
[0m09:50:28.374175 [debug] [Thread-1 (]: On model.api_dwh.fact_sales_summary: Close
[0m09:50:28.375452 [debug] [Thread-1 (]: Sending event: {'category': 'dbt', 'action': 'run_model', 'label': '91cabae0-37f3-41f7-b161-80ec8ec71c4b', 'context': [<snowplow_tracker.self_describing_json.SelfDescribingJson object at 0x77b725a5df10>]}
[0m09:50:28.376674 [info ] [Thread-1 (]: 4 of 4 OK created sql table model public_mart.fact_sales_summary ............... [[32mSELECT 2[0m in 0.29s]
[0m09:50:28.378053 [debug] [Thread-1 (]: Finished running node model.api_dwh.fact_sales_summary
[0m09:50:28.380585 [debug] [MainThread]: On master: COMMIT
[0m09:50:28.381524 [debug] [MainThread]: Using postgres connection "master"
[0m09:50:28.382405 [debug] [MainThread]: On master: COMMIT
[0m09:50:28.383245 [debug] [MainThread]: Opening a new connection, currently in state closed
[0m09:50:28.427878 [debug] [MainThread]: SQL status: COMMIT in 0.045 seconds
[0m09:50:28.428936 [debug] [MainThread]: On master: Close
[0m09:50:28.430176 [debug] [MainThread]: Connection 'master' was properly closed.
[0m09:50:28.431686 [debug] [MainThread]: Connection 'model.api_dwh.fact_sales_summary' was properly closed.
[0m09:50:28.432646 [info ] [MainThread]: 
[0m09:50:28.433793 [info ] [MainThread]: Finished running 4 table models in 0 hours 0 minutes and 2.73 seconds (2.73s).
[0m09:50:28.435653 [debug] [MainThread]: Command end result
[0m09:50:28.479200 [debug] [MainThread]: Wrote artifact WritableManifest to /usr/app/target/manifest.json
[0m09:50:28.485179 [debug] [MainThread]: Wrote artifact SemanticManifest to /usr/app/target/semantic_manifest.json
[0m09:50:28.494727 [debug] [MainThread]: Wrote artifact RunExecutionResult to /usr/app/target/run_results.json
[0m09:50:28.495816 [info ] [MainThread]: 
[0m09:50:28.497601 [info ] [MainThread]: [32mCompleted successfully[0m
[0m09:50:28.499168 [info ] [MainThread]: 
[0m09:50:28.500611 [info ] [MainThread]: Done. PASS=4 WARN=0 ERROR=0 SKIP=0 NO-OP=0 TOTAL=4
[0m09:50:28.502156 [debug] [MainThread]: Resource report: {"command_name": "run", "command_success": true, "command_wall_clock_time": 4.4744225, "process_in_blocks": "0", "process_kernel_time": 0.325277, "process_mem_max_rss": "133472", "process_out_blocks": "0", "process_user_time": 3.010799}
[0m09:50:28.503142 [debug] [MainThread]: Command `dbt run` succeeded at 09:50:28.503036 after 4.48 seconds
[0m09:50:28.503881 [debug] [MainThread]: Sending event: {'category': 'dbt', 'action': 'invocation', 'label': 'end', 'context': [<snowplow_tracker.self_describing_json.SelfDescribingJson object at 0x77b72a123d10>, <snowplow_tracker.self_describing_json.SelfDescribingJson object at 0x77b72a03d050>, <snowplow_tracker.self_describing_json.SelfDescribingJson object at 0x77b72a03ffd0>]}
[0m09:50:28.504618 [debug] [MainThread]: Flushing usage events
[0m09:50:29.565409 [debug] [MainThread]: An error was encountered while trying to flush usage events
[0m09:53:13.185259 [debug] [MainThread]: Sending event: {'category': 'dbt', 'action': 'invocation', 'label': 'start', 'context': [<snowplow_tracker.self_describing_json.SelfDescribingJson object at 0x777bbdb86410>, <snowplow_tracker.self_describing_json.SelfDescribingJson object at 0x777bbde33fd0>, <snowplow_tracker.self_describing_json.SelfDescribingJson object at 0x777bbda43d50>]}


============================== 09:53:13.189408 | e8d49d83-0c0f-46ad-9042-732e1c443fc2 ==============================
[0m09:53:13.189408 [info ] [MainThread]: Running with dbt=1.11.8
[0m09:53:13.190748 [debug] [MainThread]: running dbt with arguments {'invocation_command': 'dbt run', 'printer_width': '80', 'indirect_selection': 'eager', 'log_format': 'default', 'quiet': 'False', 'target_path': 'None', 'cache_selected_only': 'False', 'static_parser': 'True', 'version_check': 'True', 'introspect': 'True', 'warn_error_options': 'WarnErrorOptionsV2(error=[], warn=[], silence=[])', 'partial_parse': 'True', 'use_colors': 'True', 'use_experimental_parser': 'False', 'warn_error': 'None', 'write_json': 'True', 'fail_fast': 'False', 'log_cache_events': 'False', 'log_path': '/usr/app/logs', 'debug': 'False', 'send_anonymous_usage_stats': 'True', 'profiles_dir': '/root/.dbt', 'no_print': 'None', 'empty': 'False'}
[0m09:53:13.380996 [debug] [MainThread]: Sending event: {'category': 'dbt', 'action': 'project_id', 'label': 'e8d49d83-0c0f-46ad-9042-732e1c443fc2', 'context': [<snowplow_tracker.self_describing_json.SelfDescribingJson object at 0x777bbcde73d0>]}
[0m09:53:13.455698 [debug] [MainThread]: Sending event: {'category': 'dbt', 'action': 'adapter_info', 'label': 'e8d49d83-0c0f-46ad-9042-732e1c443fc2', 'context': [<snowplow_tracker.self_describing_json.SelfDescribingJson object at 0x777bc0b7d810>]}
[0m09:53:13.457918 [info ] [MainThread]: Registered adapter: postgres=1.10.0
[0m09:53:13.575752 [debug] [MainThread]: checksum: 7d524ac048c2100769df89d592e662e060a73ca564e31bd9c2a37efdfe8d8ab6, vars: {}, profile: , target: , version: 1.11.8
[0m09:53:13.702684 [info ] [MainThread]: Unable to do partial parsing because profile has changed
[0m09:53:13.704214 [info ] [MainThread]: Unable to do partial parsing because a project config has changed
[0m09:53:13.705768 [debug] [MainThread]: Sending event: {'category': 'dbt', 'action': 'partial_parser', 'label': 'e8d49d83-0c0f-46ad-9042-732e1c443fc2', 'context': [<snowplow_tracker.self_describing_json.SelfDescribingJson object at 0x777bbeb34c90>]}
[0m09:53:14.941307 [debug] [MainThread]: Sending event: {'category': 'dbt', 'action': 'load_project', 'label': 'e8d49d83-0c0f-46ad-9042-732e1c443fc2', 'context': [<snowplow_tracker.self_describing_json.SelfDescribingJson object at 0x777bbb9a4450>]}
[0m09:53:15.026071 [debug] [MainThread]: Wrote artifact WritableManifest to /usr/app/target/manifest.json
[0m09:53:15.030492 [debug] [MainThread]: Wrote artifact SemanticManifest to /usr/app/target/semantic_manifest.json
[0m09:53:15.042305 [debug] [MainThread]: Sending event: {'category': 'dbt', 'action': 'resource_counts', 'label': 'e8d49d83-0c0f-46ad-9042-732e1c443fc2', 'context': [<snowplow_tracker.self_describing_json.SelfDescribingJson object at 0x777bbc113f10>]}
[0m09:53:15.043140 [info ] [MainThread]: Found 4 models, 6 data tests, 465 macros
[0m09:53:15.043952 [debug] [MainThread]: Sending event: {'category': 'dbt', 'action': 'runnable_timing', 'label': 'e8d49d83-0c0f-46ad-9042-732e1c443fc2', 'context': [<snowplow_tracker.self_describing_json.SelfDescribingJson object at 0x777bbdaa0810>]}
[0m09:53:15.046340 [info ] [MainThread]: 
[0m09:53:15.047282 [info ] [MainThread]: Concurrency: 1 threads (target='dev')
[0m09:53:15.048163 [info ] [MainThread]: 
[0m09:53:15.049285 [debug] [MainThread]: Acquiring new postgres connection 'master'
[0m09:53:15.053963 [debug] [ThreadPool]: Acquiring new postgres connection 'list_warehouse'
[0m09:53:15.090704 [debug] [ThreadPool]: Using postgres connection "list_warehouse"
[0m09:53:15.092809 [debug] [ThreadPool]: On list_warehouse: /* {"app": "dbt", "dbt_version": "1.11.8", "profile_name": "api_dwh", "target_name": "dev", "connection_name": "list_warehouse"} */

    select distinct nspname from pg_namespace
  
[0m09:53:15.094470 [debug] [ThreadPool]: Opening a new connection, currently in state init
[0m09:53:15.159125 [debug] [ThreadPool]: SQL status: SELECT 7 in 0.065 seconds
[0m09:53:15.161966 [debug] [ThreadPool]: On list_warehouse: Close
[0m09:53:15.164681 [debug] [ThreadPool]: Re-using an available connection from the pool (formerly list_warehouse, now list_warehouse_mart)
[0m09:53:15.170091 [debug] [ThreadPool]: Using postgres connection "list_warehouse_mart"
[0m09:53:15.171138 [debug] [ThreadPool]: On list_warehouse_mart: /* {"app": "dbt", "dbt_version": "1.11.8", "profile_name": "api_dwh", "target_name": "dev", "connection_name": "list_warehouse_mart"} */
select
      'warehouse' as database,
      tablename as name,
      schemaname as schema,
      'table' as type
    from pg_tables
    where schemaname ilike 'mart'
    union all
    select
      'warehouse' as database,
      viewname as name,
      schemaname as schema,
      'view' as type
    from pg_views
    where schemaname ilike 'mart'
    union all
    select
      'warehouse' as database,
      matviewname as name,
      schemaname as schema,
      'materialized_view' as type
    from pg_matviews
    where schemaname ilike 'mart'
  
[0m09:53:15.172157 [debug] [ThreadPool]: Opening a new connection, currently in state closed
[0m09:53:15.236257 [debug] [ThreadPool]: SQL status: SELECT 0 in 0.064 seconds
[0m09:53:15.239249 [debug] [ThreadPool]: On list_warehouse_mart: ROLLBACK
[0m09:53:15.245690 [debug] [ThreadPool]: On list_warehouse_mart: Close
[0m09:53:15.251771 [debug] [MainThread]: Using postgres connection "master"
[0m09:53:15.252922 [debug] [MainThread]: On master: /* {"app": "dbt", "dbt_version": "1.11.8", "profile_name": "api_dwh", "target_name": "dev", "connection_name": "master"} */
select distinct
        dependent_namespace.nspname as dependent_schema,
        dependent_class.relname as dependent_name,
        referenced_namespace.nspname as referenced_schema,
        referenced_class.relname as referenced_name

    -- Query for views: views are entries in pg_class with an entry in pg_rewrite, but we avoid
    -- a seq scan on pg_rewrite by leveraging the fact there is an "internal" row in pg_depend for
    -- the view...
    from pg_class as dependent_class
    join pg_namespace as dependent_namespace on dependent_namespace.oid = dependent_class.relnamespace
    join pg_depend as dependent_depend on dependent_depend.refobjid = dependent_class.oid
        and dependent_depend.classid = 'pg_rewrite'::regclass
        and dependent_depend.refclassid = 'pg_class'::regclass
        and dependent_depend.deptype = 'i'

    -- ... and via pg_depend (that has a row per column, hence the need for "distinct" above, and
    -- making sure to exclude the internal row to avoid a view appearing to depend on itself)...
    join pg_depend as joining_depend on joining_depend.objid = dependent_depend.objid
        and joining_depend.classid = 'pg_rewrite'::regclass
        and joining_depend.refclassid = 'pg_class'::regclass
        and joining_depend.refobjid != dependent_depend.refobjid

    -- ... we can find the tables they query from in pg_class, but excluding system tables. Note we
    -- don't need need to exclude _dependent_ system tables, because they only query from other
    -- system tables, and so are automatically excluded by excluding _referenced_ system tables
    join pg_class as referenced_class on referenced_class.oid = joining_depend.refobjid
    join pg_namespace as referenced_namespace on referenced_namespace.oid = referenced_class.relnamespace
        and referenced_namespace.nspname != 'information_schema'
        and referenced_namespace.nspname not like 'pg\_%'

    order by
        dependent_schema, dependent_name, referenced_schema, referenced_name;
[0m09:53:15.253801 [debug] [MainThread]: Opening a new connection, currently in state init
[0m09:53:15.326680 [debug] [MainThread]: SQL status: SELECT 0 in 0.073 seconds
[0m09:53:15.329850 [debug] [MainThread]: Sending event: {'category': 'dbt', 'action': 'runnable_timing', 'label': 'e8d49d83-0c0f-46ad-9042-732e1c443fc2', 'context': [<snowplow_tracker.self_describing_json.SelfDescribingJson object at 0x777bbb9db0d0>]}
[0m09:53:15.331812 [debug] [MainThread]: On master: ROLLBACK
[0m09:53:15.336656 [debug] [MainThread]: On master: COMMIT
[0m09:53:15.337723 [debug] [MainThread]: Using postgres connection "master"
[0m09:53:15.338564 [debug] [MainThread]: On master: COMMIT
[0m09:53:15.345381 [debug] [MainThread]: SQL status: COMMIT in 0.006 seconds
[0m09:53:15.346363 [debug] [MainThread]: On master: Close
[0m09:53:15.349997 [debug] [Thread-1 (]: Began running node model.api_dwh.dim_customers
[0m09:53:15.351203 [info ] [Thread-1 (]: 1 of 4 START sql table model mart.dim_customers ................................ [RUN]
[0m09:53:15.352395 [debug] [Thread-1 (]: Re-using an available connection from the pool (formerly list_warehouse_mart, now model.api_dwh.dim_customers)
[0m09:53:15.353324 [debug] [Thread-1 (]: Began compiling node model.api_dwh.dim_customers
[0m09:53:15.359478 [debug] [Thread-1 (]: Writing injected SQL for node "model.api_dwh.dim_customers"
[0m09:53:15.366621 [debug] [Thread-1 (]: Began executing node model.api_dwh.dim_customers
[0m09:53:15.401705 [debug] [Thread-1 (]: Writing runtime sql for node "model.api_dwh.dim_customers"
[0m09:53:15.410774 [debug] [Thread-1 (]: Using postgres connection "model.api_dwh.dim_customers"
[0m09:53:15.411548 [debug] [Thread-1 (]: On model.api_dwh.dim_customers: /* {"app": "dbt", "dbt_version": "1.11.8", "profile_name": "api_dwh", "target_name": "dev", "node_id": "model.api_dwh.dim_customers"} */

  
    

  create  table "warehouse"."mart"."dim_customers__dbt_tmp"
  
  
    as
  
  (
    SELECT customer_id,
    TRIM(full_name) AS customer_name,
    LOWER(email) AS email,
    phone,
    created_at,
    updated_at
FROM staging.ods_customers
WHERE is_deleted = FALSE
  );
  
[0m09:53:15.412219 [debug] [Thread-1 (]: Opening a new connection, currently in state closed
[0m09:53:15.596104 [debug] [Thread-1 (]: SQL status: SELECT 102 in 0.183 seconds
[0m09:53:15.629712 [debug] [Thread-1 (]: Using postgres connection "model.api_dwh.dim_customers"
[0m09:53:15.632145 [debug] [Thread-1 (]: On model.api_dwh.dim_customers: /* {"app": "dbt", "dbt_version": "1.11.8", "profile_name": "api_dwh", "target_name": "dev", "node_id": "model.api_dwh.dim_customers"} */
alter table "warehouse"."mart"."dim_customers__dbt_tmp" rename to "dim_customers"
[0m09:53:15.644330 [debug] [Thread-1 (]: SQL status: ALTER TABLE in 0.009 seconds
[0m09:53:15.662617 [debug] [Thread-1 (]: On model.api_dwh.dim_customers: COMMIT
[0m09:53:15.663990 [debug] [Thread-1 (]: Using postgres connection "model.api_dwh.dim_customers"
[0m09:53:15.665434 [debug] [Thread-1 (]: On model.api_dwh.dim_customers: COMMIT
[0m09:53:15.696048 [debug] [Thread-1 (]: SQL status: COMMIT in 0.030 seconds
[0m09:53:15.702892 [debug] [Thread-1 (]: Applying DROP to: "warehouse"."mart"."dim_customers__dbt_backup"
[0m09:53:15.708706 [debug] [Thread-1 (]: Using postgres connection "model.api_dwh.dim_customers"
[0m09:53:15.709940 [debug] [Thread-1 (]: On model.api_dwh.dim_customers: /* {"app": "dbt", "dbt_version": "1.11.8", "profile_name": "api_dwh", "target_name": "dev", "node_id": "model.api_dwh.dim_customers"} */
drop table if exists "warehouse"."mart"."dim_customers__dbt_backup" cascade
[0m09:53:15.715089 [debug] [Thread-1 (]: SQL status: DROP TABLE in 0.004 seconds
[0m09:53:15.718900 [debug] [Thread-1 (]: On model.api_dwh.dim_customers: Close
[0m09:53:15.721188 [debug] [Thread-1 (]: Sending event: {'category': 'dbt', 'action': 'run_model', 'label': 'e8d49d83-0c0f-46ad-9042-732e1c443fc2', 'context': [<snowplow_tracker.self_describing_json.SelfDescribingJson object at 0x777bbb948650>]}
[0m09:53:15.722230 [info ] [Thread-1 (]: 1 of 4 OK created sql table model mart.dim_customers ........................... [[32mSELECT 102[0m in 0.37s]
[0m09:53:15.723292 [debug] [Thread-1 (]: Finished running node model.api_dwh.dim_customers
[0m09:53:15.724206 [debug] [Thread-1 (]: Began running node model.api_dwh.fact_orders
[0m09:53:15.725283 [info ] [Thread-1 (]: 2 of 4 START sql table model mart.fact_orders .................................. [RUN]
[0m09:53:15.726411 [debug] [Thread-1 (]: Re-using an available connection from the pool (formerly model.api_dwh.dim_customers, now model.api_dwh.fact_orders)
[0m09:53:15.727204 [debug] [Thread-1 (]: Began compiling node model.api_dwh.fact_orders
[0m09:53:15.729292 [debug] [Thread-1 (]: Writing injected SQL for node "model.api_dwh.fact_orders"
[0m09:53:15.735400 [debug] [Thread-1 (]: Began executing node model.api_dwh.fact_orders
[0m09:53:15.739007 [debug] [Thread-1 (]: Writing runtime sql for node "model.api_dwh.fact_orders"
[0m09:53:15.745935 [debug] [Thread-1 (]: Using postgres connection "model.api_dwh.fact_orders"
[0m09:53:15.746808 [debug] [Thread-1 (]: On model.api_dwh.fact_orders: /* {"app": "dbt", "dbt_version": "1.11.8", "profile_name": "api_dwh", "target_name": "dev", "node_id": "model.api_dwh.fact_orders"} */

  
    

  create  table "warehouse"."mart"."fact_orders__dbt_tmp"
  
  
    as
  
  (
    SELECT o.order_id,
    o.customer_id,
    TRIM(c.full_name) AS customer_name,
    LOWER(c.email) AS customer_email,
    o.product_name,
    o.qty,
    o.price,
    (o.qty * o.price) AS total_amount,
    o.order_date,
    DATE(o.order_date) AS order_day,
    EXTRACT(
        YEAR
        FROM o.order_date
    ) AS order_year,
    EXTRACT(
        MONTH
        FROM o.order_date
    ) AS order_month
FROM staging.ods_orders o
    LEFT JOIN staging.ods_customers c ON o.customer_id::VARCHAR = c.customer_id
WHERE c.is_deleted = FALSE
  );
  
[0m09:53:15.747575 [debug] [Thread-1 (]: Opening a new connection, currently in state closed
[0m09:53:15.911790 [debug] [Thread-1 (]: SQL status: SELECT 280 in 0.164 seconds
[0m09:53:15.924015 [debug] [Thread-1 (]: Using postgres connection "model.api_dwh.fact_orders"
[0m09:53:15.927925 [debug] [Thread-1 (]: On model.api_dwh.fact_orders: /* {"app": "dbt", "dbt_version": "1.11.8", "profile_name": "api_dwh", "target_name": "dev", "node_id": "model.api_dwh.fact_orders"} */
alter table "warehouse"."mart"."fact_orders__dbt_tmp" rename to "fact_orders"
[0m09:53:15.935475 [debug] [Thread-1 (]: SQL status: ALTER TABLE in 0.004 seconds
[0m09:53:15.937800 [debug] [Thread-1 (]: On model.api_dwh.fact_orders: COMMIT
[0m09:53:15.938906 [debug] [Thread-1 (]: Using postgres connection "model.api_dwh.fact_orders"
[0m09:53:15.939954 [debug] [Thread-1 (]: On model.api_dwh.fact_orders: COMMIT
[0m09:53:15.970233 [debug] [Thread-1 (]: SQL status: COMMIT in 0.029 seconds
[0m09:53:15.975276 [debug] [Thread-1 (]: Applying DROP to: "warehouse"."mart"."fact_orders__dbt_backup"
[0m09:53:15.976784 [debug] [Thread-1 (]: Using postgres connection "model.api_dwh.fact_orders"
[0m09:53:15.977954 [debug] [Thread-1 (]: On model.api_dwh.fact_orders: /* {"app": "dbt", "dbt_version": "1.11.8", "profile_name": "api_dwh", "target_name": "dev", "node_id": "model.api_dwh.fact_orders"} */
drop table if exists "warehouse"."mart"."fact_orders__dbt_backup" cascade
[0m09:53:15.982984 [debug] [Thread-1 (]: SQL status: DROP TABLE in 0.004 seconds
[0m09:53:15.985280 [debug] [Thread-1 (]: On model.api_dwh.fact_orders: Close
[0m09:53:15.986622 [debug] [Thread-1 (]: Sending event: {'category': 'dbt', 'action': 'run_model', 'label': 'e8d49d83-0c0f-46ad-9042-732e1c443fc2', 'context': [<snowplow_tracker.self_describing_json.SelfDescribingJson object at 0x777bb948f950>]}
[0m09:53:15.987873 [info ] [Thread-1 (]: 2 of 4 OK created sql table model mart.fact_orders ............................. [[32mSELECT 280[0m in 0.26s]
[0m09:53:15.989371 [debug] [Thread-1 (]: Finished running node model.api_dwh.fact_orders
[0m09:53:15.990544 [debug] [Thread-1 (]: Began running node model.api_dwh.fact_payments
[0m09:53:15.991662 [info ] [Thread-1 (]: 3 of 4 START sql table model mart.fact_payments ................................ [RUN]
[0m09:53:15.992903 [debug] [Thread-1 (]: Re-using an available connection from the pool (formerly model.api_dwh.fact_orders, now model.api_dwh.fact_payments)
[0m09:53:15.994257 [debug] [Thread-1 (]: Began compiling node model.api_dwh.fact_payments
[0m09:53:15.996992 [debug] [Thread-1 (]: Writing injected SQL for node "model.api_dwh.fact_payments"
[0m09:53:16.005528 [debug] [Thread-1 (]: Began executing node model.api_dwh.fact_payments
[0m09:53:16.009898 [debug] [Thread-1 (]: Writing runtime sql for node "model.api_dwh.fact_payments"
[0m09:53:16.018425 [debug] [Thread-1 (]: Using postgres connection "model.api_dwh.fact_payments"
[0m09:53:16.019388 [debug] [Thread-1 (]: On model.api_dwh.fact_payments: /* {"app": "dbt", "dbt_version": "1.11.8", "profile_name": "api_dwh", "target_name": "dev", "node_id": "model.api_dwh.fact_payments"} */

  
    

  create  table "warehouse"."mart"."fact_payments__dbt_tmp"
  
  
    as
  
  (
    SELECT p.payment_id,
    p.order_id,
    o.customer_id,
    TRIM(c.full_name) AS customer_name,
    p.payment_method,
    p.amount,
    p.payment_date,
    DATE(p.payment_date) AS payment_day
FROM staging.ods_payments p
    LEFT JOIN staging.ods_orders o ON p.order_id::VARCHAR = o.order_id
    LEFT JOIN staging.ods_customers c ON o.customer_id::VARCHAR = c.customer_id
WHERE c.is_deleted = FALSE
  );
  
[0m09:53:16.020406 [debug] [Thread-1 (]: Opening a new connection, currently in state closed
[0m09:53:16.199499 [debug] [Thread-1 (]: SQL status: SELECT 280 in 0.179 seconds
[0m09:53:16.216330 [debug] [Thread-1 (]: Using postgres connection "model.api_dwh.fact_payments"
[0m09:53:16.219570 [debug] [Thread-1 (]: On model.api_dwh.fact_payments: /* {"app": "dbt", "dbt_version": "1.11.8", "profile_name": "api_dwh", "target_name": "dev", "node_id": "model.api_dwh.fact_payments"} */
alter table "warehouse"."mart"."fact_payments__dbt_tmp" rename to "fact_payments"
[0m09:53:16.227225 [debug] [Thread-1 (]: SQL status: ALTER TABLE in 0.005 seconds
[0m09:53:16.229397 [debug] [Thread-1 (]: On model.api_dwh.fact_payments: COMMIT
[0m09:53:16.230349 [debug] [Thread-1 (]: Using postgres connection "model.api_dwh.fact_payments"
[0m09:53:16.231451 [debug] [Thread-1 (]: On model.api_dwh.fact_payments: COMMIT
[0m09:53:16.278340 [debug] [Thread-1 (]: SQL status: COMMIT in 0.046 seconds
[0m09:53:16.283708 [debug] [Thread-1 (]: Applying DROP to: "warehouse"."mart"."fact_payments__dbt_backup"
[0m09:53:16.285306 [debug] [Thread-1 (]: Using postgres connection "model.api_dwh.fact_payments"
[0m09:53:16.286716 [debug] [Thread-1 (]: On model.api_dwh.fact_payments: /* {"app": "dbt", "dbt_version": "1.11.8", "profile_name": "api_dwh", "target_name": "dev", "node_id": "model.api_dwh.fact_payments"} */
drop table if exists "warehouse"."mart"."fact_payments__dbt_backup" cascade
[0m09:53:16.290783 [debug] [Thread-1 (]: SQL status: DROP TABLE in 0.003 seconds
[0m09:53:16.292947 [debug] [Thread-1 (]: On model.api_dwh.fact_payments: Close
[0m09:53:16.294181 [debug] [Thread-1 (]: Sending event: {'category': 'dbt', 'action': 'run_model', 'label': 'e8d49d83-0c0f-46ad-9042-732e1c443fc2', 'context': [<snowplow_tracker.self_describing_json.SelfDescribingJson object at 0x777bb93730d0>]}
[0m09:53:16.295474 [info ] [Thread-1 (]: 3 of 4 OK created sql table model mart.fact_payments ........................... [[32mSELECT 280[0m in 0.30s]
[0m09:53:16.296926 [debug] [Thread-1 (]: Finished running node model.api_dwh.fact_payments
[0m09:53:16.298009 [debug] [Thread-1 (]: Began running node model.api_dwh.fact_sales_summary
[0m09:53:16.299114 [info ] [Thread-1 (]: 4 of 4 START sql table model mart.fact_sales_summary ........................... [RUN]
[0m09:53:16.300544 [debug] [Thread-1 (]: Re-using an available connection from the pool (formerly model.api_dwh.fact_payments, now model.api_dwh.fact_sales_summary)
[0m09:53:16.301483 [debug] [Thread-1 (]: Began compiling node model.api_dwh.fact_sales_summary
[0m09:53:16.303803 [debug] [Thread-1 (]: Writing injected SQL for node "model.api_dwh.fact_sales_summary"
[0m09:53:16.311612 [debug] [Thread-1 (]: Began executing node model.api_dwh.fact_sales_summary
[0m09:53:16.315694 [debug] [Thread-1 (]: Writing runtime sql for node "model.api_dwh.fact_sales_summary"
[0m09:53:16.323160 [debug] [Thread-1 (]: Using postgres connection "model.api_dwh.fact_sales_summary"
[0m09:53:16.324590 [debug] [Thread-1 (]: On model.api_dwh.fact_sales_summary: /* {"app": "dbt", "dbt_version": "1.11.8", "profile_name": "api_dwh", "target_name": "dev", "node_id": "model.api_dwh.fact_sales_summary"} */

  
    

  create  table "warehouse"."mart"."fact_sales_summary__dbt_tmp"
  
  
    as
  
  (
    SELECT DATE(o.order_date) AS sales_date,
    COUNT(DISTINCT o.order_id) AS total_orders,
    COUNT(DISTINCT o.customer_id) AS total_customers,
    SUM(o.qty) AS total_qty,
    SUM(o.qty * o.price) AS gross_sales,
    AVG(o.qty * o.price) AS avg_order_value
FROM staging.ods_orders o
GROUP BY DATE(o.order_date)
  );
  
[0m09:53:16.325965 [debug] [Thread-1 (]: Opening a new connection, currently in state closed
[0m09:53:16.501653 [debug] [Thread-1 (]: SQL status: SELECT 2 in 0.175 seconds
[0m09:53:16.510464 [debug] [Thread-1 (]: Using postgres connection "model.api_dwh.fact_sales_summary"
[0m09:53:16.512762 [debug] [Thread-1 (]: On model.api_dwh.fact_sales_summary: /* {"app": "dbt", "dbt_version": "1.11.8", "profile_name": "api_dwh", "target_name": "dev", "node_id": "model.api_dwh.fact_sales_summary"} */
alter table "warehouse"."mart"."fact_sales_summary__dbt_tmp" rename to "fact_sales_summary"
[0m09:53:16.521434 [debug] [Thread-1 (]: SQL status: ALTER TABLE in 0.006 seconds
[0m09:53:16.523681 [debug] [Thread-1 (]: On model.api_dwh.fact_sales_summary: COMMIT
[0m09:53:16.524939 [debug] [Thread-1 (]: Using postgres connection "model.api_dwh.fact_sales_summary"
[0m09:53:16.525957 [debug] [Thread-1 (]: On model.api_dwh.fact_sales_summary: COMMIT
[0m09:53:16.554941 [debug] [Thread-1 (]: SQL status: COMMIT in 0.028 seconds
[0m09:53:16.559691 [debug] [Thread-1 (]: Applying DROP to: "warehouse"."mart"."fact_sales_summary__dbt_backup"
[0m09:53:16.561808 [debug] [Thread-1 (]: Using postgres connection "model.api_dwh.fact_sales_summary"
[0m09:53:16.562979 [debug] [Thread-1 (]: On model.api_dwh.fact_sales_summary: /* {"app": "dbt", "dbt_version": "1.11.8", "profile_name": "api_dwh", "target_name": "dev", "node_id": "model.api_dwh.fact_sales_summary"} */
drop table if exists "warehouse"."mart"."fact_sales_summary__dbt_backup" cascade
[0m09:53:16.568006 [debug] [Thread-1 (]: SQL status: DROP TABLE in 0.004 seconds
[0m09:53:16.570047 [debug] [Thread-1 (]: On model.api_dwh.fact_sales_summary: Close
[0m09:53:16.571242 [debug] [Thread-1 (]: Sending event: {'category': 'dbt', 'action': 'run_model', 'label': 'e8d49d83-0c0f-46ad-9042-732e1c443fc2', 'context': [<snowplow_tracker.self_describing_json.SelfDescribingJson object at 0x777bb9386190>]}
[0m09:53:16.572515 [info ] [Thread-1 (]: 4 of 4 OK created sql table model mart.fact_sales_summary ...................... [[32mSELECT 2[0m in 0.27s]
[0m09:53:16.573791 [debug] [Thread-1 (]: Finished running node model.api_dwh.fact_sales_summary
[0m09:53:16.575896 [debug] [MainThread]: On master: COMMIT
[0m09:53:16.576701 [debug] [MainThread]: Using postgres connection "master"
[0m09:53:16.577363 [debug] [MainThread]: On master: COMMIT
[0m09:53:16.577959 [debug] [MainThread]: Opening a new connection, currently in state closed
[0m09:53:16.616780 [debug] [MainThread]: SQL status: COMMIT in 0.039 seconds
[0m09:53:16.617915 [debug] [MainThread]: On master: Close
[0m09:53:16.618989 [debug] [MainThread]: Connection 'master' was properly closed.
[0m09:53:16.619836 [debug] [MainThread]: Connection 'model.api_dwh.fact_sales_summary' was properly closed.
[0m09:53:16.620791 [info ] [MainThread]: 
[0m09:53:16.621837 [info ] [MainThread]: Finished running 4 table models in 0 hours 0 minutes and 1.57 seconds (1.57s).
[0m09:53:16.624007 [debug] [MainThread]: Command end result
[0m09:53:16.746474 [debug] [MainThread]: Wrote artifact WritableManifest to /usr/app/target/manifest.json
[0m09:53:16.751735 [debug] [MainThread]: Wrote artifact SemanticManifest to /usr/app/target/semantic_manifest.json
[0m09:53:16.761397 [debug] [MainThread]: Wrote artifact RunExecutionResult to /usr/app/target/run_results.json
[0m09:53:16.762180 [info ] [MainThread]: 
[0m09:53:16.763401 [info ] [MainThread]: [32mCompleted successfully[0m
[0m09:53:16.764866 [info ] [MainThread]: 
[0m09:53:16.765998 [info ] [MainThread]: Done. PASS=4 WARN=0 ERROR=0 SKIP=0 NO-OP=0 TOTAL=4
[0m09:53:16.767680 [debug] [MainThread]: Resource report: {"command_name": "run", "command_success": true, "command_wall_clock_time": 3.6719596, "process_in_blocks": "0", "process_kernel_time": 0.310801, "process_mem_max_rss": "132992", "process_out_blocks": "0", "process_user_time": 3.378451}
[0m09:53:16.768669 [debug] [MainThread]: Command `dbt run` succeeded at 09:53:16.768562 after 3.67 seconds
[0m09:53:16.769550 [debug] [MainThread]: Sending event: {'category': 'dbt', 'action': 'invocation', 'label': 'end', 'context': [<snowplow_tracker.self_describing_json.SelfDescribingJson object at 0x777bc25cce10>, <snowplow_tracker.self_describing_json.SelfDescribingJson object at 0x777bc25cc510>, <snowplow_tracker.self_describing_json.SelfDescribingJson object at 0x777bbd9ac990>]}
[0m09:53:16.770376 [debug] [MainThread]: Flushing usage events
[0m09:53:17.881201 [debug] [MainThread]: An error was encountered while trying to flush usage events
==================== 2026-06-02T11:05:14.184709Z | 019e8802-52ae-7223-b5bf-dee3debc167e ====================
11:05:14.187733 [info ]: dbt-core 2.0.0-alpha.1
11:05:14.192425 [info ]: Started loading project
11:05:14.225103 [info ]: Loading profiles/profiles.yml
11:05:14.236038 [info ]: Finished loading project [  0.04s]
11:05:14.238590 [error]: [InvalidConfig (dbt1005)]: The 'postgres' adapter is not yet supported by dbt Fusion. Supported adapters: snowflake, bigquery, databricks, redshift
11:05:15.208893 [info ]: 
==================== Execution Summary =====================
Finished 'debug' with 1 error [1.0s]
==================== 2026-06-02T11:08:25.317514Z | 019e8805-3d4f-7c61-9465-8addb53f51bd ====================
11:08:25.317678 [info ]: dbt-core 2.0.0-alpha.1
11:08:25.318266 [info ]: Started loading project
11:08:25.326566 [info ]: Loading profiles/profiles.yml
11:08:25.330550 [info ]: Finished loading project [  0.01s]
11:08:25.330871 [error]: [InvalidConfig (dbt1005)]: The 'postgres' adapter is not yet supported by dbt Fusion. Supported adapters: snowflake, bigquery, databricks, redshift
11:08:26.207155 [info ]: 
==================== Execution Summary =====================
Finished 'debug' with 1 error [889ms]
==================== 2026-06-02T11:31:26.584708Z | 019e881a-50ed-79a2-9766-3bec4f3e3aec ====================
11:31:26.584959 [info ]: dbt-core 2.0.0-alpha.1
11:31:26.585438 [info ]: Started loading project
11:31:26.592377 [info ]: Loading profiles/profiles.yml
11:31:26.595019 [info ]: Finished loading project [  0.01s]
11:31:26.595233 [error]: [InvalidConfig (dbt1005)]: The 'postgres' adapter is not yet supported by dbt Fusion. Supported adapters: snowflake, bigquery, databricks, redshift
11:31:27.555532 [info ]: 
==================== Execution Summary =====================
Finished 'debug' with 1 error [970ms]
[0m12:44:31.706141 [debug] [MainThread]: Sending event: {'category': 'dbt', 'action': 'invocation', 'label': 'start', 'context': [<snowplow_tracker.self_describing_json.SelfDescribingJson object at 0x795ad1a60850>, <snowplow_tracker.self_describing_json.SelfDescribingJson object at 0x795acf606390>, <snowplow_tracker.self_describing_json.SelfDescribingJson object at 0x795acf4b3f50>]}


============================== 12:44:31.725742 | 1750117f-1b0e-45f4-bb67-067ab0ff9646 ==============================
[0m12:44:31.725742 [info ] [MainThread]: Running with dbt=1.8.2
[0m12:44:31.727942 [debug] [MainThread]: running dbt with arguments {'printer_width': '80', 'indirect_selection': 'eager', 'write_json': 'True', 'log_cache_events': 'False', 'partial_parse': 'True', 'cache_selected_only': 'False', 'profiles_dir': '/usr/app', 'fail_fast': 'False', 'debug': 'False', 'log_path': '/usr/app/logs', 'warn_error': 'None', 'version_check': 'True', 'use_colors': 'True', 'use_experimental_parser': 'False', 'no_print': 'None', 'quiet': 'False', 'log_format': 'default', 'static_parser': 'True', 'invocation_command': 'dbt run --select dim_customers', 'introspect': 'True', 'target_path': 'None', 'warn_error_options': 'WarnErrorOptions(include=[], exclude=[])', 'send_anonymous_usage_stats': 'True'}
[0m12:44:31.745190 [error] [MainThread]: Encountered an error:
Runtime Error
  Could not find profile named 'api_dwh'
[0m12:44:31.755053 [debug] [MainThread]: Resource report: {"command_name": "run", "command_wall_clock_time": 0.2231614, "process_user_time": 2.912179, "process_kernel_time": 0.516343, "process_mem_max_rss": "99756", "process_in_blocks": "96", "process_out_blocks": "2680", "command_success": false}
[0m12:44:31.756962 [debug] [MainThread]: Command `dbt run` failed at 12:44:31.756705 after 0.23 seconds
[0m12:44:31.758447 [debug] [MainThread]: Sending event: {'category': 'dbt', 'action': 'invocation', 'label': 'end', 'context': [<snowplow_tracker.self_describing_json.SelfDescribingJson object at 0x795acf4c54d0>, <snowplow_tracker.self_describing_json.SelfDescribingJson object at 0x795acf4f3a50>, <snowplow_tracker.self_describing_json.SelfDescribingJson object at 0x795acf4b8550>]}
[0m12:44:31.759820 [debug] [MainThread]: Flushing usage events
[0m12:45:12.440413 [debug] [MainThread]: Sending event: {'category': 'dbt', 'action': 'invocation', 'label': 'start', 'context': [<snowplow_tracker.self_describing_json.SelfDescribingJson object at 0x726ab229a210>, <snowplow_tracker.self_describing_json.SelfDescribingJson object at 0x726ab239a450>, <snowplow_tracker.self_describing_json.SelfDescribingJson object at 0x726ab23927d0>]}


============================== 12:45:12.443288 | 83119cde-132f-4b53-b1f5-9aaa9a25751f ==============================
[0m12:45:12.443288 [info ] [MainThread]: Running with dbt=1.8.2
[0m12:45:12.444216 [debug] [MainThread]: running dbt with arguments {'printer_width': '80', 'indirect_selection': 'eager', 'write_json': 'True', 'log_cache_events': 'False', 'partial_parse': 'True', 'cache_selected_only': 'False', 'warn_error': 'None', 'version_check': 'True', 'profiles_dir': '/usr/app', 'log_path': '/usr/app/logs', 'fail_fast': 'False', 'debug': 'False', 'use_colors': 'True', 'use_experimental_parser': 'False', 'no_print': 'None', 'quiet': 'False', 'log_format': 'default', 'static_parser': 'True', 'introspect': 'True', 'warn_error_options': 'WarnErrorOptions(include=[], exclude=[])', 'target_path': 'None', 'invocation_command': 'dbt run --select dim_customers', 'send_anonymous_usage_stats': 'True'}
[0m12:45:12.449309 [error] [MainThread]: Encountered an error:
Runtime Error
  Could not find profile named 'api_dwh'
[0m12:45:12.450742 [debug] [MainThread]: Resource report: {"command_name": "run", "command_wall_clock_time": 0.068487495, "process_user_time": 1.290324, "process_kernel_time": 0.223709, "process_mem_max_rss": "98224", "command_success": false, "process_in_blocks": "0", "process_out_blocks": "0"}
[0m12:45:12.451759 [debug] [MainThread]: Command `dbt run` failed at 12:45:12.451649 after 0.07 seconds
[0m12:45:12.452466 [debug] [MainThread]: Sending event: {'category': 'dbt', 'action': 'invocation', 'label': 'end', 'context': [<snowplow_tracker.self_describing_json.SelfDescribingJson object at 0x726ab2250e10>, <snowplow_tracker.self_describing_json.SelfDescribingJson object at 0x726ab2246ed0>, <snowplow_tracker.self_describing_json.SelfDescribingJson object at 0x726ab365bd50>]}
[0m12:45:12.453226 [debug] [MainThread]: Flushing usage events
[0m12:47:16.733395 [debug] [MainThread]: Sending event: {'category': 'dbt', 'action': 'invocation', 'label': 'start', 'context': [<snowplow_tracker.self_describing_json.SelfDescribingJson object at 0x7f7b86c36dd0>, <snowplow_tracker.self_describing_json.SelfDescribingJson object at 0x7f7b890f9e50>, <snowplow_tracker.self_describing_json.SelfDescribingJson object at 0x7f7b890f9f10>]}


============================== 12:47:16.736181 | db45f796-20ca-469e-bd6d-6f3296139457 ==============================
[0m12:47:16.736181 [info ] [MainThread]: Running with dbt=1.8.2
[0m12:47:16.737126 [debug] [MainThread]: running dbt with arguments {'printer_width': '80', 'indirect_selection': 'eager', 'log_cache_events': 'False', 'write_json': 'True', 'partial_parse': 'True', 'cache_selected_only': 'False', 'profiles_dir': '/usr/app', 'version_check': 'True', 'fail_fast': 'False', 'log_path': '/usr/app/logs', 'debug': 'False', 'warn_error': 'None', 'use_colors': 'True', 'use_experimental_parser': 'False', 'no_print': 'None', 'quiet': 'False', 'warn_error_options': 'WarnErrorOptions(include=[], exclude=[])', 'introspect': 'True', 'invocation_command': 'dbt run --select dim_customers', 'static_parser': 'True', 'target_path': 'None', 'log_format': 'default', 'send_anonymous_usage_stats': 'True'}
[0m12:47:16.742162 [error] [MainThread]: Encountered an error:
Runtime Error
  Could not find profile named 'api_dwh'
[0m12:47:16.744221 [debug] [MainThread]: Resource report: {"command_name": "run", "command_wall_clock_time": 0.06612776, "process_user_time": 1.122746, "process_kernel_time": 0.144353, "process_mem_max_rss": "98396", "command_success": false, "process_in_blocks": "0", "process_out_blocks": "0"}
[0m12:47:16.745727 [debug] [MainThread]: Command `dbt run` failed at 12:47:16.745558 after 0.07 seconds
[0m12:47:16.746542 [debug] [MainThread]: Sending event: {'category': 'dbt', 'action': 'invocation', 'label': 'end', 'context': [<snowplow_tracker.self_describing_json.SelfDescribingJson object at 0x7f7b86de8910>, <snowplow_tracker.self_describing_json.SelfDescribingJson object at 0x7f7b86bed1d0>, <snowplow_tracker.self_describing_json.SelfDescribingJson object at 0x7f7b86d31e10>]}
[0m12:47:16.747268 [debug] [MainThread]: Flushing usage events
[0m12:55:21.677796 [debug] [MainThread]: Sending event: {'category': 'dbt', 'action': 'invocation', 'label': 'start', 'context': [<snowplow_tracker.self_describing_json.SelfDescribingJson object at 0x75f34da4f690>, <snowplow_tracker.self_describing_json.SelfDescribingJson object at 0x75f34dc4cc50>, <snowplow_tracker.self_describing_json.SelfDescribingJson object at 0x75f34dff9750>]}


============================== 12:55:21.727852 | 10bd42be-be00-40be-b531-df6471f71560 ==============================
[0m12:55:21.727852 [info ] [MainThread]: Running with dbt=1.8.2
[0m12:55:21.736163 [debug] [MainThread]: running dbt with arguments {'printer_width': '80', 'indirect_selection': 'eager', 'write_json': 'True', 'log_cache_events': 'False', 'partial_parse': 'True', 'cache_selected_only': 'False', 'profiles_dir': '/usr/app', 'debug': 'False', 'warn_error': 'None', 'log_path': '/usr/app/logs', 'fail_fast': 'False', 'version_check': 'True', 'use_colors': 'True', 'use_experimental_parser': 'False', 'no_print': 'None', 'quiet': 'False', 'warn_error_options': 'WarnErrorOptions(include=[], exclude=[])', 'static_parser': 'True', 'invocation_command': 'dbt debug', 'introspect': 'True', 'target_path': 'None', 'log_format': 'default', 'send_anonymous_usage_stats': 'True'}
[0m12:55:21.817949 [info ] [MainThread]: dbt version: 1.8.2
[0m12:55:21.822047 [info ] [MainThread]: python version: 3.11.15
[0m12:55:21.832723 [info ] [MainThread]: python path: /usr/local/bin/python3.11
[0m12:55:21.840441 [info ] [MainThread]: os info: Linux-6.6.87.2-microsoft-standard-WSL2-x86_64-with-glibc2.41
[0m12:55:22.160902 [info ] [MainThread]: Using profiles dir at /usr/app
[0m12:55:22.163776 [info ] [MainThread]: Using profiles.yml file at /usr/app/profiles.yml
[0m12:55:22.167016 [info ] [MainThread]: Using dbt_project.yml file at /usr/app/dbt_project.yml
[0m12:55:22.174080 [info ] [MainThread]: adapter type: postgres
[0m12:55:22.182094 [info ] [MainThread]: adapter version: 1.8.2
[0m12:55:22.682263 [info ] [MainThread]: Configuration:
[0m12:55:22.687182 [info ] [MainThread]:   profiles.yml file [[32mOK found and valid[0m]
[0m12:55:22.698458 [info ] [MainThread]:   dbt_project.yml file [[32mOK found and valid[0m]
[0m12:55:22.703768 [info ] [MainThread]: Required dependencies:
[0m12:55:22.707106 [debug] [MainThread]: Executing "git --help"
[0m12:55:22.724335 [info ] [MainThread]:  - git [[31mERROR[0m]

[0m12:55:22.728294 [info ] [MainThread]: Connection:
[0m12:55:22.731823 [info ] [MainThread]:   host: 192.168.10.120
[0m12:55:22.750410 [info ] [MainThread]:   port: 5432
[0m12:55:22.755486 [info ] [MainThread]:   user: postgres
[0m12:55:22.757832 [info ] [MainThread]:   database: warehouse
[0m12:55:22.766729 [info ] [MainThread]:   schema: mart
[0m12:55:22.775353 [info ] [MainThread]:   connect_timeout: 10
[0m12:55:22.783969 [info ] [MainThread]:   role: None
[0m12:55:22.786912 [info ] [MainThread]:   search_path: None
[0m12:55:22.789313 [info ] [MainThread]:   keepalives_idle: 0
[0m12:55:22.792837 [info ] [MainThread]:   sslmode: None
[0m12:55:22.801102 [info ] [MainThread]:   sslcert: None
[0m12:55:22.803380 [info ] [MainThread]:   sslkey: None
[0m12:55:22.806377 [info ] [MainThread]:   sslrootcert: None
[0m12:55:22.817066 [info ] [MainThread]:   application_name: dbt
[0m12:55:22.820175 [info ] [MainThread]:   retries: 1
[0m12:55:22.823497 [info ] [MainThread]: Registered adapter: postgres=1.8.2
[0m12:55:23.162204 [debug] [MainThread]: Acquiring new postgres connection 'debug'
[0m12:55:23.294974 [debug] [MainThread]: Using postgres connection "debug"
[0m12:55:23.298291 [debug] [MainThread]: On debug: select 1 as id
[0m12:55:23.300582 [debug] [MainThread]: Opening a new connection, currently in state init
[0m12:55:23.419484 [debug] [MainThread]: SQL status: SELECT 1 in 0.119 seconds
[0m12:55:23.423420 [debug] [MainThread]: On debug: Close
[0m12:55:23.429434 [info ] [MainThread]:   Connection test: [[32mOK connection ok[0m]

[0m12:55:23.435163 [info ] [MainThread]: [31m1 check failed:[0m
[0m12:55:23.439452 [info ] [MainThread]: Error from git --help: Could not find command, ensure it is in the user's PATH: "git"

[0m12:55:23.447706 [debug] [MainThread]: Resource report: {"command_name": "debug", "command_wall_clock_time": 2.1841497, "process_user_time": 6.177099, "process_kernel_time": 1.082665, "process_mem_max_rss": "112356", "process_in_blocks": "136", "process_out_blocks": "2712", "command_success": false}
[0m12:55:23.452682 [debug] [MainThread]: Command `dbt debug` failed at 12:55:23.452250 after 2.19 seconds
[0m12:55:23.461899 [debug] [MainThread]: Connection 'debug' was properly closed.
[0m12:55:23.464585 [debug] [MainThread]: Sending event: {'category': 'dbt', 'action': 'invocation', 'label': 'end', 'context': [<snowplow_tracker.self_describing_json.SelfDescribingJson object at 0x75f34da59310>, <snowplow_tracker.self_describing_json.SelfDescribingJson object at 0x75f34cd9f750>, <snowplow_tracker.self_describing_json.SelfDescribingJson object at 0x75f352142610>]}
[0m12:55:23.466917 [debug] [MainThread]: Flushing usage events
[0m12:57:05.550964 [debug] [MainThread]: Sending event: {'category': 'dbt', 'action': 'invocation', 'label': 'start', 'context': [<snowplow_tracker.self_describing_json.SelfDescribingJson object at 0x779272f5fed0>, <snowplow_tracker.self_describing_json.SelfDescribingJson object at 0x779273158210>, <snowplow_tracker.self_describing_json.SelfDescribingJson object at 0x779273055990>]}


============================== 12:57:05.553822 | a9e4a3e9-4392-473a-be9a-40344dc2fed1 ==============================
[0m12:57:05.553822 [info ] [MainThread]: Running with dbt=1.8.2
[0m12:57:05.554821 [debug] [MainThread]: running dbt with arguments {'printer_width': '80', 'indirect_selection': 'eager', 'write_json': 'True', 'log_cache_events': 'False', 'partial_parse': 'True', 'cache_selected_only': 'False', 'warn_error': 'None', 'debug': 'False', 'version_check': 'True', 'log_path': '/usr/app/logs', 'fail_fast': 'False', 'profiles_dir': '/usr/app', 'use_colors': 'True', 'use_experimental_parser': 'False', 'no_print': 'None', 'quiet': 'False', 'log_format': 'default', 'introspect': 'True', 'static_parser': 'True', 'invocation_command': 'dbt run --select dim_customers', 'target_path': 'None', 'warn_error_options': 'WarnErrorOptions(include=[], exclude=[])', 'send_anonymous_usage_stats': 'True'}
[0m12:57:05.723193 [debug] [MainThread]: Sending event: {'category': 'dbt', 'action': 'project_id', 'label': 'a9e4a3e9-4392-473a-be9a-40344dc2fed1', 'context': [<snowplow_tracker.self_describing_json.SelfDescribingJson object at 0x779272ea3c10>]}
[0m12:57:05.775819 [debug] [MainThread]: Sending event: {'category': 'dbt', 'action': 'adapter_info', 'label': 'a9e4a3e9-4392-473a-be9a-40344dc2fed1', 'context': [<snowplow_tracker.self_describing_json.SelfDescribingJson object at 0x77927536cd90>]}
[0m12:57:05.778063 [info ] [MainThread]: Registered adapter: postgres=1.8.2
[0m12:57:05.843835 [debug] [MainThread]: checksum: f0a141b9de567cb7f131613ba2682f40b3a1c6a157f81c6e5435862eff68f109, vars: {}, profile: , target: , version: 1.8.2
[0m12:57:06.033631 [info ] [MainThread]: Unable to do partial parsing because of a version mismatch
[0m12:57:06.034982 [debug] [MainThread]: Sending event: {'category': 'dbt', 'action': 'partial_parser', 'label': 'a9e4a3e9-4392-473a-be9a-40344dc2fed1', 'context': [<snowplow_tracker.self_describing_json.SelfDescribingJson object at 0x779274186e10>]}
[0m12:57:06.916988 [warn ] [MainThread]: [[33mWARNING[0m]: Deprecated functionality
The `tests` config has been renamed to `data_tests`. Please see
https://docs.getdbt.com/docs/build/data-tests#new-data_tests-syntax for more
information.
[0m12:57:06.918818 [debug] [MainThread]: Sending event: {'category': 'dbt', 'action': 'deprecation', 'label': 'a9e4a3e9-4392-473a-be9a-40344dc2fed1', 'property_': 'warn', 'context': [<snowplow_tracker.self_describing_json.SelfDescribingJson object at 0x779272e6d790>]}
[0m12:57:07.166525 [debug] [MainThread]: Sending event: {'category': 'dbt', 'action': 'load_project', 'label': 'a9e4a3e9-4392-473a-be9a-40344dc2fed1', 'context': [<snowplow_tracker.self_describing_json.SelfDescribingJson object at 0x7792724d1c90>]}
[0m12:57:07.280391 [debug] [MainThread]: Sending event: {'category': 'dbt', 'action': 'resource_counts', 'label': 'a9e4a3e9-4392-473a-be9a-40344dc2fed1', 'context': [<snowplow_tracker.self_describing_json.SelfDescribingJson object at 0x779270da9050>]}
[0m12:57:07.281314 [info ] [MainThread]: Found 4 models, 6 data tests, 428 macros
[0m12:57:07.282360 [debug] [MainThread]: Sending event: {'category': 'dbt', 'action': 'runnable_timing', 'label': 'a9e4a3e9-4392-473a-be9a-40344dc2fed1', 'context': [<snowplow_tracker.self_describing_json.SelfDescribingJson object at 0x779271571890>]}
[0m12:57:07.284338 [info ] [MainThread]: 
[0m12:57:07.285376 [debug] [MainThread]: Acquiring new postgres connection 'master'
[0m12:57:07.287083 [debug] [ThreadPool]: Acquiring new postgres connection 'list_warehouse'
[0m12:57:07.327917 [debug] [ThreadPool]: Using postgres connection "list_warehouse"
[0m12:57:07.329148 [debug] [ThreadPool]: On list_warehouse: /* {"app": "dbt", "dbt_version": "1.8.2", "profile_name": "api_dwh", "target_name": "dev", "connection_name": "list_warehouse"} */

    select distinct nspname from pg_namespace
  
[0m12:57:07.330070 [debug] [ThreadPool]: Opening a new connection, currently in state init
[0m12:57:07.439504 [debug] [ThreadPool]: SQL status: SELECT 6 in 0.109 seconds
[0m12:57:07.447604 [debug] [ThreadPool]: On list_warehouse: Close
[0m12:57:07.462869 [debug] [ThreadPool]: Re-using an available connection from the pool (formerly list_warehouse, now list_warehouse_mart)
[0m12:57:07.471987 [debug] [ThreadPool]: Using postgres connection "list_warehouse_mart"
[0m12:57:07.473591 [debug] [ThreadPool]: On list_warehouse_mart: BEGIN
[0m12:57:07.475231 [debug] [ThreadPool]: Opening a new connection, currently in state closed
[0m12:57:07.625073 [debug] [ThreadPool]: SQL status: BEGIN in 0.150 seconds
[0m12:57:07.627760 [debug] [ThreadPool]: Using postgres connection "list_warehouse_mart"
[0m12:57:07.629918 [debug] [ThreadPool]: On list_warehouse_mart: /* {"app": "dbt", "dbt_version": "1.8.2", "profile_name": "api_dwh", "target_name": "dev", "connection_name": "list_warehouse_mart"} */
select
      'warehouse' as database,
      tablename as name,
      schemaname as schema,
      'table' as type
    from pg_tables
    where schemaname ilike 'mart'
    union all
    select
      'warehouse' as database,
      viewname as name,
      schemaname as schema,
      'view' as type
    from pg_views
    where schemaname ilike 'mart'
    union all
    select
      'warehouse' as database,
      matviewname as name,
      schemaname as schema,
      'materialized_view' as type
    from pg_matviews
    where schemaname ilike 'mart'
  
[0m12:57:07.751907 [debug] [ThreadPool]: SQL status: SELECT 4 in 0.120 seconds
[0m12:57:07.755478 [debug] [ThreadPool]: On list_warehouse_mart: ROLLBACK
[0m12:57:07.811209 [debug] [ThreadPool]: On list_warehouse_mart: Close
[0m12:57:07.820083 [debug] [MainThread]: Using postgres connection "master"
[0m12:57:07.821392 [debug] [MainThread]: On master: BEGIN
[0m12:57:07.822670 [debug] [MainThread]: Opening a new connection, currently in state init
[0m12:57:07.960851 [debug] [MainThread]: SQL status: BEGIN in 0.138 seconds
[0m12:57:07.963522 [debug] [MainThread]: Using postgres connection "master"
[0m12:57:07.966157 [debug] [MainThread]: On master: /* {"app": "dbt", "dbt_version": "1.8.2", "profile_name": "api_dwh", "target_name": "dev", "connection_name": "master"} */
with relation as (
        select
            pg_rewrite.ev_class as class,
            pg_rewrite.oid as id
        from pg_rewrite
    ),
    class as (
        select
            oid as id,
            relname as name,
            relnamespace as schema,
            relkind as kind
        from pg_class
    ),
    dependency as (
        select distinct
            pg_depend.objid as id,
            pg_depend.refobjid as ref
        from pg_depend
    ),
    schema as (
        select
            pg_namespace.oid as id,
            pg_namespace.nspname as name
        from pg_namespace
        where nspname != 'information_schema' and nspname not like 'pg\_%'
    ),
    referenced as (
        select
            relation.id AS id,
            referenced_class.name ,
            referenced_class.schema ,
            referenced_class.kind
        from relation
        join class as referenced_class on relation.class=referenced_class.id
        where referenced_class.kind in ('r', 'v', 'm')
    ),
    relationships as (
        select
            referenced.name as referenced_name,
            referenced.schema as referenced_schema_id,
            dependent_class.name as dependent_name,
            dependent_class.schema as dependent_schema_id,
            referenced.kind as kind
        from referenced
        join dependency on referenced.id=dependency.id
        join class as dependent_class on dependency.ref=dependent_class.id
        where
            (referenced.name != dependent_class.name or
             referenced.schema != dependent_class.schema)
    )

    select
        referenced_schema.name as referenced_schema,
        relationships.referenced_name as referenced_name,
        dependent_schema.name as dependent_schema,
        relationships.dependent_name as dependent_name
    from relationships
    join schema as dependent_schema on relationships.dependent_schema_id=dependent_schema.id
    join schema as referenced_schema on relationships.referenced_schema_id=referenced_schema.id
    group by referenced_schema, referenced_name, dependent_schema, dependent_name
    order by referenced_schema, referenced_name, dependent_schema, dependent_name;
[0m12:57:08.019878 [debug] [MainThread]: SQL status: SELECT 0 in 0.052 seconds
[0m12:57:08.027042 [debug] [MainThread]: Sending event: {'category': 'dbt', 'action': 'runnable_timing', 'label': 'a9e4a3e9-4392-473a-be9a-40344dc2fed1', 'context': [<snowplow_tracker.self_describing_json.SelfDescribingJson object at 0x77927154c690>]}
[0m12:57:08.030575 [debug] [MainThread]: On master: ROLLBACK
[0m12:57:08.038950 [debug] [MainThread]: Using postgres connection "master"
[0m12:57:08.040174 [debug] [MainThread]: On master: BEGIN
[0m12:57:08.107616 [debug] [MainThread]: SQL status: BEGIN in 0.066 seconds
[0m12:57:08.110549 [debug] [MainThread]: On master: COMMIT
[0m12:57:08.112612 [debug] [MainThread]: Using postgres connection "master"
[0m12:57:08.114523 [debug] [MainThread]: On master: COMMIT
[0m12:57:08.120659 [debug] [MainThread]: SQL status: COMMIT in 0.005 seconds
[0m12:57:08.121869 [debug] [MainThread]: On master: Close
[0m12:57:08.123442 [info ] [MainThread]: Concurrency: 1 threads (target='dev')
[0m12:57:08.125799 [info ] [MainThread]: 
[0m12:57:08.147665 [debug] [Thread-1 (]: Began running node model.api_dwh.dim_customers
[0m12:57:08.149038 [info ] [Thread-1 (]: 1 of 1 START sql table model mart.dim_customers ................................ [RUN]
[0m12:57:08.150232 [debug] [Thread-1 (]: Re-using an available connection from the pool (formerly list_warehouse_mart, now model.api_dwh.dim_customers)
[0m12:57:08.151447 [debug] [Thread-1 (]: Began compiling node model.api_dwh.dim_customers
[0m12:57:08.159165 [debug] [Thread-1 (]: Writing injected SQL for node "model.api_dwh.dim_customers"
[0m12:57:08.168903 [debug] [Thread-1 (]: Began executing node model.api_dwh.dim_customers
[0m12:57:08.209432 [debug] [Thread-1 (]: Writing runtime sql for node "model.api_dwh.dim_customers"
[0m12:57:08.219523 [debug] [Thread-1 (]: Using postgres connection "model.api_dwh.dim_customers"
[0m12:57:08.220491 [debug] [Thread-1 (]: On model.api_dwh.dim_customers: BEGIN
[0m12:57:08.221336 [debug] [Thread-1 (]: Opening a new connection, currently in state closed
[0m12:57:08.375062 [debug] [Thread-1 (]: SQL status: BEGIN in 0.153 seconds
[0m12:57:08.377055 [debug] [Thread-1 (]: Using postgres connection "model.api_dwh.dim_customers"
[0m12:57:08.378629 [debug] [Thread-1 (]: On model.api_dwh.dim_customers: /* {"app": "dbt", "dbt_version": "1.8.2", "profile_name": "api_dwh", "target_name": "dev", "node_id": "model.api_dwh.dim_customers"} */

  
    

  create  table "warehouse"."mart"."dim_customers__dbt_tmp"
  
  
    as
  
  (
    SELECT customer_id,
    TRIM(full_name) AS customer_name,
    LOWER(email) AS email,
    phone,
    created_at,
    updated_at
FROM staging.ods_customers
WHERE is_deleted = FALSE
  );
  
[0m12:57:08.874446 [debug] [Thread-1 (]: SQL status: SELECT 103 in 0.494 seconds
[0m12:57:08.886223 [debug] [Thread-1 (]: Using postgres connection "model.api_dwh.dim_customers"
[0m12:57:08.887781 [debug] [Thread-1 (]: On model.api_dwh.dim_customers: /* {"app": "dbt", "dbt_version": "1.8.2", "profile_name": "api_dwh", "target_name": "dev", "node_id": "model.api_dwh.dim_customers"} */
alter table "warehouse"."mart"."dim_customers" rename to "dim_customers__dbt_backup"
[0m12:57:08.954748 [debug] [Thread-1 (]: SQL status: ALTER TABLE in 0.065 seconds
[0m12:57:08.964492 [debug] [Thread-1 (]: Using postgres connection "model.api_dwh.dim_customers"
[0m12:57:08.968990 [debug] [Thread-1 (]: On model.api_dwh.dim_customers: /* {"app": "dbt", "dbt_version": "1.8.2", "profile_name": "api_dwh", "target_name": "dev", "node_id": "model.api_dwh.dim_customers"} */
alter table "warehouse"."mart"."dim_customers__dbt_tmp" rename to "dim_customers"
[0m12:57:08.976303 [debug] [Thread-1 (]: SQL status: ALTER TABLE in 0.006 seconds
[0m12:57:08.997177 [debug] [Thread-1 (]: On model.api_dwh.dim_customers: COMMIT
[0m12:57:08.998823 [debug] [Thread-1 (]: Using postgres connection "model.api_dwh.dim_customers"
[0m12:57:09.000121 [debug] [Thread-1 (]: On model.api_dwh.dim_customers: COMMIT
[0m12:57:09.092977 [debug] [Thread-1 (]: SQL status: COMMIT in 0.092 seconds
[0m12:57:09.099760 [debug] [Thread-1 (]: Applying DROP to: "warehouse"."mart"."dim_customers__dbt_backup"
[0m12:57:09.105759 [debug] [Thread-1 (]: Using postgres connection "model.api_dwh.dim_customers"
[0m12:57:09.108810 [debug] [Thread-1 (]: On model.api_dwh.dim_customers: /* {"app": "dbt", "dbt_version": "1.8.2", "profile_name": "api_dwh", "target_name": "dev", "node_id": "model.api_dwh.dim_customers"} */
drop table if exists "warehouse"."mart"."dim_customers__dbt_backup" cascade
[0m12:57:09.350086 [debug] [Thread-1 (]: SQL status: DROP TABLE in 0.240 seconds
[0m12:57:09.365255 [debug] [Thread-1 (]: On model.api_dwh.dim_customers: Close
[0m12:57:09.375169 [debug] [Thread-1 (]: Sending event: {'category': 'dbt', 'action': 'run_model', 'label': 'a9e4a3e9-4392-473a-be9a-40344dc2fed1', 'context': [<snowplow_tracker.self_describing_json.SelfDescribingJson object at 0x7792724d0f10>]}
[0m12:57:09.378499 [info ] [Thread-1 (]: 1 of 1 OK created sql table model mart.dim_customers ........................... [[32mSELECT 103[0m in 1.22s]
[0m12:57:09.381498 [debug] [Thread-1 (]: Finished running node model.api_dwh.dim_customers
[0m12:57:09.384043 [debug] [MainThread]: Using postgres connection "master"
[0m12:57:09.384856 [debug] [MainThread]: On master: BEGIN
[0m12:57:09.385697 [debug] [MainThread]: Opening a new connection, currently in state closed
[0m12:57:09.542290 [debug] [MainThread]: SQL status: BEGIN in 0.156 seconds
[0m12:57:09.544479 [debug] [MainThread]: On master: COMMIT
[0m12:57:09.546700 [debug] [MainThread]: Using postgres connection "master"
[0m12:57:09.548126 [debug] [MainThread]: On master: COMMIT
[0m12:57:09.553634 [debug] [MainThread]: SQL status: COMMIT in 0.004 seconds
[0m12:57:09.554597 [debug] [MainThread]: On master: Close
[0m12:57:09.555573 [debug] [MainThread]: Connection 'master' was properly closed.
[0m12:57:09.556950 [debug] [MainThread]: Connection 'model.api_dwh.dim_customers' was properly closed.
[0m12:57:09.558068 [info ] [MainThread]: 
[0m12:57:09.559132 [info ] [MainThread]: Finished running 1 table model in 0 hours 0 minutes and 2.27 seconds (2.27s).
[0m12:57:09.560992 [debug] [MainThread]: Command end result
[0m12:57:09.614561 [info ] [MainThread]: 
[0m12:57:09.615758 [info ] [MainThread]: [32mCompleted successfully[0m
[0m12:57:09.616892 [info ] [MainThread]: 
[0m12:57:09.618176 [info ] [MainThread]: Done. PASS=1 WARN=0 ERROR=0 SKIP=0 TOTAL=1
[0m12:57:09.619837 [debug] [MainThread]: Resource report: {"command_name": "run", "command_success": true, "command_wall_clock_time": 4.135935, "process_user_time": 3.05759, "process_kernel_time": 0.347725, "process_mem_max_rss": "124664", "process_in_blocks": "224", "process_out_blocks": "120"}
[0m12:57:09.620838 [debug] [MainThread]: Command `dbt run` succeeded at 12:57:09.620733 after 4.14 seconds
[0m12:57:09.621663 [debug] [MainThread]: Sending event: {'category': 'dbt', 'action': 'invocation', 'label': 'end', 'context': [<snowplow_tracker.self_describing_json.SelfDescribingJson object at 0x779272f5ebd0>, <snowplow_tracker.self_describing_json.SelfDescribingJson object at 0x77927757b990>, <snowplow_tracker.self_describing_json.SelfDescribingJson object at 0x77926e74ea90>]}
[0m12:57:09.622643 [debug] [MainThread]: Flushing usage events
[0m12:57:14.430299 [debug] [MainThread]: Sending event: {'category': 'dbt', 'action': 'invocation', 'label': 'start', 'context': [<snowplow_tracker.self_describing_json.SelfDescribingJson object at 0x7b720a0b0ad0>, <snowplow_tracker.self_describing_json.SelfDescribingJson object at 0x7b720a1fb050>, <snowplow_tracker.self_describing_json.SelfDescribingJson object at 0x7b720a0f80d0>]}


============================== 12:57:14.433943 | a763a985-79f2-4903-a6c3-1b58c9e18f4c ==============================
[0m12:57:14.433943 [info ] [MainThread]: Running with dbt=1.8.2
[0m12:57:14.436114 [debug] [MainThread]: running dbt with arguments {'printer_width': '80', 'indirect_selection': 'eager', 'write_json': 'True', 'log_cache_events': 'False', 'partial_parse': 'True', 'cache_selected_only': 'False', 'warn_error': 'None', 'debug': 'False', 'fail_fast': 'False', 'log_path': '/usr/app/logs', 'profiles_dir': '/usr/app', 'version_check': 'True', 'use_colors': 'True', 'use_experimental_parser': 'False', 'no_print': 'None', 'quiet': 'False', 'warn_error_options': 'WarnErrorOptions(include=[], exclude=[])', 'static_parser': 'True', 'invocation_command': 'dbt run --select fact_orders', 'introspect': 'True', 'target_path': 'None', 'log_format': 'default', 'send_anonymous_usage_stats': 'True'}
[0m12:57:14.595705 [debug] [MainThread]: Sending event: {'category': 'dbt', 'action': 'project_id', 'label': 'a763a985-79f2-4903-a6c3-1b58c9e18f4c', 'context': [<snowplow_tracker.self_describing_json.SelfDescribingJson object at 0x7b720a102490>]}
[0m12:57:14.648469 [debug] [MainThread]: Sending event: {'category': 'dbt', 'action': 'adapter_info', 'label': 'a763a985-79f2-4903-a6c3-1b58c9e18f4c', 'context': [<snowplow_tracker.self_describing_json.SelfDescribingJson object at 0x7b720c4c0c10>]}
[0m12:57:14.649804 [info ] [MainThread]: Registered adapter: postgres=1.8.2
[0m12:57:14.717949 [debug] [MainThread]: checksum: f0a141b9de567cb7f131613ba2682f40b3a1c6a157f81c6e5435862eff68f109, vars: {}, profile: , target: , version: 1.8.2
[0m12:57:14.986967 [debug] [MainThread]: Partial parsing enabled: 0 files deleted, 0 files added, 0 files changed.
[0m12:57:14.987961 [debug] [MainThread]: Partial parsing enabled, no changes found, skipping parsing
[0m12:57:15.023933 [debug] [MainThread]: Sending event: {'category': 'dbt', 'action': 'load_project', 'label': 'a763a985-79f2-4903-a6c3-1b58c9e18f4c', 'context': [<snowplow_tracker.self_describing_json.SelfDescribingJson object at 0x7b7208ff7ed0>]}
[0m12:57:15.145485 [debug] [MainThread]: Sending event: {'category': 'dbt', 'action': 'resource_counts', 'label': 'a763a985-79f2-4903-a6c3-1b58c9e18f4c', 'context': [<snowplow_tracker.self_describing_json.SelfDescribingJson object at 0x7b7208fca290>]}
[0m12:57:15.146509 [info ] [MainThread]: Found 4 models, 6 data tests, 428 macros
[0m12:57:15.147549 [debug] [MainThread]: Sending event: {'category': 'dbt', 'action': 'runnable_timing', 'label': 'a763a985-79f2-4903-a6c3-1b58c9e18f4c', 'context': [<snowplow_tracker.self_describing_json.SelfDescribingJson object at 0x7b720a03ca50>]}
[0m12:57:15.150292 [info ] [MainThread]: 
[0m12:57:15.153766 [debug] [MainThread]: Acquiring new postgres connection 'master'
[0m12:57:15.155689 [debug] [ThreadPool]: Acquiring new postgres connection 'list_warehouse'
[0m12:57:15.204134 [debug] [ThreadPool]: Using postgres connection "list_warehouse"
[0m12:57:15.205460 [debug] [ThreadPool]: On list_warehouse: /* {"app": "dbt", "dbt_version": "1.8.2", "profile_name": "api_dwh", "target_name": "dev", "connection_name": "list_warehouse"} */

    select distinct nspname from pg_namespace
  
[0m12:57:15.206476 [debug] [ThreadPool]: Opening a new connection, currently in state init
[0m12:57:15.291385 [debug] [ThreadPool]: SQL status: SELECT 6 in 0.085 seconds
[0m12:57:15.293602 [debug] [ThreadPool]: On list_warehouse: Close
[0m12:57:15.299358 [debug] [ThreadPool]: Re-using an available connection from the pool (formerly list_warehouse, now list_warehouse_mart)
[0m12:57:15.307362 [debug] [ThreadPool]: Using postgres connection "list_warehouse_mart"
[0m12:57:15.308534 [debug] [ThreadPool]: On list_warehouse_mart: BEGIN
[0m12:57:15.309436 [debug] [ThreadPool]: Opening a new connection, currently in state closed
[0m12:57:15.403957 [debug] [ThreadPool]: SQL status: BEGIN in 0.094 seconds
[0m12:57:15.405385 [debug] [ThreadPool]: Using postgres connection "list_warehouse_mart"
[0m12:57:15.406626 [debug] [ThreadPool]: On list_warehouse_mart: /* {"app": "dbt", "dbt_version": "1.8.2", "profile_name": "api_dwh", "target_name": "dev", "connection_name": "list_warehouse_mart"} */
select
      'warehouse' as database,
      tablename as name,
      schemaname as schema,
      'table' as type
    from pg_tables
    where schemaname ilike 'mart'
    union all
    select
      'warehouse' as database,
      viewname as name,
      schemaname as schema,
      'view' as type
    from pg_views
    where schemaname ilike 'mart'
    union all
    select
      'warehouse' as database,
      matviewname as name,
      schemaname as schema,
      'materialized_view' as type
    from pg_matviews
    where schemaname ilike 'mart'
  
[0m12:57:15.442337 [debug] [ThreadPool]: SQL status: SELECT 4 in 0.035 seconds
[0m12:57:15.444734 [debug] [ThreadPool]: On list_warehouse_mart: ROLLBACK
[0m12:57:15.450610 [debug] [ThreadPool]: On list_warehouse_mart: Close
[0m12:57:15.458129 [debug] [MainThread]: Using postgres connection "master"
[0m12:57:15.459164 [debug] [MainThread]: On master: BEGIN
[0m12:57:15.459943 [debug] [MainThread]: Opening a new connection, currently in state init
[0m12:57:15.572546 [debug] [MainThread]: SQL status: BEGIN in 0.112 seconds
[0m12:57:15.575141 [debug] [MainThread]: Using postgres connection "master"
[0m12:57:15.577100 [debug] [MainThread]: On master: /* {"app": "dbt", "dbt_version": "1.8.2", "profile_name": "api_dwh", "target_name": "dev", "connection_name": "master"} */
with relation as (
        select
            pg_rewrite.ev_class as class,
            pg_rewrite.oid as id
        from pg_rewrite
    ),
    class as (
        select
            oid as id,
            relname as name,
            relnamespace as schema,
            relkind as kind
        from pg_class
    ),
    dependency as (
        select distinct
            pg_depend.objid as id,
            pg_depend.refobjid as ref
        from pg_depend
    ),
    schema as (
        select
            pg_namespace.oid as id,
            pg_namespace.nspname as name
        from pg_namespace
        where nspname != 'information_schema' and nspname not like 'pg\_%'
    ),
    referenced as (
        select
            relation.id AS id,
            referenced_class.name ,
            referenced_class.schema ,
            referenced_class.kind
        from relation
        join class as referenced_class on relation.class=referenced_class.id
        where referenced_class.kind in ('r', 'v', 'm')
    ),
    relationships as (
        select
            referenced.name as referenced_name,
            referenced.schema as referenced_schema_id,
            dependent_class.name as dependent_name,
            dependent_class.schema as dependent_schema_id,
            referenced.kind as kind
        from referenced
        join dependency on referenced.id=dependency.id
        join class as dependent_class on dependency.ref=dependent_class.id
        where
            (referenced.name != dependent_class.name or
             referenced.schema != dependent_class.schema)
    )

    select
        referenced_schema.name as referenced_schema,
        relationships.referenced_name as referenced_name,
        dependent_schema.name as dependent_schema,
        relationships.dependent_name as dependent_name
    from relationships
    join schema as dependent_schema on relationships.dependent_schema_id=dependent_schema.id
    join schema as referenced_schema on relationships.referenced_schema_id=referenced_schema.id
    group by referenced_schema, referenced_name, dependent_schema, dependent_name
    order by referenced_schema, referenced_name, dependent_schema, dependent_name;
[0m12:57:15.685532 [debug] [MainThread]: SQL status: SELECT 0 in 0.106 seconds
[0m12:57:15.690345 [debug] [MainThread]: Sending event: {'category': 'dbt', 'action': 'runnable_timing', 'label': 'a763a985-79f2-4903-a6c3-1b58c9e18f4c', 'context': [<snowplow_tracker.self_describing_json.SelfDescribingJson object at 0x7b7208fb7c90>]}
[0m12:57:15.692529 [debug] [MainThread]: On master: ROLLBACK
[0m12:57:15.754608 [debug] [MainThread]: Using postgres connection "master"
[0m12:57:15.756968 [debug] [MainThread]: On master: BEGIN
[0m12:57:15.819778 [debug] [MainThread]: SQL status: BEGIN in 0.061 seconds
[0m12:57:15.821012 [debug] [MainThread]: On master: COMMIT
[0m12:57:15.822002 [debug] [MainThread]: Using postgres connection "master"
[0m12:57:15.822845 [debug] [MainThread]: On master: COMMIT
[0m12:57:15.828248 [debug] [MainThread]: SQL status: COMMIT in 0.004 seconds
[0m12:57:15.829181 [debug] [MainThread]: On master: Close
[0m12:57:15.830205 [info ] [MainThread]: Concurrency: 1 threads (target='dev')
[0m12:57:15.831216 [info ] [MainThread]: 
[0m12:57:15.836017 [debug] [Thread-1 (]: Began running node model.api_dwh.fact_orders
[0m12:57:15.837256 [info ] [Thread-1 (]: 1 of 1 START sql table model mart.fact_orders .................................. [RUN]
[0m12:57:15.838767 [debug] [Thread-1 (]: Re-using an available connection from the pool (formerly list_warehouse_mart, now model.api_dwh.fact_orders)
[0m12:57:15.839896 [debug] [Thread-1 (]: Began compiling node model.api_dwh.fact_orders
[0m12:57:15.847855 [debug] [Thread-1 (]: Writing injected SQL for node "model.api_dwh.fact_orders"
[0m12:57:15.858317 [debug] [Thread-1 (]: Began executing node model.api_dwh.fact_orders
[0m12:57:15.906587 [debug] [Thread-1 (]: Writing runtime sql for node "model.api_dwh.fact_orders"
[0m12:57:15.916405 [debug] [Thread-1 (]: Using postgres connection "model.api_dwh.fact_orders"
[0m12:57:15.917937 [debug] [Thread-1 (]: On model.api_dwh.fact_orders: BEGIN
[0m12:57:15.918975 [debug] [Thread-1 (]: Opening a new connection, currently in state closed
[0m12:57:16.070393 [debug] [Thread-1 (]: SQL status: BEGIN in 0.151 seconds
[0m12:57:16.071897 [debug] [Thread-1 (]: Using postgres connection "model.api_dwh.fact_orders"
[0m12:57:16.072909 [debug] [Thread-1 (]: On model.api_dwh.fact_orders: /* {"app": "dbt", "dbt_version": "1.8.2", "profile_name": "api_dwh", "target_name": "dev", "node_id": "model.api_dwh.fact_orders"} */

  
    

  create  table "warehouse"."mart"."fact_orders__dbt_tmp"
  
  
    as
  
  (
    SELECT o.order_id,
    o.customer_id,
    TRIM(c.full_name) AS customer_name,
    LOWER(c.email) AS customer_email,
    o.product_name,
    o.qty,
    o.price,
    (o.qty * o.price) AS total_amount,
    o.order_date,
    DATE(o.order_date) AS order_day,
    EXTRACT(
        YEAR
        FROM o.order_date
    ) AS order_year,
    EXTRACT(
        MONTH
        FROM o.order_date
    ) AS order_month
FROM staging.ods_orders o
    LEFT JOIN staging.ods_customers c ON o.customer_id::VARCHAR = c.customer_id
WHERE c.is_deleted = FALSE
  );
  
[0m12:57:16.229665 [debug] [Thread-1 (]: SQL status: SELECT 280 in 0.156 seconds
[0m12:57:16.238149 [debug] [Thread-1 (]: Using postgres connection "model.api_dwh.fact_orders"
[0m12:57:16.239611 [debug] [Thread-1 (]: On model.api_dwh.fact_orders: /* {"app": "dbt", "dbt_version": "1.8.2", "profile_name": "api_dwh", "target_name": "dev", "node_id": "model.api_dwh.fact_orders"} */
alter table "warehouse"."mart"."fact_orders" rename to "fact_orders__dbt_backup"
[0m12:57:16.305077 [debug] [Thread-1 (]: SQL status: ALTER TABLE in 0.064 seconds
[0m12:57:16.314024 [debug] [Thread-1 (]: Using postgres connection "model.api_dwh.fact_orders"
[0m12:57:16.316591 [debug] [Thread-1 (]: On model.api_dwh.fact_orders: /* {"app": "dbt", "dbt_version": "1.8.2", "profile_name": "api_dwh", "target_name": "dev", "node_id": "model.api_dwh.fact_orders"} */
alter table "warehouse"."mart"."fact_orders__dbt_tmp" rename to "fact_orders"
[0m12:57:16.326000 [debug] [Thread-1 (]: SQL status: ALTER TABLE in 0.007 seconds
[0m12:57:16.347608 [debug] [Thread-1 (]: On model.api_dwh.fact_orders: COMMIT
[0m12:57:16.348870 [debug] [Thread-1 (]: Using postgres connection "model.api_dwh.fact_orders"
[0m12:57:16.350560 [debug] [Thread-1 (]: On model.api_dwh.fact_orders: COMMIT
[0m12:57:16.380681 [debug] [Thread-1 (]: SQL status: COMMIT in 0.029 seconds
[0m12:57:16.388955 [debug] [Thread-1 (]: Applying DROP to: "warehouse"."mart"."fact_orders__dbt_backup"
[0m12:57:16.395396 [debug] [Thread-1 (]: Using postgres connection "model.api_dwh.fact_orders"
[0m12:57:16.396524 [debug] [Thread-1 (]: On model.api_dwh.fact_orders: /* {"app": "dbt", "dbt_version": "1.8.2", "profile_name": "api_dwh", "target_name": "dev", "node_id": "model.api_dwh.fact_orders"} */
drop table if exists "warehouse"."mart"."fact_orders__dbt_backup" cascade
[0m12:57:16.640350 [debug] [Thread-1 (]: SQL status: DROP TABLE in 0.243 seconds
[0m12:57:16.645727 [debug] [Thread-1 (]: On model.api_dwh.fact_orders: Close
[0m12:57:16.649583 [debug] [Thread-1 (]: Sending event: {'category': 'dbt', 'action': 'run_model', 'label': 'a763a985-79f2-4903-a6c3-1b58c9e18f4c', 'context': [<snowplow_tracker.self_describing_json.SelfDescribingJson object at 0x7b7208bdd790>]}
[0m12:57:16.651749 [info ] [Thread-1 (]: 1 of 1 OK created sql table model mart.fact_orders ............................. [[32mSELECT 280[0m in 0.81s]
[0m12:57:16.653498 [debug] [Thread-1 (]: Finished running node model.api_dwh.fact_orders
[0m12:57:16.655825 [debug] [MainThread]: Using postgres connection "master"
[0m12:57:16.656673 [debug] [MainThread]: On master: BEGIN
[0m12:57:16.657263 [debug] [MainThread]: Opening a new connection, currently in state closed
[0m12:57:16.787230 [debug] [MainThread]: SQL status: BEGIN in 0.130 seconds
[0m12:57:16.788413 [debug] [MainThread]: On master: COMMIT
[0m12:57:16.789330 [debug] [MainThread]: Using postgres connection "master"
[0m12:57:16.790128 [debug] [MainThread]: On master: COMMIT
[0m12:57:16.795186 [debug] [MainThread]: SQL status: COMMIT in 0.004 seconds
[0m12:57:16.796126 [debug] [MainThread]: On master: Close
[0m12:57:16.798321 [debug] [MainThread]: Connection 'master' was properly closed.
[0m12:57:16.800739 [debug] [MainThread]: Connection 'model.api_dwh.fact_orders' was properly closed.
[0m12:57:16.802090 [info ] [MainThread]: 
[0m12:57:16.803319 [info ] [MainThread]: Finished running 1 table model in 0 hours 0 minutes and 1.65 seconds (1.65s).
[0m12:57:16.805281 [debug] [MainThread]: Command end result
[0m12:57:16.850561 [info ] [MainThread]: 
[0m12:57:16.851978 [info ] [MainThread]: [32mCompleted successfully[0m
[0m12:57:16.853429 [info ] [MainThread]: 
[0m12:57:16.854616 [info ] [MainThread]: Done. PASS=1 WARN=0 ERROR=0 SKIP=0 TOTAL=1
[0m12:57:16.856380 [debug] [MainThread]: Resource report: {"command_name": "run", "command_success": true, "command_wall_clock_time": 2.4948924, "process_user_time": 2.071936, "process_kernel_time": 0.335989, "process_mem_max_rss": "119796", "process_in_blocks": "0", "process_out_blocks": "0"}
[0m12:57:16.857279 [debug] [MainThread]: Command `dbt run` succeeded at 12:57:16.857163 after 2.50 seconds
[0m12:57:16.858016 [debug] [MainThread]: Sending event: {'category': 'dbt', 'action': 'invocation', 'label': 'end', 'context': [<snowplow_tracker.self_describing_json.SelfDescribingJson object at 0x7b720a0b1a90>, <snowplow_tracker.self_describing_json.SelfDescribingJson object at 0x7b720e629550>, <snowplow_tracker.self_describing_json.SelfDescribingJson object at 0x7b720e6cf990>]}
[0m12:57:16.858625 [debug] [MainThread]: Flushing usage events
[0m12:57:21.432355 [debug] [MainThread]: Sending event: {'category': 'dbt', 'action': 'invocation', 'label': 'start', 'context': [<snowplow_tracker.self_describing_json.SelfDescribingJson object at 0x75410fa8b710>, <snowplow_tracker.self_describing_json.SelfDescribingJson object at 0x75410fb81ad0>, <snowplow_tracker.self_describing_json.SelfDescribingJson object at 0x75410fbd6850>]}


============================== 12:57:21.435411 | 79877a93-093f-4caa-896b-92702772af3e ==============================
[0m12:57:21.435411 [info ] [MainThread]: Running with dbt=1.8.2
[0m12:57:21.436487 [debug] [MainThread]: running dbt with arguments {'printer_width': '80', 'indirect_selection': 'eager', 'write_json': 'True', 'log_cache_events': 'False', 'partial_parse': 'True', 'cache_selected_only': 'False', 'profiles_dir': '/usr/app', 'version_check': 'True', 'fail_fast': 'False', 'log_path': '/usr/app/logs', 'debug': 'False', 'warn_error': 'None', 'use_colors': 'True', 'use_experimental_parser': 'False', 'no_print': 'None', 'quiet': 'False', 'warn_error_options': 'WarnErrorOptions(include=[], exclude=[])', 'introspect': 'True', 'log_format': 'default', 'static_parser': 'True', 'target_path': 'None', 'invocation_command': 'dbt run --select fact_payments', 'send_anonymous_usage_stats': 'True'}
[0m12:57:21.588141 [debug] [MainThread]: Sending event: {'category': 'dbt', 'action': 'project_id', 'label': '79877a93-093f-4caa-896b-92702772af3e', 'context': [<snowplow_tracker.self_describing_json.SelfDescribingJson object at 0x75410fa88610>]}
[0m12:57:21.652391 [debug] [MainThread]: Sending event: {'category': 'dbt', 'action': 'adapter_info', 'label': '79877a93-093f-4caa-896b-92702772af3e', 'context': [<snowplow_tracker.self_describing_json.SelfDescribingJson object at 0x754111eccbd0>]}
[0m12:57:21.654096 [info ] [MainThread]: Registered adapter: postgres=1.8.2
[0m12:57:21.748518 [debug] [MainThread]: checksum: f0a141b9de567cb7f131613ba2682f40b3a1c6a157f81c6e5435862eff68f109, vars: {}, profile: , target: , version: 1.8.2
[0m12:57:22.127070 [debug] [MainThread]: Partial parsing enabled: 0 files deleted, 0 files added, 0 files changed.
[0m12:57:22.129015 [debug] [MainThread]: Partial parsing enabled, no changes found, skipping parsing
[0m12:57:22.178153 [debug] [MainThread]: Sending event: {'category': 'dbt', 'action': 'load_project', 'label': '79877a93-093f-4caa-896b-92702772af3e', 'context': [<snowplow_tracker.self_describing_json.SelfDescribingJson object at 0x75410eb65dd0>]}
[0m12:57:22.314481 [debug] [MainThread]: Sending event: {'category': 'dbt', 'action': 'resource_counts', 'label': '79877a93-093f-4caa-896b-92702772af3e', 'context': [<snowplow_tracker.self_describing_json.SelfDescribingJson object at 0x75410e3cab10>]}
[0m12:57:22.315839 [info ] [MainThread]: Found 4 models, 6 data tests, 428 macros
[0m12:57:22.317213 [debug] [MainThread]: Sending event: {'category': 'dbt', 'action': 'runnable_timing', 'label': '79877a93-093f-4caa-896b-92702772af3e', 'context': [<snowplow_tracker.self_describing_json.SelfDescribingJson object at 0x754111d1b950>]}
[0m12:57:22.320750 [info ] [MainThread]: 
[0m12:57:22.322584 [debug] [MainThread]: Acquiring new postgres connection 'master'
[0m12:57:22.325013 [debug] [ThreadPool]: Acquiring new postgres connection 'list_warehouse'
[0m12:57:22.377295 [debug] [ThreadPool]: Using postgres connection "list_warehouse"
[0m12:57:22.379363 [debug] [ThreadPool]: On list_warehouse: /* {"app": "dbt", "dbt_version": "1.8.2", "profile_name": "api_dwh", "target_name": "dev", "connection_name": "list_warehouse"} */

    select distinct nspname from pg_namespace
  
[0m12:57:22.381024 [debug] [ThreadPool]: Opening a new connection, currently in state init
[0m12:57:22.477753 [debug] [ThreadPool]: SQL status: SELECT 6 in 0.097 seconds
[0m12:57:22.480958 [debug] [ThreadPool]: On list_warehouse: Close
[0m12:57:22.487680 [debug] [ThreadPool]: Re-using an available connection from the pool (formerly list_warehouse, now list_warehouse_mart)
[0m12:57:22.496301 [debug] [ThreadPool]: Using postgres connection "list_warehouse_mart"
[0m12:57:22.497717 [debug] [ThreadPool]: On list_warehouse_mart: BEGIN
[0m12:57:22.499044 [debug] [ThreadPool]: Opening a new connection, currently in state closed
[0m12:57:22.634103 [debug] [ThreadPool]: SQL status: BEGIN in 0.135 seconds
[0m12:57:22.636473 [debug] [ThreadPool]: Using postgres connection "list_warehouse_mart"
[0m12:57:22.638602 [debug] [ThreadPool]: On list_warehouse_mart: /* {"app": "dbt", "dbt_version": "1.8.2", "profile_name": "api_dwh", "target_name": "dev", "connection_name": "list_warehouse_mart"} */
select
      'warehouse' as database,
      tablename as name,
      schemaname as schema,
      'table' as type
    from pg_tables
    where schemaname ilike 'mart'
    union all
    select
      'warehouse' as database,
      viewname as name,
      schemaname as schema,
      'view' as type
    from pg_views
    where schemaname ilike 'mart'
    union all
    select
      'warehouse' as database,
      matviewname as name,
      schemaname as schema,
      'materialized_view' as type
    from pg_matviews
    where schemaname ilike 'mart'
  
[0m12:57:22.666921 [debug] [ThreadPool]: SQL status: SELECT 4 in 0.026 seconds
[0m12:57:22.669714 [debug] [ThreadPool]: On list_warehouse_mart: ROLLBACK
[0m12:57:22.675824 [debug] [ThreadPool]: On list_warehouse_mart: Close
[0m12:57:22.683342 [debug] [MainThread]: Using postgres connection "master"
[0m12:57:22.684748 [debug] [MainThread]: On master: BEGIN
[0m12:57:22.685929 [debug] [MainThread]: Opening a new connection, currently in state init
[0m12:57:22.829840 [debug] [MainThread]: SQL status: BEGIN in 0.144 seconds
[0m12:57:22.830894 [debug] [MainThread]: Using postgres connection "master"
[0m12:57:22.831877 [debug] [MainThread]: On master: /* {"app": "dbt", "dbt_version": "1.8.2", "profile_name": "api_dwh", "target_name": "dev", "connection_name": "master"} */
with relation as (
        select
            pg_rewrite.ev_class as class,
            pg_rewrite.oid as id
        from pg_rewrite
    ),
    class as (
        select
            oid as id,
            relname as name,
            relnamespace as schema,
            relkind as kind
        from pg_class
    ),
    dependency as (
        select distinct
            pg_depend.objid as id,
            pg_depend.refobjid as ref
        from pg_depend
    ),
    schema as (
        select
            pg_namespace.oid as id,
            pg_namespace.nspname as name
        from pg_namespace
        where nspname != 'information_schema' and nspname not like 'pg\_%'
    ),
    referenced as (
        select
            relation.id AS id,
            referenced_class.name ,
            referenced_class.schema ,
            referenced_class.kind
        from relation
        join class as referenced_class on relation.class=referenced_class.id
        where referenced_class.kind in ('r', 'v', 'm')
    ),
    relationships as (
        select
            referenced.name as referenced_name,
            referenced.schema as referenced_schema_id,
            dependent_class.name as dependent_name,
            dependent_class.schema as dependent_schema_id,
            referenced.kind as kind
        from referenced
        join dependency on referenced.id=dependency.id
        join class as dependent_class on dependency.ref=dependent_class.id
        where
            (referenced.name != dependent_class.name or
             referenced.schema != dependent_class.schema)
    )

    select
        referenced_schema.name as referenced_schema,
        relationships.referenced_name as referenced_name,
        dependent_schema.name as dependent_schema,
        relationships.dependent_name as dependent_name
    from relationships
    join schema as dependent_schema on relationships.dependent_schema_id=dependent_schema.id
    join schema as referenced_schema on relationships.referenced_schema_id=referenced_schema.id
    group by referenced_schema, referenced_name, dependent_schema, dependent_name
    order by referenced_schema, referenced_name, dependent_schema, dependent_name;
[0m12:57:22.882254 [debug] [MainThread]: SQL status: SELECT 0 in 0.049 seconds
[0m12:57:22.885410 [debug] [MainThread]: Sending event: {'category': 'dbt', 'action': 'runnable_timing', 'label': '79877a93-093f-4caa-896b-92702772af3e', 'context': [<snowplow_tracker.self_describing_json.SelfDescribingJson object at 0x75410e38aa10>]}
[0m12:57:22.887408 [debug] [MainThread]: On master: ROLLBACK
[0m12:57:22.893370 [debug] [MainThread]: Using postgres connection "master"
[0m12:57:22.894982 [debug] [MainThread]: On master: BEGIN
[0m12:57:22.950694 [debug] [MainThread]: SQL status: BEGIN in 0.054 seconds
[0m12:57:22.952573 [debug] [MainThread]: On master: COMMIT
[0m12:57:22.954251 [debug] [MainThread]: Using postgres connection "master"
[0m12:57:22.955620 [debug] [MainThread]: On master: COMMIT
[0m12:57:22.998629 [debug] [MainThread]: SQL status: COMMIT in 0.042 seconds
[0m12:57:23.002614 [debug] [MainThread]: On master: Close
[0m12:57:23.007109 [info ] [MainThread]: Concurrency: 1 threads (target='dev')
[0m12:57:23.011881 [info ] [MainThread]: 
[0m12:57:23.022946 [debug] [Thread-1 (]: Began running node model.api_dwh.fact_payments
[0m12:57:23.025926 [info ] [Thread-1 (]: 1 of 1 START sql table model mart.fact_payments ................................ [RUN]
[0m12:57:23.028857 [debug] [Thread-1 (]: Re-using an available connection from the pool (formerly list_warehouse_mart, now model.api_dwh.fact_payments)
[0m12:57:23.031423 [debug] [Thread-1 (]: Began compiling node model.api_dwh.fact_payments
[0m12:57:23.043092 [debug] [Thread-1 (]: Writing injected SQL for node "model.api_dwh.fact_payments"
[0m12:57:23.053678 [debug] [Thread-1 (]: Began executing node model.api_dwh.fact_payments
[0m12:57:23.090882 [debug] [Thread-1 (]: Writing runtime sql for node "model.api_dwh.fact_payments"
[0m12:57:23.100068 [debug] [Thread-1 (]: Using postgres connection "model.api_dwh.fact_payments"
[0m12:57:23.100906 [debug] [Thread-1 (]: On model.api_dwh.fact_payments: BEGIN
[0m12:57:23.101646 [debug] [Thread-1 (]: Opening a new connection, currently in state closed
[0m12:57:23.258946 [debug] [Thread-1 (]: SQL status: BEGIN in 0.157 seconds
[0m12:57:23.262340 [debug] [Thread-1 (]: Using postgres connection "model.api_dwh.fact_payments"
[0m12:57:23.265295 [debug] [Thread-1 (]: On model.api_dwh.fact_payments: /* {"app": "dbt", "dbt_version": "1.8.2", "profile_name": "api_dwh", "target_name": "dev", "node_id": "model.api_dwh.fact_payments"} */

  
    

  create  table "warehouse"."mart"."fact_payments__dbt_tmp"
  
  
    as
  
  (
    SELECT p.payment_id,
    p.order_id,
    o.customer_id,
    TRIM(c.full_name) AS customer_name,
    p.payment_method,
    p.amount,
    p.payment_date,
    DATE(p.payment_date) AS payment_day
FROM staging.ods_payments p
    LEFT JOIN staging.ods_orders o ON p.order_id::VARCHAR = o.order_id
    LEFT JOIN staging.ods_customers c ON o.customer_id::VARCHAR = c.customer_id
WHERE c.is_deleted = FALSE
  );
  
[0m12:57:23.446638 [debug] [Thread-1 (]: SQL status: SELECT 280 in 0.179 seconds
[0m12:57:23.459208 [debug] [Thread-1 (]: Using postgres connection "model.api_dwh.fact_payments"
[0m12:57:23.461179 [debug] [Thread-1 (]: On model.api_dwh.fact_payments: /* {"app": "dbt", "dbt_version": "1.8.2", "profile_name": "api_dwh", "target_name": "dev", "node_id": "model.api_dwh.fact_payments"} */
alter table "warehouse"."mart"."fact_payments" rename to "fact_payments__dbt_backup"
[0m12:57:23.532678 [debug] [Thread-1 (]: SQL status: ALTER TABLE in 0.069 seconds
[0m12:57:23.542776 [debug] [Thread-1 (]: Using postgres connection "model.api_dwh.fact_payments"
[0m12:57:23.546438 [debug] [Thread-1 (]: On model.api_dwh.fact_payments: /* {"app": "dbt", "dbt_version": "1.8.2", "profile_name": "api_dwh", "target_name": "dev", "node_id": "model.api_dwh.fact_payments"} */
alter table "warehouse"."mart"."fact_payments__dbt_tmp" rename to "fact_payments"
[0m12:57:23.555546 [debug] [Thread-1 (]: SQL status: ALTER TABLE in 0.005 seconds
[0m12:57:23.575694 [debug] [Thread-1 (]: On model.api_dwh.fact_payments: COMMIT
[0m12:57:23.577217 [debug] [Thread-1 (]: Using postgres connection "model.api_dwh.fact_payments"
[0m12:57:23.578996 [debug] [Thread-1 (]: On model.api_dwh.fact_payments: COMMIT
[0m12:57:23.614760 [debug] [Thread-1 (]: SQL status: COMMIT in 0.034 seconds
[0m12:57:23.625755 [debug] [Thread-1 (]: Applying DROP to: "warehouse"."mart"."fact_payments__dbt_backup"
[0m12:57:23.635134 [debug] [Thread-1 (]: Using postgres connection "model.api_dwh.fact_payments"
[0m12:57:23.636718 [debug] [Thread-1 (]: On model.api_dwh.fact_payments: /* {"app": "dbt", "dbt_version": "1.8.2", "profile_name": "api_dwh", "target_name": "dev", "node_id": "model.api_dwh.fact_payments"} */
drop table if exists "warehouse"."mart"."fact_payments__dbt_backup" cascade
[0m12:57:23.857233 [debug] [Thread-1 (]: SQL status: DROP TABLE in 0.219 seconds
[0m12:57:23.860512 [debug] [Thread-1 (]: On model.api_dwh.fact_payments: Close
[0m12:57:23.863115 [debug] [Thread-1 (]: Sending event: {'category': 'dbt', 'action': 'run_model', 'label': '79877a93-093f-4caa-896b-92702772af3e', 'context': [<snowplow_tracker.self_describing_json.SelfDescribingJson object at 0x75410c670d10>]}
[0m12:57:23.864234 [info ] [Thread-1 (]: 1 of 1 OK created sql table model mart.fact_payments ........................... [[32mSELECT 280[0m in 0.83s]
[0m12:57:23.865369 [debug] [Thread-1 (]: Finished running node model.api_dwh.fact_payments
[0m12:57:23.867750 [debug] [MainThread]: Using postgres connection "master"
[0m12:57:23.868527 [debug] [MainThread]: On master: BEGIN
[0m12:57:23.869217 [debug] [MainThread]: Opening a new connection, currently in state closed
[0m12:57:24.016898 [debug] [MainThread]: SQL status: BEGIN in 0.148 seconds
[0m12:57:24.018683 [debug] [MainThread]: On master: COMMIT
[0m12:57:24.020278 [debug] [MainThread]: Using postgres connection "master"
[0m12:57:24.021665 [debug] [MainThread]: On master: COMMIT
[0m12:57:24.046938 [debug] [MainThread]: SQL status: COMMIT in 0.024 seconds
[0m12:57:24.048160 [debug] [MainThread]: On master: Close
[0m12:57:24.049296 [debug] [MainThread]: Connection 'master' was properly closed.
[0m12:57:24.050266 [debug] [MainThread]: Connection 'model.api_dwh.fact_payments' was properly closed.
[0m12:57:24.051114 [info ] [MainThread]: 
[0m12:57:24.052148 [info ] [MainThread]: Finished running 1 table model in 0 hours 0 minutes and 1.73 seconds (1.73s).
[0m12:57:24.054025 [debug] [MainThread]: Command end result
[0m12:57:24.098313 [info ] [MainThread]: 
[0m12:57:24.099363 [info ] [MainThread]: [32mCompleted successfully[0m
[0m12:57:24.100378 [info ] [MainThread]: 
[0m12:57:24.101361 [info ] [MainThread]: Done. PASS=1 WARN=0 ERROR=0 SKIP=0 TOTAL=1
[0m12:57:24.102712 [debug] [MainThread]: Resource report: {"command_name": "run", "command_success": true, "command_wall_clock_time": 2.7357187, "process_user_time": 2.118638, "process_kernel_time": 0.303819, "process_mem_max_rss": "119348", "process_in_blocks": "0", "process_out_blocks": "0"}
[0m12:57:24.103637 [debug] [MainThread]: Command `dbt run` succeeded at 12:57:24.103512 after 2.74 seconds
[0m12:57:24.104401 [debug] [MainThread]: Sending event: {'category': 'dbt', 'action': 'invocation', 'label': 'end', 'context': [<snowplow_tracker.self_describing_json.SelfDescribingJson object at 0x75411404a910>, <snowplow_tracker.self_describing_json.SelfDescribingJson object at 0x7541140f3910>, <snowplow_tracker.self_describing_json.SelfDescribingJson object at 0x754110e9bfd0>]}
[0m12:57:24.105173 [debug] [MainThread]: Flushing usage events
[0m12:57:28.217427 [debug] [MainThread]: Sending event: {'category': 'dbt', 'action': 'invocation', 'label': 'start', 'context': [<snowplow_tracker.self_describing_json.SelfDescribingJson object at 0x79329dd42ad0>, <snowplow_tracker.self_describing_json.SelfDescribingJson object at 0x79329dd43c10>, <snowplow_tracker.self_describing_json.SelfDescribingJson object at 0x79329dd27710>]}


============================== 12:57:28.221359 | dbc455e4-ff02-4baf-bb87-42d7d78ac977 ==============================
[0m12:57:28.221359 [info ] [MainThread]: Running with dbt=1.8.2
[0m12:57:28.222728 [debug] [MainThread]: running dbt with arguments {'printer_width': '80', 'indirect_selection': 'eager', 'write_json': 'True', 'log_cache_events': 'False', 'partial_parse': 'True', 'cache_selected_only': 'False', 'profiles_dir': '/usr/app', 'debug': 'False', 'version_check': 'True', 'log_path': '/usr/app/logs', 'fail_fast': 'False', 'warn_error': 'None', 'use_colors': 'True', 'use_experimental_parser': 'False', 'no_print': 'None', 'quiet': 'False', 'warn_error_options': 'WarnErrorOptions(include=[], exclude=[])', 'invocation_command': 'dbt run --select fact_sales_summary', 'log_format': 'default', 'static_parser': 'True', 'target_path': 'None', 'introspect': 'True', 'send_anonymous_usage_stats': 'True'}
[0m12:57:28.405360 [debug] [MainThread]: Sending event: {'category': 'dbt', 'action': 'project_id', 'label': 'dbc455e4-ff02-4baf-bb87-42d7d78ac977', 'context': [<snowplow_tracker.self_describing_json.SelfDescribingJson object at 0x79329d1f2150>]}
[0m12:57:28.473992 [debug] [MainThread]: Sending event: {'category': 'dbt', 'action': 'adapter_info', 'label': 'dbc455e4-ff02-4baf-bb87-42d7d78ac977', 'context': [<snowplow_tracker.self_describing_json.SelfDescribingJson object at 0x7932a01a0290>]}
[0m12:57:28.476102 [info ] [MainThread]: Registered adapter: postgres=1.8.2
[0m12:57:28.564761 [debug] [MainThread]: checksum: f0a141b9de567cb7f131613ba2682f40b3a1c6a157f81c6e5435862eff68f109, vars: {}, profile: , target: , version: 1.8.2
[0m12:57:28.926004 [debug] [MainThread]: Partial parsing enabled: 0 files deleted, 0 files added, 0 files changed.
[0m12:57:28.927702 [debug] [MainThread]: Partial parsing enabled, no changes found, skipping parsing
[0m12:57:28.977593 [debug] [MainThread]: Sending event: {'category': 'dbt', 'action': 'load_project', 'label': 'dbc455e4-ff02-4baf-bb87-42d7d78ac977', 'context': [<snowplow_tracker.self_describing_json.SelfDescribingJson object at 0x79329c117510>]}
[0m12:57:29.191222 [debug] [MainThread]: Sending event: {'category': 'dbt', 'action': 'resource_counts', 'label': 'dbc455e4-ff02-4baf-bb87-42d7d78ac977', 'context': [<snowplow_tracker.self_describing_json.SelfDescribingJson object at 0x79329c15d690>]}
[0m12:57:29.193026 [info ] [MainThread]: Found 4 models, 6 data tests, 428 macros
[0m12:57:29.194828 [debug] [MainThread]: Sending event: {'category': 'dbt', 'action': 'runnable_timing', 'label': 'dbc455e4-ff02-4baf-bb87-42d7d78ac977', 'context': [<snowplow_tracker.self_describing_json.SelfDescribingJson object at 0x79329c9d2450>]}
[0m12:57:29.198760 [info ] [MainThread]: 
[0m12:57:29.200644 [debug] [MainThread]: Acquiring new postgres connection 'master'
[0m12:57:29.202970 [debug] [ThreadPool]: Acquiring new postgres connection 'list_warehouse'
[0m12:57:29.259220 [debug] [ThreadPool]: Using postgres connection "list_warehouse"
[0m12:57:29.260538 [debug] [ThreadPool]: On list_warehouse: /* {"app": "dbt", "dbt_version": "1.8.2", "profile_name": "api_dwh", "target_name": "dev", "connection_name": "list_warehouse"} */

    select distinct nspname from pg_namespace
  
[0m12:57:29.261555 [debug] [ThreadPool]: Opening a new connection, currently in state init
[0m12:57:29.365743 [debug] [ThreadPool]: SQL status: SELECT 6 in 0.104 seconds
[0m12:57:29.368462 [debug] [ThreadPool]: On list_warehouse: Close
[0m12:57:29.376268 [debug] [ThreadPool]: Re-using an available connection from the pool (formerly list_warehouse, now list_warehouse_mart)
[0m12:57:29.385361 [debug] [ThreadPool]: Using postgres connection "list_warehouse_mart"
[0m12:57:29.386901 [debug] [ThreadPool]: On list_warehouse_mart: BEGIN
[0m12:57:29.388085 [debug] [ThreadPool]: Opening a new connection, currently in state closed
[0m12:57:29.543098 [debug] [ThreadPool]: SQL status: BEGIN in 0.155 seconds
[0m12:57:29.545183 [debug] [ThreadPool]: Using postgres connection "list_warehouse_mart"
[0m12:57:29.546949 [debug] [ThreadPool]: On list_warehouse_mart: /* {"app": "dbt", "dbt_version": "1.8.2", "profile_name": "api_dwh", "target_name": "dev", "connection_name": "list_warehouse_mart"} */
select
      'warehouse' as database,
      tablename as name,
      schemaname as schema,
      'table' as type
    from pg_tables
    where schemaname ilike 'mart'
    union all
    select
      'warehouse' as database,
      viewname as name,
      schemaname as schema,
      'view' as type
    from pg_views
    where schemaname ilike 'mart'
    union all
    select
      'warehouse' as database,
      matviewname as name,
      schemaname as schema,
      'materialized_view' as type
    from pg_matviews
    where schemaname ilike 'mart'
  
[0m12:57:29.575737 [debug] [ThreadPool]: SQL status: SELECT 4 in 0.027 seconds
[0m12:57:29.578383 [debug] [ThreadPool]: On list_warehouse_mart: ROLLBACK
[0m12:57:29.584026 [debug] [ThreadPool]: On list_warehouse_mart: Close
[0m12:57:29.592762 [debug] [MainThread]: Using postgres connection "master"
[0m12:57:29.594034 [debug] [MainThread]: On master: BEGIN
[0m12:57:29.595068 [debug] [MainThread]: Opening a new connection, currently in state init
[0m12:57:29.744606 [debug] [MainThread]: SQL status: BEGIN in 0.149 seconds
[0m12:57:29.746859 [debug] [MainThread]: Using postgres connection "master"
[0m12:57:29.748599 [debug] [MainThread]: On master: /* {"app": "dbt", "dbt_version": "1.8.2", "profile_name": "api_dwh", "target_name": "dev", "connection_name": "master"} */
with relation as (
        select
            pg_rewrite.ev_class as class,
            pg_rewrite.oid as id
        from pg_rewrite
    ),
    class as (
        select
            oid as id,
            relname as name,
            relnamespace as schema,
            relkind as kind
        from pg_class
    ),
    dependency as (
        select distinct
            pg_depend.objid as id,
            pg_depend.refobjid as ref
        from pg_depend
    ),
    schema as (
        select
            pg_namespace.oid as id,
            pg_namespace.nspname as name
        from pg_namespace
        where nspname != 'information_schema' and nspname not like 'pg\_%'
    ),
    referenced as (
        select
            relation.id AS id,
            referenced_class.name ,
            referenced_class.schema ,
            referenced_class.kind
        from relation
        join class as referenced_class on relation.class=referenced_class.id
        where referenced_class.kind in ('r', 'v', 'm')
    ),
    relationships as (
        select
            referenced.name as referenced_name,
            referenced.schema as referenced_schema_id,
            dependent_class.name as dependent_name,
            dependent_class.schema as dependent_schema_id,
            referenced.kind as kind
        from referenced
        join dependency on referenced.id=dependency.id
        join class as dependent_class on dependency.ref=dependent_class.id
        where
            (referenced.name != dependent_class.name or
             referenced.schema != dependent_class.schema)
    )

    select
        referenced_schema.name as referenced_schema,
        relationships.referenced_name as referenced_name,
        dependent_schema.name as dependent_schema,
        relationships.dependent_name as dependent_name
    from relationships
    join schema as dependent_schema on relationships.dependent_schema_id=dependent_schema.id
    join schema as referenced_schema on relationships.referenced_schema_id=referenced_schema.id
    group by referenced_schema, referenced_name, dependent_schema, dependent_name
    order by referenced_schema, referenced_name, dependent_schema, dependent_name;
[0m12:57:29.812453 [debug] [MainThread]: SQL status: SELECT 0 in 0.062 seconds
[0m12:57:29.814933 [debug] [MainThread]: Sending event: {'category': 'dbt', 'action': 'runnable_timing', 'label': 'dbc455e4-ff02-4baf-bb87-42d7d78ac977', 'context': [<snowplow_tracker.self_describing_json.SelfDescribingJson object at 0x79329c11eb50>]}
[0m12:57:29.816158 [debug] [MainThread]: On master: ROLLBACK
[0m12:57:29.822112 [debug] [MainThread]: Using postgres connection "master"
[0m12:57:29.823344 [debug] [MainThread]: On master: BEGIN
[0m12:57:29.887042 [debug] [MainThread]: SQL status: BEGIN in 0.063 seconds
[0m12:57:29.888501 [debug] [MainThread]: On master: COMMIT
[0m12:57:29.889956 [debug] [MainThread]: Using postgres connection "master"
[0m12:57:29.891221 [debug] [MainThread]: On master: COMMIT
[0m12:57:29.896762 [debug] [MainThread]: SQL status: COMMIT in 0.004 seconds
[0m12:57:29.897803 [debug] [MainThread]: On master: Close
[0m12:57:29.898992 [info ] [MainThread]: Concurrency: 1 threads (target='dev')
[0m12:57:29.900135 [info ] [MainThread]: 
[0m12:57:29.903414 [debug] [Thread-1 (]: Began running node model.api_dwh.fact_sales_summary
[0m12:57:29.904645 [info ] [Thread-1 (]: 1 of 1 START sql table model mart.fact_sales_summary ........................... [RUN]
[0m12:57:29.905715 [debug] [Thread-1 (]: Re-using an available connection from the pool (formerly list_warehouse_mart, now model.api_dwh.fact_sales_summary)
[0m12:57:29.907010 [debug] [Thread-1 (]: Began compiling node model.api_dwh.fact_sales_summary
[0m12:57:29.915052 [debug] [Thread-1 (]: Writing injected SQL for node "model.api_dwh.fact_sales_summary"
[0m12:57:29.924283 [debug] [Thread-1 (]: Began executing node model.api_dwh.fact_sales_summary
[0m12:57:29.963488 [debug] [Thread-1 (]: Writing runtime sql for node "model.api_dwh.fact_sales_summary"
[0m12:57:29.973398 [debug] [Thread-1 (]: Using postgres connection "model.api_dwh.fact_sales_summary"
[0m12:57:29.974408 [debug] [Thread-1 (]: On model.api_dwh.fact_sales_summary: BEGIN
[0m12:57:29.975271 [debug] [Thread-1 (]: Opening a new connection, currently in state closed
[0m12:57:30.112821 [debug] [Thread-1 (]: SQL status: BEGIN in 0.137 seconds
[0m12:57:30.114365 [debug] [Thread-1 (]: Using postgres connection "model.api_dwh.fact_sales_summary"
[0m12:57:30.115670 [debug] [Thread-1 (]: On model.api_dwh.fact_sales_summary: /* {"app": "dbt", "dbt_version": "1.8.2", "profile_name": "api_dwh", "target_name": "dev", "node_id": "model.api_dwh.fact_sales_summary"} */

  
    

  create  table "warehouse"."mart"."fact_sales_summary__dbt_tmp"
  
  
    as
  
  (
    SELECT DATE(o.order_date) AS sales_date,
    COUNT(DISTINCT o.order_id) AS total_orders,
    COUNT(DISTINCT o.customer_id) AS total_customers,
    SUM(o.qty) AS total_qty,
    SUM(o.qty * o.price) AS gross_sales,
    AVG(o.qty * o.price) AS avg_order_value
FROM staging.ods_orders o
GROUP BY DATE(o.order_date)
  );
  
[0m12:57:30.319077 [debug] [Thread-1 (]: SQL status: SELECT 2 in 0.202 seconds
[0m12:57:30.327474 [debug] [Thread-1 (]: Using postgres connection "model.api_dwh.fact_sales_summary"
[0m12:57:30.328957 [debug] [Thread-1 (]: On model.api_dwh.fact_sales_summary: /* {"app": "dbt", "dbt_version": "1.8.2", "profile_name": "api_dwh", "target_name": "dev", "node_id": "model.api_dwh.fact_sales_summary"} */
alter table "warehouse"."mart"."fact_sales_summary" rename to "fact_sales_summary__dbt_backup"
[0m12:57:30.390368 [debug] [Thread-1 (]: SQL status: ALTER TABLE in 0.060 seconds
[0m12:57:30.394661 [debug] [Thread-1 (]: Using postgres connection "model.api_dwh.fact_sales_summary"
[0m12:57:30.396088 [debug] [Thread-1 (]: On model.api_dwh.fact_sales_summary: /* {"app": "dbt", "dbt_version": "1.8.2", "profile_name": "api_dwh", "target_name": "dev", "node_id": "model.api_dwh.fact_sales_summary"} */
alter table "warehouse"."mart"."fact_sales_summary__dbt_tmp" rename to "fact_sales_summary"
[0m12:57:30.402370 [debug] [Thread-1 (]: SQL status: ALTER TABLE in 0.005 seconds
[0m12:57:30.424635 [debug] [Thread-1 (]: On model.api_dwh.fact_sales_summary: COMMIT
[0m12:57:30.426009 [debug] [Thread-1 (]: Using postgres connection "model.api_dwh.fact_sales_summary"
[0m12:57:30.427075 [debug] [Thread-1 (]: On model.api_dwh.fact_sales_summary: COMMIT
[0m12:57:30.452907 [debug] [Thread-1 (]: SQL status: COMMIT in 0.025 seconds
[0m12:57:30.460642 [debug] [Thread-1 (]: Applying DROP to: "warehouse"."mart"."fact_sales_summary__dbt_backup"
[0m12:57:30.467242 [debug] [Thread-1 (]: Using postgres connection "model.api_dwh.fact_sales_summary"
[0m12:57:30.468409 [debug] [Thread-1 (]: On model.api_dwh.fact_sales_summary: /* {"app": "dbt", "dbt_version": "1.8.2", "profile_name": "api_dwh", "target_name": "dev", "node_id": "model.api_dwh.fact_sales_summary"} */
drop table if exists "warehouse"."mart"."fact_sales_summary__dbt_backup" cascade
[0m12:57:30.726582 [debug] [Thread-1 (]: SQL status: DROP TABLE in 0.256 seconds
[0m12:57:30.738556 [debug] [Thread-1 (]: On model.api_dwh.fact_sales_summary: Close
[0m12:57:30.747177 [debug] [Thread-1 (]: Sending event: {'category': 'dbt', 'action': 'run_model', 'label': 'dbc455e4-ff02-4baf-bb87-42d7d78ac977', 'context': [<snowplow_tracker.self_describing_json.SelfDescribingJson object at 0x79329bdb55d0>]}
[0m12:57:30.750966 [info ] [Thread-1 (]: 1 of 1 OK created sql table model mart.fact_sales_summary ...................... [[32mSELECT 2[0m in 0.84s]
[0m12:57:30.754764 [debug] [Thread-1 (]: Finished running node model.api_dwh.fact_sales_summary
[0m12:57:30.760180 [debug] [MainThread]: Using postgres connection "master"
[0m12:57:30.762124 [debug] [MainThread]: On master: BEGIN
[0m12:57:30.763012 [debug] [MainThread]: Opening a new connection, currently in state closed
[0m12:57:30.895133 [debug] [MainThread]: SQL status: BEGIN in 0.132 seconds
[0m12:57:30.897022 [debug] [MainThread]: On master: COMMIT
[0m12:57:30.899117 [debug] [MainThread]: Using postgres connection "master"
[0m12:57:30.900273 [debug] [MainThread]: On master: COMMIT
[0m12:57:30.907176 [debug] [MainThread]: SQL status: COMMIT in 0.006 seconds
[0m12:57:30.908339 [debug] [MainThread]: On master: Close
[0m12:57:30.909520 [debug] [MainThread]: Connection 'master' was properly closed.
[0m12:57:30.910481 [debug] [MainThread]: Connection 'model.api_dwh.fact_sales_summary' was properly closed.
[0m12:57:30.911392 [info ] [MainThread]: 
[0m12:57:30.912585 [info ] [MainThread]: Finished running 1 table model in 0 hours 0 minutes and 1.71 seconds (1.71s).
[0m12:57:30.915833 [debug] [MainThread]: Command end result
[0m12:57:30.970766 [info ] [MainThread]: 
[0m12:57:30.973135 [info ] [MainThread]: [32mCompleted successfully[0m
[0m12:57:30.975033 [info ] [MainThread]: 
[0m12:57:30.976232 [info ] [MainThread]: Done. PASS=1 WARN=0 ERROR=0 SKIP=0 TOTAL=1
[0m12:57:30.977869 [debug] [MainThread]: Resource report: {"command_name": "run", "command_success": true, "command_wall_clock_time": 2.8478255, "process_user_time": 2.423241, "process_kernel_time": 0.309435, "process_mem_max_rss": "119516", "process_in_blocks": "0", "process_out_blocks": "0"}
[0m12:57:30.979137 [debug] [MainThread]: Command `dbt run` succeeded at 12:57:30.978866 after 2.85 seconds
[0m12:57:30.980347 [debug] [MainThread]: Sending event: {'category': 'dbt', 'action': 'invocation', 'label': 'end', 'context': [<snowplow_tracker.self_describing_json.SelfDescribingJson object at 0x79329dd38110>, <snowplow_tracker.self_describing_json.SelfDescribingJson object at 0x7932a231e850>, <snowplow_tracker.self_describing_json.SelfDescribingJson object at 0x7932a2325610>]}
[0m12:57:30.981577 [debug] [MainThread]: Flushing usage events
[0m14:06:42.839773 [debug] [MainThread]: Sending event: {'category': 'dbt', 'action': 'invocation', 'label': 'start', 'context': [<snowplow_tracker.self_describing_json.SelfDescribingJson object at 0x7720d0fdeed0>, <snowplow_tracker.self_describing_json.SelfDescribingJson object at 0x7720d0ee5dd0>, <snowplow_tracker.self_describing_json.SelfDescribingJson object at 0x7720d0ee7210>]}


============================== 14:06:42.844778 | 05282d26-f3ec-4e93-b5a6-81e3252bc28c ==============================
[0m14:06:42.844778 [info ] [MainThread]: Running with dbt=1.8.2
[0m14:06:42.845833 [debug] [MainThread]: running dbt with arguments {'printer_width': '80', 'indirect_selection': 'eager', 'log_cache_events': 'False', 'write_json': 'True', 'partial_parse': 'True', 'cache_selected_only': 'False', 'profiles_dir': '/usr/app', 'debug': 'False', 'warn_error': 'None', 'log_path': '/usr/app/logs', 'version_check': 'True', 'fail_fast': 'False', 'use_colors': 'True', 'use_experimental_parser': 'False', 'no_print': 'None', 'quiet': 'False', 'log_format': 'default', 'introspect': 'True', 'static_parser': 'True', 'invocation_command': 'dbt run --select stg_customers', 'target_path': 'None', 'warn_error_options': 'WarnErrorOptions(include=[], exclude=[])', 'send_anonymous_usage_stats': 'True'}
[0m14:06:43.010601 [debug] [MainThread]: Sending event: {'category': 'dbt', 'action': 'project_id', 'label': '05282d26-f3ec-4e93-b5a6-81e3252bc28c', 'context': [<snowplow_tracker.self_describing_json.SelfDescribingJson object at 0x7720d0e904d0>]}
[0m14:06:43.061888 [debug] [MainThread]: Sending event: {'category': 'dbt', 'action': 'adapter_info', 'label': '05282d26-f3ec-4e93-b5a6-81e3252bc28c', 'context': [<snowplow_tracker.self_describing_json.SelfDescribingJson object at 0x7720d32c4410>]}
[0m14:06:43.063785 [info ] [MainThread]: Registered adapter: postgres=1.8.2
[0m14:06:43.129927 [debug] [MainThread]: checksum: f0a141b9de567cb7f131613ba2682f40b3a1c6a157f81c6e5435862eff68f109, vars: {}, profile: , target: , version: 1.8.2
[0m14:06:43.302938 [info ] [MainThread]: Unable to do partial parsing because a project config has changed
[0m14:06:43.304286 [debug] [MainThread]: Sending event: {'category': 'dbt', 'action': 'partial_parser', 'label': '05282d26-f3ec-4e93-b5a6-81e3252bc28c', 'context': [<snowplow_tracker.self_describing_json.SelfDescribingJson object at 0x7720d23833d0>]}
[0m14:06:44.254682 [warn ] [MainThread]: [[33mWARNING[0m]: Deprecated functionality
The `tests` config has been renamed to `data_tests`. Please see
https://docs.getdbt.com/docs/build/data-tests#new-data_tests-syntax for more
information.
[0m14:06:44.256041 [debug] [MainThread]: Sending event: {'category': 'dbt', 'action': 'deprecation', 'label': '05282d26-f3ec-4e93-b5a6-81e3252bc28c', 'property_': 'warn', 'context': [<snowplow_tracker.self_describing_json.SelfDescribingJson object at 0x7720cefd42d0>]}
[0m14:06:44.491817 [debug] [MainThread]: Sending event: {'category': 'dbt', 'action': 'load_project', 'label': '05282d26-f3ec-4e93-b5a6-81e3252bc28c', 'context': [<snowplow_tracker.self_describing_json.SelfDescribingJson object at 0x7720d24e28d0>]}
[0m14:06:44.591847 [debug] [MainThread]: Sending event: {'category': 'dbt', 'action': 'resource_counts', 'label': '05282d26-f3ec-4e93-b5a6-81e3252bc28c', 'context': [<snowplow_tracker.self_describing_json.SelfDescribingJson object at 0x7720cd379390>]}
[0m14:06:44.592704 [info ] [MainThread]: Found 7 models, 6 data tests, 428 macros
[0m14:06:44.593689 [debug] [MainThread]: Sending event: {'category': 'dbt', 'action': 'runnable_timing', 'label': '05282d26-f3ec-4e93-b5a6-81e3252bc28c', 'context': [<snowplow_tracker.self_describing_json.SelfDescribingJson object at 0x7720ce727310>]}
[0m14:06:44.596818 [info ] [MainThread]: 
[0m14:06:44.599072 [debug] [MainThread]: Acquiring new postgres connection 'master'
[0m14:06:44.601420 [debug] [ThreadPool]: Acquiring new postgres connection 'list_warehouse'
[0m14:06:44.667910 [debug] [ThreadPool]: Using postgres connection "list_warehouse"
[0m14:06:44.669146 [debug] [ThreadPool]: On list_warehouse: /* {"app": "dbt", "dbt_version": "1.8.2", "profile_name": "api_dwh", "target_name": "dev", "connection_name": "list_warehouse"} */

    select distinct nspname from pg_namespace
  
[0m14:06:44.670174 [debug] [ThreadPool]: Opening a new connection, currently in state init
[0m14:06:44.758708 [debug] [ThreadPool]: SQL status: SELECT 6 in 0.088 seconds
[0m14:06:44.761112 [debug] [ThreadPool]: On list_warehouse: Close
[0m14:06:44.762771 [debug] [ThreadPool]: Re-using an available connection from the pool (formerly list_warehouse, now create_warehouse_mart_staging)
[0m14:06:44.763995 [debug] [ThreadPool]: Creating schema "database: "warehouse"
schema: "mart_staging"
"
[0m14:06:44.769585 [debug] [ThreadPool]: Using postgres connection "create_warehouse_mart_staging"
[0m14:06:44.770526 [debug] [ThreadPool]: On create_warehouse_mart_staging: BEGIN
[0m14:06:44.771472 [debug] [ThreadPool]: Opening a new connection, currently in state closed
[0m14:06:44.907513 [debug] [ThreadPool]: SQL status: BEGIN in 0.136 seconds
[0m14:06:44.909052 [debug] [ThreadPool]: Using postgres connection "create_warehouse_mart_staging"
[0m14:06:44.910471 [debug] [ThreadPool]: On create_warehouse_mart_staging: /* {"app": "dbt", "dbt_version": "1.8.2", "profile_name": "api_dwh", "target_name": "dev", "connection_name": "create_warehouse_mart_staging"} */
create schema if not exists "mart_staging"
[0m14:06:44.941256 [debug] [ThreadPool]: SQL status: CREATE SCHEMA in 0.029 seconds
[0m14:06:44.943296 [debug] [ThreadPool]: On create_warehouse_mart_staging: COMMIT
[0m14:06:44.944515 [debug] [ThreadPool]: Using postgres connection "create_warehouse_mart_staging"
[0m14:06:44.945687 [debug] [ThreadPool]: On create_warehouse_mart_staging: COMMIT
[0m14:06:44.986873 [debug] [ThreadPool]: SQL status: COMMIT in 0.040 seconds
[0m14:06:44.988320 [debug] [ThreadPool]: On create_warehouse_mart_staging: Close
[0m14:06:44.994706 [debug] [ThreadPool]: Re-using an available connection from the pool (formerly create_warehouse_mart_staging, now list_warehouse_mart_staging)
[0m14:06:45.000405 [debug] [ThreadPool]: Using postgres connection "list_warehouse_mart_staging"
[0m14:06:45.001658 [debug] [ThreadPool]: On list_warehouse_mart_staging: BEGIN
[0m14:06:45.002585 [debug] [ThreadPool]: Opening a new connection, currently in state closed
[0m14:06:45.162007 [debug] [ThreadPool]: SQL status: BEGIN in 0.159 seconds
[0m14:06:45.164844 [debug] [ThreadPool]: Using postgres connection "list_warehouse_mart_staging"
[0m14:06:45.167176 [debug] [ThreadPool]: On list_warehouse_mart_staging: /* {"app": "dbt", "dbt_version": "1.8.2", "profile_name": "api_dwh", "target_name": "dev", "connection_name": "list_warehouse_mart_staging"} */
select
      'warehouse' as database,
      tablename as name,
      schemaname as schema,
      'table' as type
    from pg_tables
    where schemaname ilike 'mart_staging'
    union all
    select
      'warehouse' as database,
      viewname as name,
      schemaname as schema,
      'view' as type
    from pg_views
    where schemaname ilike 'mart_staging'
    union all
    select
      'warehouse' as database,
      matviewname as name,
      schemaname as schema,
      'materialized_view' as type
    from pg_matviews
    where schemaname ilike 'mart_staging'
  
[0m14:06:45.198183 [debug] [ThreadPool]: SQL status: SELECT 0 in 0.028 seconds
[0m14:06:45.199861 [debug] [ThreadPool]: On list_warehouse_mart_staging: ROLLBACK
[0m14:06:45.204966 [debug] [ThreadPool]: On list_warehouse_mart_staging: Close
[0m14:06:45.206386 [debug] [ThreadPool]: Re-using an available connection from the pool (formerly list_warehouse_mart_staging, now list_warehouse_mart_mart)
[0m14:06:45.208756 [debug] [ThreadPool]: Using postgres connection "list_warehouse_mart_mart"
[0m14:06:45.209763 [debug] [ThreadPool]: On list_warehouse_mart_mart: BEGIN
[0m14:06:45.210436 [debug] [ThreadPool]: Opening a new connection, currently in state closed
[0m14:06:45.344240 [debug] [ThreadPool]: SQL status: BEGIN in 0.134 seconds
[0m14:06:45.345721 [debug] [ThreadPool]: Using postgres connection "list_warehouse_mart_mart"
[0m14:06:45.346863 [debug] [ThreadPool]: On list_warehouse_mart_mart: /* {"app": "dbt", "dbt_version": "1.8.2", "profile_name": "api_dwh", "target_name": "dev", "connection_name": "list_warehouse_mart_mart"} */
select
      'warehouse' as database,
      tablename as name,
      schemaname as schema,
      'table' as type
    from pg_tables
    where schemaname ilike 'mart_mart'
    union all
    select
      'warehouse' as database,
      viewname as name,
      schemaname as schema,
      'view' as type
    from pg_views
    where schemaname ilike 'mart_mart'
    union all
    select
      'warehouse' as database,
      matviewname as name,
      schemaname as schema,
      'materialized_view' as type
    from pg_matviews
    where schemaname ilike 'mart_mart'
  
[0m14:06:45.373934 [debug] [ThreadPool]: SQL status: SELECT 0 in 0.026 seconds
[0m14:06:45.376305 [debug] [ThreadPool]: On list_warehouse_mart_mart: ROLLBACK
[0m14:06:45.382062 [debug] [ThreadPool]: On list_warehouse_mart_mart: Close
[0m14:06:45.387621 [debug] [MainThread]: Using postgres connection "master"
[0m14:06:45.388612 [debug] [MainThread]: On master: BEGIN
[0m14:06:45.389339 [debug] [MainThread]: Opening a new connection, currently in state init
[0m14:06:45.534949 [debug] [MainThread]: SQL status: BEGIN in 0.145 seconds
[0m14:06:45.536047 [debug] [MainThread]: Using postgres connection "master"
[0m14:06:45.536961 [debug] [MainThread]: On master: /* {"app": "dbt", "dbt_version": "1.8.2", "profile_name": "api_dwh", "target_name": "dev", "connection_name": "master"} */
with relation as (
        select
            pg_rewrite.ev_class as class,
            pg_rewrite.oid as id
        from pg_rewrite
    ),
    class as (
        select
            oid as id,
            relname as name,
            relnamespace as schema,
            relkind as kind
        from pg_class
    ),
    dependency as (
        select distinct
            pg_depend.objid as id,
            pg_depend.refobjid as ref
        from pg_depend
    ),
    schema as (
        select
            pg_namespace.oid as id,
            pg_namespace.nspname as name
        from pg_namespace
        where nspname != 'information_schema' and nspname not like 'pg\_%'
    ),
    referenced as (
        select
            relation.id AS id,
            referenced_class.name ,
            referenced_class.schema ,
            referenced_class.kind
        from relation
        join class as referenced_class on relation.class=referenced_class.id
        where referenced_class.kind in ('r', 'v', 'm')
    ),
    relationships as (
        select
            referenced.name as referenced_name,
            referenced.schema as referenced_schema_id,
            dependent_class.name as dependent_name,
            dependent_class.schema as dependent_schema_id,
            referenced.kind as kind
        from referenced
        join dependency on referenced.id=dependency.id
        join class as dependent_class on dependency.ref=dependent_class.id
        where
            (referenced.name != dependent_class.name or
             referenced.schema != dependent_class.schema)
    )

    select
        referenced_schema.name as referenced_schema,
        relationships.referenced_name as referenced_name,
        dependent_schema.name as dependent_schema,
        relationships.dependent_name as dependent_name
    from relationships
    join schema as dependent_schema on relationships.dependent_schema_id=dependent_schema.id
    join schema as referenced_schema on relationships.referenced_schema_id=referenced_schema.id
    group by referenced_schema, referenced_name, dependent_schema, dependent_name
    order by referenced_schema, referenced_name, dependent_schema, dependent_name;
[0m14:06:45.589219 [debug] [MainThread]: SQL status: SELECT 0 in 0.051 seconds
[0m14:06:45.590954 [debug] [MainThread]: Sending event: {'category': 'dbt', 'action': 'runnable_timing', 'label': '05282d26-f3ec-4e93-b5a6-81e3252bc28c', 'context': [<snowplow_tracker.self_describing_json.SelfDescribingJson object at 0x7720cd37bf10>]}
[0m14:06:45.591925 [debug] [MainThread]: On master: ROLLBACK
[0m14:06:45.599665 [debug] [MainThread]: Using postgres connection "master"
[0m14:06:45.601140 [debug] [MainThread]: On master: BEGIN
[0m14:06:45.665752 [debug] [MainThread]: SQL status: BEGIN in 0.063 seconds
[0m14:06:45.667281 [debug] [MainThread]: On master: COMMIT
[0m14:06:45.668942 [debug] [MainThread]: Using postgres connection "master"
[0m14:06:45.670489 [debug] [MainThread]: On master: COMMIT
[0m14:06:45.677250 [debug] [MainThread]: SQL status: COMMIT in 0.005 seconds
[0m14:06:45.680134 [debug] [MainThread]: On master: Close
[0m14:06:45.681853 [info ] [MainThread]: Concurrency: 1 threads (target='dev')
[0m14:06:45.683283 [info ] [MainThread]: 
[0m14:06:45.688165 [debug] [Thread-1 (]: Began running node model.api_dwh.stg_customers
[0m14:06:45.689498 [info ] [Thread-1 (]: 1 of 1 START sql view model mart_staging.stg_customers ......................... [RUN]
[0m14:06:45.690767 [debug] [Thread-1 (]: Re-using an available connection from the pool (formerly list_warehouse_mart_mart, now model.api_dwh.stg_customers)
[0m14:06:45.692032 [debug] [Thread-1 (]: Began compiling node model.api_dwh.stg_customers
[0m14:06:45.706152 [debug] [Thread-1 (]: Writing injected SQL for node "model.api_dwh.stg_customers"
[0m14:06:45.722415 [debug] [Thread-1 (]: Began executing node model.api_dwh.stg_customers
[0m14:06:45.800312 [debug] [Thread-1 (]: Writing runtime sql for node "model.api_dwh.stg_customers"
[0m14:06:45.838914 [debug] [Thread-1 (]: Using postgres connection "model.api_dwh.stg_customers"
[0m14:06:45.840289 [debug] [Thread-1 (]: On model.api_dwh.stg_customers: BEGIN
[0m14:06:45.841452 [debug] [Thread-1 (]: Opening a new connection, currently in state closed
[0m14:06:45.982115 [debug] [Thread-1 (]: SQL status: BEGIN in 0.140 seconds
[0m14:06:45.984866 [debug] [Thread-1 (]: Using postgres connection "model.api_dwh.stg_customers"
[0m14:06:45.986350 [debug] [Thread-1 (]: On model.api_dwh.stg_customers: /* {"app": "dbt", "dbt_version": "1.8.2", "profile_name": "api_dwh", "target_name": "dev", "node_id": "model.api_dwh.stg_customers"} */

  create view "warehouse"."mart_staging"."stg_customers__dbt_tmp"
    
    
  as (
    SELECT customer_id,
    TRIM(full_name) AS full_name,
    LOWER(email) AS email,
    phone,
    created_at,
    updated_at,
    is_deleted
FROM master.public.ods_customers
WHERE is_deleted = FALSE
  );
[0m14:06:46.047533 [debug] [Thread-1 (]: Postgres adapter: Postgres error: cross-database references are not implemented: "master.public.ods_customers"
LINE 14: FROM master.public.ods_customers
              ^

[0m14:06:46.049302 [debug] [Thread-1 (]: On model.api_dwh.stg_customers: ROLLBACK
[0m14:06:46.057129 [debug] [Thread-1 (]: On model.api_dwh.stg_customers: Close
[0m14:06:46.065673 [debug] [Thread-1 (]: Database Error in model stg_customers (models/staging/stg_customers.sql)
  cross-database references are not implemented: "master.public.ods_customers"
  LINE 14: FROM master.public.ods_customers
                ^
  compiled code at target/run/api_dwh/models/staging/stg_customers.sql
[0m14:06:46.067988 [debug] [Thread-1 (]: Sending event: {'category': 'dbt', 'action': 'run_model', 'label': '05282d26-f3ec-4e93-b5a6-81e3252bc28c', 'context': [<snowplow_tracker.self_describing_json.SelfDescribingJson object at 0x7720cc718910>]}
[0m14:06:46.069277 [error] [Thread-1 (]: 1 of 1 ERROR creating sql view model mart_staging.stg_customers ................ [[31mERROR[0m in 0.38s]
[0m14:06:46.071124 [debug] [Thread-1 (]: Finished running node model.api_dwh.stg_customers
[0m14:06:46.074460 [debug] [MainThread]: Using postgres connection "master"
[0m14:06:46.075937 [debug] [MainThread]: On master: BEGIN
[0m14:06:46.079058 [debug] [MainThread]: Opening a new connection, currently in state closed
[0m14:06:46.217112 [debug] [MainThread]: SQL status: BEGIN in 0.138 seconds
[0m14:06:46.221292 [debug] [MainThread]: On master: COMMIT
[0m14:06:46.225333 [debug] [MainThread]: Using postgres connection "master"
[0m14:06:46.230168 [debug] [MainThread]: On master: COMMIT
[0m14:06:46.242597 [debug] [MainThread]: SQL status: COMMIT in 0.008 seconds
[0m14:06:46.248475 [debug] [MainThread]: On master: Close
[0m14:06:46.253169 [debug] [MainThread]: Connection 'master' was properly closed.
[0m14:06:46.257764 [debug] [MainThread]: Connection 'model.api_dwh.stg_customers' was properly closed.
[0m14:06:46.263151 [info ] [MainThread]: 
[0m14:06:46.267797 [info ] [MainThread]: Finished running 1 view model in 0 hours 0 minutes and 1.66 seconds (1.66s).
[0m14:06:46.273274 [debug] [MainThread]: Command end result
[0m14:06:46.329012 [info ] [MainThread]: 
[0m14:06:46.330199 [info ] [MainThread]: [31mCompleted with 1 error and 0 warnings:[0m
[0m14:06:46.331291 [info ] [MainThread]: 
[0m14:06:46.332446 [error] [MainThread]:   Database Error in model stg_customers (models/staging/stg_customers.sql)
  cross-database references are not implemented: "master.public.ods_customers"
  LINE 14: FROM master.public.ods_customers
                ^
  compiled code at target/run/api_dwh/models/staging/stg_customers.sql
[0m14:06:46.333639 [info ] [MainThread]: 
[0m14:06:46.334734 [info ] [MainThread]: Done. PASS=0 WARN=0 ERROR=1 SKIP=0 TOTAL=1
[0m14:06:46.336587 [debug] [MainThread]: Resource report: {"command_name": "run", "command_wall_clock_time": 3.5684812, "process_user_time": 3.045328, "process_kernel_time": 0.740211, "process_mem_max_rss": "124324", "command_success": false, "process_in_blocks": "0", "process_out_blocks": "0"}
[0m14:06:46.337624 [debug] [MainThread]: Command `dbt run` failed at 14:06:46.337482 after 3.57 seconds
[0m14:06:46.338365 [debug] [MainThread]: Sending event: {'category': 'dbt', 'action': 'invocation', 'label': 'end', 'context': [<snowplow_tracker.self_describing_json.SelfDescribingJson object at 0x7720d0edcc10>, <snowplow_tracker.self_describing_json.SelfDescribingJson object at 0x7720d3397e10>, <snowplow_tracker.self_describing_json.SelfDescribingJson object at 0x7720d54fe710>]}
[0m14:06:46.339102 [debug] [MainThread]: Flushing usage events
[0m14:14:32.032184 [debug] [MainThread]: Sending event: {'category': 'dbt', 'action': 'invocation', 'label': 'start', 'context': [<snowplow_tracker.self_describing_json.SelfDescribingJson object at 0x7fdd7b19f850>, <snowplow_tracker.self_describing_json.SelfDescribingJson object at 0x7fdd7b19bbd0>, <snowplow_tracker.self_describing_json.SelfDescribingJson object at 0x7fdd7b19d990>]}


============================== 14:14:32.035328 | d1a7dbcf-bace-41e0-ac19-ecdc1d7e6bb4 ==============================
[0m14:14:32.035328 [info ] [MainThread]: Running with dbt=1.8.2
[0m14:14:32.036314 [debug] [MainThread]: running dbt with arguments {'printer_width': '80', 'indirect_selection': 'eager', 'log_cache_events': 'False', 'write_json': 'True', 'partial_parse': 'True', 'cache_selected_only': 'False', 'warn_error': 'None', 'debug': 'False', 'fail_fast': 'False', 'log_path': '/usr/app/logs', 'profiles_dir': '/usr/app', 'version_check': 'True', 'use_colors': 'True', 'use_experimental_parser': 'False', 'no_print': 'None', 'quiet': 'False', 'warn_error_options': 'WarnErrorOptions(include=[], exclude=[])', 'static_parser': 'True', 'log_format': 'default', 'invocation_command': 'dbt run --select dim_customers', 'target_path': 'None', 'introspect': 'True', 'send_anonymous_usage_stats': 'True'}
[0m14:14:32.186051 [debug] [MainThread]: Sending event: {'category': 'dbt', 'action': 'project_id', 'label': 'd1a7dbcf-bace-41e0-ac19-ecdc1d7e6bb4', 'context': [<snowplow_tracker.self_describing_json.SelfDescribingJson object at 0x7fdd7a556590>]}
[0m14:14:32.238104 [debug] [MainThread]: Sending event: {'category': 'dbt', 'action': 'adapter_info', 'label': 'd1a7dbcf-bace-41e0-ac19-ecdc1d7e6bb4', 'context': [<snowplow_tracker.self_describing_json.SelfDescribingJson object at 0x7fdd7d5d8c10>]}
[0m14:14:32.239560 [info ] [MainThread]: Registered adapter: postgres=1.8.2
[0m14:14:32.305316 [debug] [MainThread]: checksum: f0a141b9de567cb7f131613ba2682f40b3a1c6a157f81c6e5435862eff68f109, vars: {}, profile: , target: , version: 1.8.2
[0m14:14:32.520308 [info ] [MainThread]: Unable to do partial parsing because a project config has changed
[0m14:14:32.522272 [debug] [MainThread]: Sending event: {'category': 'dbt', 'action': 'partial_parser', 'label': 'd1a7dbcf-bace-41e0-ac19-ecdc1d7e6bb4', 'context': [<snowplow_tracker.self_describing_json.SelfDescribingJson object at 0x7fdd7c68f4d0>]}
[0m14:14:33.496891 [warn ] [MainThread]: [[33mWARNING[0m]: Deprecated functionality
The `tests` config has been renamed to `data_tests`. Please see
https://docs.getdbt.com/docs/build/data-tests#new-data_tests-syntax for more
information.
[0m14:14:33.498207 [debug] [MainThread]: Sending event: {'category': 'dbt', 'action': 'deprecation', 'label': 'd1a7dbcf-bace-41e0-ac19-ecdc1d7e6bb4', 'property_': 'warn', 'context': [<snowplow_tracker.self_describing_json.SelfDescribingJson object at 0x7fdd7a5735d0>]}
[0m14:14:33.746925 [debug] [MainThread]: Sending event: {'category': 'dbt', 'action': 'load_project', 'label': 'd1a7dbcf-bace-41e0-ac19-ecdc1d7e6bb4', 'context': [<snowplow_tracker.self_describing_json.SelfDescribingJson object at 0x7fdd791d6e10>]}
[0m14:14:33.846093 [debug] [MainThread]: Sending event: {'category': 'dbt', 'action': 'resource_counts', 'label': 'd1a7dbcf-bace-41e0-ac19-ecdc1d7e6bb4', 'context': [<snowplow_tracker.self_describing_json.SelfDescribingJson object at 0x7fdd78974290>]}
[0m14:14:33.847114 [info ] [MainThread]: Found 4 models, 6 data tests, 428 macros
[0m14:14:33.847999 [debug] [MainThread]: Sending event: {'category': 'dbt', 'action': 'runnable_timing', 'label': 'd1a7dbcf-bace-41e0-ac19-ecdc1d7e6bb4', 'context': [<snowplow_tracker.self_describing_json.SelfDescribingJson object at 0x7fdd78913250>]}
[0m14:14:33.850157 [info ] [MainThread]: 
[0m14:14:33.851214 [debug] [MainThread]: Acquiring new postgres connection 'master'
[0m14:14:33.852717 [debug] [ThreadPool]: Acquiring new postgres connection 'list_warehouse'
[0m14:14:33.888565 [debug] [ThreadPool]: Using postgres connection "list_warehouse"
[0m14:14:33.889703 [debug] [ThreadPool]: On list_warehouse: /* {"app": "dbt", "dbt_version": "1.8.2", "profile_name": "api_dwh", "target_name": "dev", "connection_name": "list_warehouse"} */

    select distinct nspname from pg_namespace
  
[0m14:14:33.890686 [debug] [ThreadPool]: Opening a new connection, currently in state init
[0m14:14:33.984547 [debug] [ThreadPool]: SQL status: SELECT 7 in 0.094 seconds
[0m14:14:33.986834 [debug] [ThreadPool]: On list_warehouse: Close
[0m14:14:33.993652 [debug] [ThreadPool]: Re-using an available connection from the pool (formerly list_warehouse, now list_warehouse_mart)
[0m14:14:34.000096 [debug] [ThreadPool]: Using postgres connection "list_warehouse_mart"
[0m14:14:34.000875 [debug] [ThreadPool]: On list_warehouse_mart: BEGIN
[0m14:14:34.001484 [debug] [ThreadPool]: Opening a new connection, currently in state closed
[0m14:14:34.144183 [debug] [ThreadPool]: SQL status: BEGIN in 0.143 seconds
[0m14:14:34.145890 [debug] [ThreadPool]: Using postgres connection "list_warehouse_mart"
[0m14:14:34.147267 [debug] [ThreadPool]: On list_warehouse_mart: /* {"app": "dbt", "dbt_version": "1.8.2", "profile_name": "api_dwh", "target_name": "dev", "connection_name": "list_warehouse_mart"} */
select
      'warehouse' as database,
      tablename as name,
      schemaname as schema,
      'table' as type
    from pg_tables
    where schemaname ilike 'mart'
    union all
    select
      'warehouse' as database,
      viewname as name,
      schemaname as schema,
      'view' as type
    from pg_views
    where schemaname ilike 'mart'
    union all
    select
      'warehouse' as database,
      matviewname as name,
      schemaname as schema,
      'materialized_view' as type
    from pg_matviews
    where schemaname ilike 'mart'
  
[0m14:14:34.185199 [debug] [ThreadPool]: SQL status: SELECT 4 in 0.037 seconds
[0m14:14:34.188496 [debug] [ThreadPool]: On list_warehouse_mart: ROLLBACK
[0m14:14:34.196116 [debug] [ThreadPool]: On list_warehouse_mart: Close
[0m14:14:34.202727 [debug] [MainThread]: Using postgres connection "master"
[0m14:14:34.203741 [debug] [MainThread]: On master: BEGIN
[0m14:14:34.204574 [debug] [MainThread]: Opening a new connection, currently in state init
[0m14:14:34.328871 [debug] [MainThread]: SQL status: BEGIN in 0.124 seconds
[0m14:14:34.331173 [debug] [MainThread]: Using postgres connection "master"
[0m14:14:34.333060 [debug] [MainThread]: On master: /* {"app": "dbt", "dbt_version": "1.8.2", "profile_name": "api_dwh", "target_name": "dev", "connection_name": "master"} */
with relation as (
        select
            pg_rewrite.ev_class as class,
            pg_rewrite.oid as id
        from pg_rewrite
    ),
    class as (
        select
            oid as id,
            relname as name,
            relnamespace as schema,
            relkind as kind
        from pg_class
    ),
    dependency as (
        select distinct
            pg_depend.objid as id,
            pg_depend.refobjid as ref
        from pg_depend
    ),
    schema as (
        select
            pg_namespace.oid as id,
            pg_namespace.nspname as name
        from pg_namespace
        where nspname != 'information_schema' and nspname not like 'pg\_%'
    ),
    referenced as (
        select
            relation.id AS id,
            referenced_class.name ,
            referenced_class.schema ,
            referenced_class.kind
        from relation
        join class as referenced_class on relation.class=referenced_class.id
        where referenced_class.kind in ('r', 'v', 'm')
    ),
    relationships as (
        select
            referenced.name as referenced_name,
            referenced.schema as referenced_schema_id,
            dependent_class.name as dependent_name,
            dependent_class.schema as dependent_schema_id,
            referenced.kind as kind
        from referenced
        join dependency on referenced.id=dependency.id
        join class as dependent_class on dependency.ref=dependent_class.id
        where
            (referenced.name != dependent_class.name or
             referenced.schema != dependent_class.schema)
    )

    select
        referenced_schema.name as referenced_schema,
        relationships.referenced_name as referenced_name,
        dependent_schema.name as dependent_schema,
        relationships.dependent_name as dependent_name
    from relationships
    join schema as dependent_schema on relationships.dependent_schema_id=dependent_schema.id
    join schema as referenced_schema on relationships.referenced_schema_id=referenced_schema.id
    group by referenced_schema, referenced_name, dependent_schema, dependent_name
    order by referenced_schema, referenced_name, dependent_schema, dependent_name;
[0m14:14:34.395859 [debug] [MainThread]: SQL status: SELECT 0 in 0.061 seconds
[0m14:14:34.399292 [debug] [MainThread]: Sending event: {'category': 'dbt', 'action': 'runnable_timing', 'label': 'd1a7dbcf-bace-41e0-ac19-ecdc1d7e6bb4', 'context': [<snowplow_tracker.self_describing_json.SelfDescribingJson object at 0x7fdd7be8ab90>]}
[0m14:14:34.401142 [debug] [MainThread]: On master: ROLLBACK
[0m14:14:34.409199 [debug] [MainThread]: Using postgres connection "master"
[0m14:14:34.411208 [debug] [MainThread]: On master: BEGIN
[0m14:14:34.467133 [debug] [MainThread]: SQL status: BEGIN in 0.055 seconds
[0m14:14:34.468859 [debug] [MainThread]: On master: COMMIT
[0m14:14:34.470367 [debug] [MainThread]: Using postgres connection "master"
[0m14:14:34.471577 [debug] [MainThread]: On master: COMMIT
[0m14:14:34.478103 [debug] [MainThread]: SQL status: COMMIT in 0.006 seconds
[0m14:14:34.479215 [debug] [MainThread]: On master: Close
[0m14:14:34.480273 [info ] [MainThread]: Concurrency: 1 threads (target='dev')
[0m14:14:34.481316 [info ] [MainThread]: 
[0m14:14:34.484698 [debug] [Thread-1 (]: Began running node model.api_dwh.dim_customers
[0m14:14:34.485754 [info ] [Thread-1 (]: 1 of 1 START sql table model mart.dim_customers ................................ [RUN]
[0m14:14:34.486816 [debug] [Thread-1 (]: Re-using an available connection from the pool (formerly list_warehouse_mart, now model.api_dwh.dim_customers)
[0m14:14:34.487708 [debug] [Thread-1 (]: Began compiling node model.api_dwh.dim_customers
[0m14:14:34.495021 [debug] [Thread-1 (]: Writing injected SQL for node "model.api_dwh.dim_customers"
[0m14:14:34.502950 [debug] [Thread-1 (]: Began executing node model.api_dwh.dim_customers
[0m14:14:34.547227 [debug] [Thread-1 (]: Writing runtime sql for node "model.api_dwh.dim_customers"
[0m14:14:34.556264 [debug] [Thread-1 (]: Using postgres connection "model.api_dwh.dim_customers"
[0m14:14:34.557737 [debug] [Thread-1 (]: On model.api_dwh.dim_customers: BEGIN
[0m14:14:34.559338 [debug] [Thread-1 (]: Opening a new connection, currently in state closed
[0m14:14:34.700380 [debug] [Thread-1 (]: SQL status: BEGIN in 0.141 seconds
[0m14:14:34.701504 [debug] [Thread-1 (]: Using postgres connection "model.api_dwh.dim_customers"
[0m14:14:34.702428 [debug] [Thread-1 (]: On model.api_dwh.dim_customers: /* {"app": "dbt", "dbt_version": "1.8.2", "profile_name": "api_dwh", "target_name": "dev", "node_id": "model.api_dwh.dim_customers"} */

  
    

  create  table "warehouse"."mart"."dim_customers__dbt_tmp"
  
  
    as
  
  (
    SELECT customer_id,
    TRIM(full_name) AS customer_name,
    LOWER(email) AS email,
    phone,
    created_at,
    updated_at
FROM staging.ods_customers
WHERE is_deleted = FALSE
  );
  
[0m14:14:34.882286 [debug] [Thread-1 (]: SQL status: SELECT 103 in 0.179 seconds
[0m14:14:34.896623 [debug] [Thread-1 (]: Using postgres connection "model.api_dwh.dim_customers"
[0m14:14:34.898331 [debug] [Thread-1 (]: On model.api_dwh.dim_customers: /* {"app": "dbt", "dbt_version": "1.8.2", "profile_name": "api_dwh", "target_name": "dev", "node_id": "model.api_dwh.dim_customers"} */
alter table "warehouse"."mart"."dim_customers" rename to "dim_customers__dbt_backup"
[0m14:14:34.950193 [debug] [Thread-1 (]: SQL status: ALTER TABLE in 0.050 seconds
[0m14:14:34.954499 [debug] [Thread-1 (]: Using postgres connection "model.api_dwh.dim_customers"
[0m14:14:34.955623 [debug] [Thread-1 (]: On model.api_dwh.dim_customers: /* {"app": "dbt", "dbt_version": "1.8.2", "profile_name": "api_dwh", "target_name": "dev", "node_id": "model.api_dwh.dim_customers"} */
alter table "warehouse"."mart"."dim_customers__dbt_tmp" rename to "dim_customers"
[0m14:14:34.964015 [debug] [Thread-1 (]: SQL status: ALTER TABLE in 0.007 seconds
[0m14:14:34.986644 [debug] [Thread-1 (]: On model.api_dwh.dim_customers: COMMIT
[0m14:14:34.988108 [debug] [Thread-1 (]: Using postgres connection "model.api_dwh.dim_customers"
[0m14:14:34.989210 [debug] [Thread-1 (]: On model.api_dwh.dim_customers: COMMIT
[0m14:14:35.083033 [debug] [Thread-1 (]: SQL status: COMMIT in 0.092 seconds
[0m14:14:35.101793 [debug] [Thread-1 (]: Applying DROP to: "warehouse"."mart"."dim_customers__dbt_backup"
[0m14:14:35.114334 [debug] [Thread-1 (]: Using postgres connection "model.api_dwh.dim_customers"
[0m14:14:35.116084 [debug] [Thread-1 (]: On model.api_dwh.dim_customers: /* {"app": "dbt", "dbt_version": "1.8.2", "profile_name": "api_dwh", "target_name": "dev", "node_id": "model.api_dwh.dim_customers"} */
drop table if exists "warehouse"."mart"."dim_customers__dbt_backup" cascade
[0m14:14:35.401791 [debug] [Thread-1 (]: SQL status: DROP TABLE in 0.284 seconds
[0m14:14:35.414327 [debug] [Thread-1 (]: On model.api_dwh.dim_customers: Close
[0m14:14:35.419483 [debug] [Thread-1 (]: Sending event: {'category': 'dbt', 'action': 'run_model', 'label': 'd1a7dbcf-bace-41e0-ac19-ecdc1d7e6bb4', 'context': [<snowplow_tracker.self_describing_json.SelfDescribingJson object at 0x7fdd72aaeb90>]}
[0m14:14:35.421944 [info ] [Thread-1 (]: 1 of 1 OK created sql table model mart.dim_customers ........................... [[32mSELECT 103[0m in 0.93s]
[0m14:14:35.425473 [debug] [Thread-1 (]: Finished running node model.api_dwh.dim_customers
[0m14:14:35.429708 [debug] [MainThread]: Using postgres connection "master"
[0m14:14:35.430941 [debug] [MainThread]: On master: BEGIN
[0m14:14:35.431721 [debug] [MainThread]: Opening a new connection, currently in state closed
[0m14:14:35.577251 [debug] [MainThread]: SQL status: BEGIN in 0.145 seconds
[0m14:14:35.579218 [debug] [MainThread]: On master: COMMIT
[0m14:14:35.581855 [debug] [MainThread]: Using postgres connection "master"
[0m14:14:35.583590 [debug] [MainThread]: On master: COMMIT
[0m14:14:35.591422 [debug] [MainThread]: SQL status: COMMIT in 0.006 seconds
[0m14:14:35.593855 [debug] [MainThread]: On master: Close
[0m14:14:35.595783 [debug] [MainThread]: Connection 'master' was properly closed.
[0m14:14:35.597956 [debug] [MainThread]: Connection 'model.api_dwh.dim_customers' was properly closed.
[0m14:14:35.599535 [info ] [MainThread]: 
[0m14:14:35.602336 [info ] [MainThread]: Finished running 1 table model in 0 hours 0 minutes and 1.75 seconds (1.75s).
[0m14:14:35.609945 [debug] [MainThread]: Command end result
[0m14:14:35.720298 [info ] [MainThread]: 
[0m14:14:35.722636 [info ] [MainThread]: [32mCompleted successfully[0m
[0m14:14:35.730099 [info ] [MainThread]: 
[0m14:14:35.732161 [info ] [MainThread]: Done. PASS=1 WARN=0 ERROR=0 SKIP=0 TOTAL=1
[0m14:14:35.735198 [debug] [MainThread]: Resource report: {"command_name": "run", "command_success": true, "command_wall_clock_time": 3.7661405, "process_user_time": 3.188494, "process_kernel_time": 0.274664, "process_mem_max_rss": "123488", "process_in_blocks": "0", "process_out_blocks": "0"}
[0m14:14:35.737458 [debug] [MainThread]: Command `dbt run` succeeded at 14:14:35.737045 after 3.77 seconds
[0m14:14:35.744270 [debug] [MainThread]: Sending event: {'category': 'dbt', 'action': 'invocation', 'label': 'end', 'context': [<snowplow_tracker.self_describing_json.SelfDescribingJson object at 0x7fdd7b1ee8d0>, <snowplow_tracker.self_describing_json.SelfDescribingJson object at 0x7fdd7b1ee690>, <snowplow_tracker.self_describing_json.SelfDescribingJson object at 0x7fdd7f741550>]}
[0m14:14:35.746260 [debug] [MainThread]: Flushing usage events
[0m14:14:39.980500 [debug] [MainThread]: Sending event: {'category': 'dbt', 'action': 'invocation', 'label': 'start', 'context': [<snowplow_tracker.self_describing_json.SelfDescribingJson object at 0x7961e2803c90>, <snowplow_tracker.self_describing_json.SelfDescribingJson object at 0x7961e2a00490>, <snowplow_tracker.self_describing_json.SelfDescribingJson object at 0x7961e284d410>]}


============================== 14:14:39.983487 | 03d62a58-474e-4d2f-b177-914765b00bb0 ==============================
[0m14:14:39.983487 [info ] [MainThread]: Running with dbt=1.8.2
[0m14:14:39.984500 [debug] [MainThread]: running dbt with arguments {'printer_width': '80', 'indirect_selection': 'eager', 'log_cache_events': 'False', 'write_json': 'True', 'partial_parse': 'True', 'cache_selected_only': 'False', 'profiles_dir': '/usr/app', 'fail_fast': 'False', 'version_check': 'True', 'log_path': '/usr/app/logs', 'debug': 'False', 'warn_error': 'None', 'use_colors': 'True', 'use_experimental_parser': 'False', 'no_print': 'None', 'quiet': 'False', 'warn_error_options': 'WarnErrorOptions(include=[], exclude=[])', 'static_parser': 'True', 'invocation_command': 'dbt run --select fact_orders', 'log_format': 'default', 'target_path': 'None', 'introspect': 'True', 'send_anonymous_usage_stats': 'True'}
[0m14:14:40.122303 [debug] [MainThread]: Sending event: {'category': 'dbt', 'action': 'project_id', 'label': '03d62a58-474e-4d2f-b177-914765b00bb0', 'context': [<snowplow_tracker.self_describing_json.SelfDescribingJson object at 0x7961e1ef7f50>]}
[0m14:14:40.175583 [debug] [MainThread]: Sending event: {'category': 'dbt', 'action': 'adapter_info', 'label': '03d62a58-474e-4d2f-b177-914765b00bb0', 'context': [<snowplow_tracker.self_describing_json.SelfDescribingJson object at 0x7961e4c40950>]}
[0m14:14:40.177170 [info ] [MainThread]: Registered adapter: postgres=1.8.2
[0m14:14:40.243613 [debug] [MainThread]: checksum: f0a141b9de567cb7f131613ba2682f40b3a1c6a157f81c6e5435862eff68f109, vars: {}, profile: , target: , version: 1.8.2
[0m14:14:40.526015 [debug] [MainThread]: Partial parsing enabled: 0 files deleted, 0 files added, 0 files changed.
[0m14:14:40.526959 [debug] [MainThread]: Partial parsing enabled, no changes found, skipping parsing
[0m14:14:40.564372 [debug] [MainThread]: Sending event: {'category': 'dbt', 'action': 'load_project', 'label': '03d62a58-474e-4d2f-b177-914765b00bb0', 'context': [<snowplow_tracker.self_describing_json.SelfDescribingJson object at 0x7961e1ef3390>]}
[0m14:14:40.667324 [debug] [MainThread]: Sending event: {'category': 'dbt', 'action': 'resource_counts', 'label': '03d62a58-474e-4d2f-b177-914765b00bb0', 'context': [<snowplow_tracker.self_describing_json.SelfDescribingJson object at 0x7961e2800190>]}
[0m14:14:40.668485 [info ] [MainThread]: Found 4 models, 6 data tests, 428 macros
[0m14:14:40.669681 [debug] [MainThread]: Sending event: {'category': 'dbt', 'action': 'runnable_timing', 'label': '03d62a58-474e-4d2f-b177-914765b00bb0', 'context': [<snowplow_tracker.self_describing_json.SelfDescribingJson object at 0x7961e1b23b10>]}
[0m14:14:40.674071 [info ] [MainThread]: 
[0m14:14:40.676799 [debug] [MainThread]: Acquiring new postgres connection 'master'
[0m14:14:40.678354 [debug] [ThreadPool]: Acquiring new postgres connection 'list_warehouse'
[0m14:14:40.732487 [debug] [ThreadPool]: Using postgres connection "list_warehouse"
[0m14:14:40.733770 [debug] [ThreadPool]: On list_warehouse: /* {"app": "dbt", "dbt_version": "1.8.2", "profile_name": "api_dwh", "target_name": "dev", "connection_name": "list_warehouse"} */

    select distinct nspname from pg_namespace
  
[0m14:14:40.734882 [debug] [ThreadPool]: Opening a new connection, currently in state init
[0m14:14:40.830405 [debug] [ThreadPool]: SQL status: SELECT 7 in 0.095 seconds
[0m14:14:40.832497 [debug] [ThreadPool]: On list_warehouse: Close
[0m14:14:40.840117 [debug] [ThreadPool]: Re-using an available connection from the pool (formerly list_warehouse, now list_warehouse_mart)
[0m14:14:40.848832 [debug] [ThreadPool]: Using postgres connection "list_warehouse_mart"
[0m14:14:40.850128 [debug] [ThreadPool]: On list_warehouse_mart: BEGIN
[0m14:14:40.852143 [debug] [ThreadPool]: Opening a new connection, currently in state closed
[0m14:14:40.987895 [debug] [ThreadPool]: SQL status: BEGIN in 0.136 seconds
[0m14:14:40.989869 [debug] [ThreadPool]: Using postgres connection "list_warehouse_mart"
[0m14:14:40.991404 [debug] [ThreadPool]: On list_warehouse_mart: /* {"app": "dbt", "dbt_version": "1.8.2", "profile_name": "api_dwh", "target_name": "dev", "connection_name": "list_warehouse_mart"} */
select
      'warehouse' as database,
      tablename as name,
      schemaname as schema,
      'table' as type
    from pg_tables
    where schemaname ilike 'mart'
    union all
    select
      'warehouse' as database,
      viewname as name,
      schemaname as schema,
      'view' as type
    from pg_views
    where schemaname ilike 'mart'
    union all
    select
      'warehouse' as database,
      matviewname as name,
      schemaname as schema,
      'materialized_view' as type
    from pg_matviews
    where schemaname ilike 'mart'
  
[0m14:14:41.027517 [debug] [ThreadPool]: SQL status: SELECT 4 in 0.035 seconds
[0m14:14:41.031508 [debug] [ThreadPool]: On list_warehouse_mart: ROLLBACK
[0m14:14:41.039603 [debug] [ThreadPool]: On list_warehouse_mart: Close
[0m14:14:41.045798 [debug] [MainThread]: Using postgres connection "master"
[0m14:14:41.046745 [debug] [MainThread]: On master: BEGIN
[0m14:14:41.047668 [debug] [MainThread]: Opening a new connection, currently in state init
[0m14:14:41.185826 [debug] [MainThread]: SQL status: BEGIN in 0.138 seconds
[0m14:14:41.187986 [debug] [MainThread]: Using postgres connection "master"
[0m14:14:41.189748 [debug] [MainThread]: On master: /* {"app": "dbt", "dbt_version": "1.8.2", "profile_name": "api_dwh", "target_name": "dev", "connection_name": "master"} */
with relation as (
        select
            pg_rewrite.ev_class as class,
            pg_rewrite.oid as id
        from pg_rewrite
    ),
    class as (
        select
            oid as id,
            relname as name,
            relnamespace as schema,
            relkind as kind
        from pg_class
    ),
    dependency as (
        select distinct
            pg_depend.objid as id,
            pg_depend.refobjid as ref
        from pg_depend
    ),
    schema as (
        select
            pg_namespace.oid as id,
            pg_namespace.nspname as name
        from pg_namespace
        where nspname != 'information_schema' and nspname not like 'pg\_%'
    ),
    referenced as (
        select
            relation.id AS id,
            referenced_class.name ,
            referenced_class.schema ,
            referenced_class.kind
        from relation
        join class as referenced_class on relation.class=referenced_class.id
        where referenced_class.kind in ('r', 'v', 'm')
    ),
    relationships as (
        select
            referenced.name as referenced_name,
            referenced.schema as referenced_schema_id,
            dependent_class.name as dependent_name,
            dependent_class.schema as dependent_schema_id,
            referenced.kind as kind
        from referenced
        join dependency on referenced.id=dependency.id
        join class as dependent_class on dependency.ref=dependent_class.id
        where
            (referenced.name != dependent_class.name or
             referenced.schema != dependent_class.schema)
    )

    select
        referenced_schema.name as referenced_schema,
        relationships.referenced_name as referenced_name,
        dependent_schema.name as dependent_schema,
        relationships.dependent_name as dependent_name
    from relationships
    join schema as dependent_schema on relationships.dependent_schema_id=dependent_schema.id
    join schema as referenced_schema on relationships.referenced_schema_id=referenced_schema.id
    group by referenced_schema, referenced_name, dependent_schema, dependent_name
    order by referenced_schema, referenced_name, dependent_schema, dependent_name;
[0m14:14:41.242289 [debug] [MainThread]: SQL status: SELECT 0 in 0.051 seconds
[0m14:14:41.245025 [debug] [MainThread]: Sending event: {'category': 'dbt', 'action': 'runnable_timing', 'label': '03d62a58-474e-4d2f-b177-914765b00bb0', 'context': [<snowplow_tracker.self_describing_json.SelfDescribingJson object at 0x7961e34e7110>]}
[0m14:14:41.246641 [debug] [MainThread]: On master: ROLLBACK
[0m14:14:41.253094 [debug] [MainThread]: Using postgres connection "master"
[0m14:14:41.254204 [debug] [MainThread]: On master: BEGIN
[0m14:14:41.320172 [debug] [MainThread]: SQL status: BEGIN in 0.065 seconds
[0m14:14:41.322404 [debug] [MainThread]: On master: COMMIT
[0m14:14:41.324016 [debug] [MainThread]: Using postgres connection "master"
[0m14:14:41.325098 [debug] [MainThread]: On master: COMMIT
[0m14:14:41.331275 [debug] [MainThread]: SQL status: COMMIT in 0.005 seconds
[0m14:14:41.332384 [debug] [MainThread]: On master: Close
[0m14:14:41.333607 [info ] [MainThread]: Concurrency: 1 threads (target='dev')
[0m14:14:41.334739 [info ] [MainThread]: 
[0m14:14:41.339096 [debug] [Thread-1 (]: Began running node model.api_dwh.fact_orders
[0m14:14:41.340211 [info ] [Thread-1 (]: 1 of 1 START sql table model mart.fact_orders .................................. [RUN]
[0m14:14:41.341205 [debug] [Thread-1 (]: Re-using an available connection from the pool (formerly list_warehouse_mart, now model.api_dwh.fact_orders)
[0m14:14:41.342066 [debug] [Thread-1 (]: Began compiling node model.api_dwh.fact_orders
[0m14:14:41.349044 [debug] [Thread-1 (]: Writing injected SQL for node "model.api_dwh.fact_orders"
[0m14:14:41.356669 [debug] [Thread-1 (]: Began executing node model.api_dwh.fact_orders
[0m14:14:41.390389 [debug] [Thread-1 (]: Writing runtime sql for node "model.api_dwh.fact_orders"
[0m14:14:41.397279 [debug] [Thread-1 (]: Using postgres connection "model.api_dwh.fact_orders"
[0m14:14:41.398023 [debug] [Thread-1 (]: On model.api_dwh.fact_orders: BEGIN
[0m14:14:41.398686 [debug] [Thread-1 (]: Opening a new connection, currently in state closed
[0m14:14:41.538386 [debug] [Thread-1 (]: SQL status: BEGIN in 0.140 seconds
[0m14:14:41.540170 [debug] [Thread-1 (]: Using postgres connection "model.api_dwh.fact_orders"
[0m14:14:41.541527 [debug] [Thread-1 (]: On model.api_dwh.fact_orders: /* {"app": "dbt", "dbt_version": "1.8.2", "profile_name": "api_dwh", "target_name": "dev", "node_id": "model.api_dwh.fact_orders"} */

  
    

  create  table "warehouse"."mart"."fact_orders__dbt_tmp"
  
  
    as
  
  (
    SELECT o.order_id,
    o.customer_id,
    TRIM(c.full_name) AS customer_name,
    LOWER(c.email) AS customer_email,
    o.product_name,
    o.qty,
    o.price,
    (o.qty * o.price) AS total_amount,
    o.order_date,
    DATE(o.order_date) AS order_day,
    EXTRACT(
        YEAR
        FROM o.order_date
    ) AS order_year,
    EXTRACT(
        MONTH
        FROM o.order_date
    ) AS order_month
FROM staging.ods_orders o
    LEFT JOIN staging.ods_customers c ON o.customer_id::VARCHAR = c.customer_id
WHERE c.is_deleted = FALSE
  );
  
[0m14:14:41.687010 [debug] [Thread-1 (]: SQL status: SELECT 280 in 0.144 seconds
[0m14:14:41.694027 [debug] [Thread-1 (]: Using postgres connection "model.api_dwh.fact_orders"
[0m14:14:41.694925 [debug] [Thread-1 (]: On model.api_dwh.fact_orders: /* {"app": "dbt", "dbt_version": "1.8.2", "profile_name": "api_dwh", "target_name": "dev", "node_id": "model.api_dwh.fact_orders"} */
alter table "warehouse"."mart"."fact_orders" rename to "fact_orders__dbt_backup"
[0m14:14:41.766709 [debug] [Thread-1 (]: SQL status: ALTER TABLE in 0.071 seconds
[0m14:14:41.773728 [debug] [Thread-1 (]: Using postgres connection "model.api_dwh.fact_orders"
[0m14:14:41.775609 [debug] [Thread-1 (]: On model.api_dwh.fact_orders: /* {"app": "dbt", "dbt_version": "1.8.2", "profile_name": "api_dwh", "target_name": "dev", "node_id": "model.api_dwh.fact_orders"} */
alter table "warehouse"."mart"."fact_orders__dbt_tmp" rename to "fact_orders"
[0m14:14:41.782327 [debug] [Thread-1 (]: SQL status: ALTER TABLE in 0.005 seconds
[0m14:14:41.803337 [debug] [Thread-1 (]: On model.api_dwh.fact_orders: COMMIT
[0m14:14:41.804662 [debug] [Thread-1 (]: Using postgres connection "model.api_dwh.fact_orders"
[0m14:14:41.805770 [debug] [Thread-1 (]: On model.api_dwh.fact_orders: COMMIT
[0m14:14:41.906004 [debug] [Thread-1 (]: SQL status: COMMIT in 0.099 seconds
[0m14:14:41.915993 [debug] [Thread-1 (]: Applying DROP to: "warehouse"."mart"."fact_orders__dbt_backup"
[0m14:14:41.925121 [debug] [Thread-1 (]: Using postgres connection "model.api_dwh.fact_orders"
[0m14:14:41.926704 [debug] [Thread-1 (]: On model.api_dwh.fact_orders: /* {"app": "dbt", "dbt_version": "1.8.2", "profile_name": "api_dwh", "target_name": "dev", "node_id": "model.api_dwh.fact_orders"} */
drop table if exists "warehouse"."mart"."fact_orders__dbt_backup" cascade
[0m14:14:42.216271 [debug] [Thread-1 (]: SQL status: DROP TABLE in 0.288 seconds
[0m14:14:42.220033 [debug] [Thread-1 (]: On model.api_dwh.fact_orders: Close
[0m14:14:42.222608 [debug] [Thread-1 (]: Sending event: {'category': 'dbt', 'action': 'run_model', 'label': '03d62a58-474e-4d2f-b177-914765b00bb0', 'context': [<snowplow_tracker.self_describing_json.SelfDescribingJson object at 0x7961df3a8410>]}
[0m14:14:42.224145 [info ] [Thread-1 (]: 1 of 1 OK created sql table model mart.fact_orders ............................. [[32mSELECT 280[0m in 0.88s]
[0m14:14:42.227026 [debug] [Thread-1 (]: Finished running node model.api_dwh.fact_orders
[0m14:14:42.231618 [debug] [MainThread]: Using postgres connection "master"
[0m14:14:42.232517 [debug] [MainThread]: On master: BEGIN
[0m14:14:42.233316 [debug] [MainThread]: Opening a new connection, currently in state closed
[0m14:14:42.387890 [debug] [MainThread]: SQL status: BEGIN in 0.155 seconds
[0m14:14:42.389319 [debug] [MainThread]: On master: COMMIT
[0m14:14:42.390539 [debug] [MainThread]: Using postgres connection "master"
[0m14:14:42.391838 [debug] [MainThread]: On master: COMMIT
[0m14:14:42.398575 [debug] [MainThread]: SQL status: COMMIT in 0.005 seconds
[0m14:14:42.399638 [debug] [MainThread]: On master: Close
[0m14:14:42.400612 [debug] [MainThread]: Connection 'master' was properly closed.
[0m14:14:42.401700 [debug] [MainThread]: Connection 'model.api_dwh.fact_orders' was properly closed.
[0m14:14:42.402658 [info ] [MainThread]: 
[0m14:14:42.403783 [info ] [MainThread]: Finished running 1 table model in 0 hours 0 minutes and 1.73 seconds (1.73s).
[0m14:14:42.405286 [debug] [MainThread]: Command end result
[0m14:14:42.456680 [info ] [MainThread]: 
[0m14:14:42.457963 [info ] [MainThread]: [32mCompleted successfully[0m
[0m14:14:42.459850 [info ] [MainThread]: 
[0m14:14:42.461516 [info ] [MainThread]: Done. PASS=1 WARN=0 ERROR=0 SKIP=0 TOTAL=1
[0m14:14:42.463785 [debug] [MainThread]: Resource report: {"command_name": "run", "command_success": true, "command_wall_clock_time": 2.550585, "process_user_time": 2.052378, "process_kernel_time": 0.280598, "process_mem_max_rss": "119408", "process_in_blocks": "0", "process_out_blocks": "0"}
[0m14:14:42.464967 [debug] [MainThread]: Command `dbt run` succeeded at 14:14:42.464831 after 2.55 seconds
[0m14:14:42.465924 [debug] [MainThread]: Sending event: {'category': 'dbt', 'action': 'invocation', 'label': 'end', 'context': [<snowplow_tracker.self_describing_json.SelfDescribingJson object at 0x7961e2956790>, <snowplow_tracker.self_describing_json.SelfDescribingJson object at 0x7961e2bf7190>, <snowplow_tracker.self_describing_json.SelfDescribingJson object at 0x7961e6e6b910>]}
[0m14:14:42.467120 [debug] [MainThread]: Flushing usage events
[0m14:14:46.878929 [debug] [MainThread]: Sending event: {'category': 'dbt', 'action': 'invocation', 'label': 'start', 'context': [<snowplow_tracker.self_describing_json.SelfDescribingJson object at 0x78086cfd3b90>, <snowplow_tracker.self_describing_json.SelfDescribingJson object at 0x78086e696f10>, <snowplow_tracker.self_describing_json.SelfDescribingJson object at 0x78086d3b57d0>]}


============================== 14:14:46.881969 | 2bd4f0d1-666d-41d5-818d-dcd00567c09a ==============================
[0m14:14:46.881969 [info ] [MainThread]: Running with dbt=1.8.2
[0m14:14:46.882990 [debug] [MainThread]: running dbt with arguments {'printer_width': '80', 'indirect_selection': 'eager', 'log_cache_events': 'False', 'write_json': 'True', 'partial_parse': 'True', 'cache_selected_only': 'False', 'profiles_dir': '/usr/app', 'version_check': 'True', 'debug': 'False', 'log_path': '/usr/app/logs', 'fail_fast': 'False', 'warn_error': 'None', 'use_colors': 'True', 'use_experimental_parser': 'False', 'no_print': 'None', 'quiet': 'False', 'log_format': 'default', 'static_parser': 'True', 'warn_error_options': 'WarnErrorOptions(include=[], exclude=[])', 'invocation_command': 'dbt run --select fact_payments', 'target_path': 'None', 'introspect': 'True', 'send_anonymous_usage_stats': 'True'}
[0m14:14:47.052535 [debug] [MainThread]: Sending event: {'category': 'dbt', 'action': 'project_id', 'label': '2bd4f0d1-666d-41d5-818d-dcd00567c09a', 'context': [<snowplow_tracker.self_describing_json.SelfDescribingJson object at 0x78086d32d350>]}
[0m14:14:47.121018 [debug] [MainThread]: Sending event: {'category': 'dbt', 'action': 'adapter_info', 'label': '2bd4f0d1-666d-41d5-818d-dcd00567c09a', 'context': [<snowplow_tracker.self_describing_json.SelfDescribingJson object at 0x78086f4045d0>]}
[0m14:14:47.128143 [info ] [MainThread]: Registered adapter: postgres=1.8.2
[0m14:14:47.275376 [debug] [MainThread]: checksum: f0a141b9de567cb7f131613ba2682f40b3a1c6a157f81c6e5435862eff68f109, vars: {}, profile: , target: , version: 1.8.2
[0m14:14:47.586223 [debug] [MainThread]: Partial parsing enabled: 0 files deleted, 0 files added, 0 files changed.
[0m14:14:47.587168 [debug] [MainThread]: Partial parsing enabled, no changes found, skipping parsing
[0m14:14:47.621859 [debug] [MainThread]: Sending event: {'category': 'dbt', 'action': 'load_project', 'label': '2bd4f0d1-666d-41d5-818d-dcd00567c09a', 'context': [<snowplow_tracker.self_describing_json.SelfDescribingJson object at 0x78086bf2f850>]}
[0m14:14:47.721824 [debug] [MainThread]: Sending event: {'category': 'dbt', 'action': 'resource_counts', 'label': '2bd4f0d1-666d-41d5-818d-dcd00567c09a', 'context': [<snowplow_tracker.self_describing_json.SelfDescribingJson object at 0x78086bf2cfd0>]}
[0m14:14:47.723316 [info ] [MainThread]: Found 4 models, 6 data tests, 428 macros
[0m14:14:47.725110 [debug] [MainThread]: Sending event: {'category': 'dbt', 'action': 'runnable_timing', 'label': '2bd4f0d1-666d-41d5-818d-dcd00567c09a', 'context': [<snowplow_tracker.self_describing_json.SelfDescribingJson object at 0x78086b79c110>]}
[0m14:14:47.728334 [info ] [MainThread]: 
[0m14:14:47.730161 [debug] [MainThread]: Acquiring new postgres connection 'master'
[0m14:14:47.732254 [debug] [ThreadPool]: Acquiring new postgres connection 'list_warehouse'
[0m14:14:47.777220 [debug] [ThreadPool]: Using postgres connection "list_warehouse"
[0m14:14:47.779764 [debug] [ThreadPool]: On list_warehouse: /* {"app": "dbt", "dbt_version": "1.8.2", "profile_name": "api_dwh", "target_name": "dev", "connection_name": "list_warehouse"} */

    select distinct nspname from pg_namespace
  
[0m14:14:47.781161 [debug] [ThreadPool]: Opening a new connection, currently in state init
[0m14:14:47.877814 [debug] [ThreadPool]: SQL status: SELECT 7 in 0.097 seconds
[0m14:14:47.880077 [debug] [ThreadPool]: On list_warehouse: Close
[0m14:14:47.885504 [debug] [ThreadPool]: Re-using an available connection from the pool (formerly list_warehouse, now list_warehouse_mart)
[0m14:14:47.892832 [debug] [ThreadPool]: Using postgres connection "list_warehouse_mart"
[0m14:14:47.894133 [debug] [ThreadPool]: On list_warehouse_mart: BEGIN
[0m14:14:47.895186 [debug] [ThreadPool]: Opening a new connection, currently in state closed
[0m14:14:48.018803 [debug] [ThreadPool]: SQL status: BEGIN in 0.124 seconds
[0m14:14:48.020221 [debug] [ThreadPool]: Using postgres connection "list_warehouse_mart"
[0m14:14:48.021214 [debug] [ThreadPool]: On list_warehouse_mart: /* {"app": "dbt", "dbt_version": "1.8.2", "profile_name": "api_dwh", "target_name": "dev", "connection_name": "list_warehouse_mart"} */
select
      'warehouse' as database,
      tablename as name,
      schemaname as schema,
      'table' as type
    from pg_tables
    where schemaname ilike 'mart'
    union all
    select
      'warehouse' as database,
      viewname as name,
      schemaname as schema,
      'view' as type
    from pg_views
    where schemaname ilike 'mart'
    union all
    select
      'warehouse' as database,
      matviewname as name,
      schemaname as schema,
      'materialized_view' as type
    from pg_matviews
    where schemaname ilike 'mart'
  
[0m14:14:48.041157 [debug] [ThreadPool]: SQL status: SELECT 4 in 0.019 seconds
[0m14:14:48.043591 [debug] [ThreadPool]: On list_warehouse_mart: ROLLBACK
[0m14:14:48.048939 [debug] [ThreadPool]: On list_warehouse_mart: Close
[0m14:14:48.055244 [debug] [MainThread]: Using postgres connection "master"
[0m14:14:48.056313 [debug] [MainThread]: On master: BEGIN
[0m14:14:48.057200 [debug] [MainThread]: Opening a new connection, currently in state init
[0m14:14:48.222436 [debug] [MainThread]: SQL status: BEGIN in 0.165 seconds
[0m14:14:48.227078 [debug] [MainThread]: Using postgres connection "master"
[0m14:14:48.231433 [debug] [MainThread]: On master: /* {"app": "dbt", "dbt_version": "1.8.2", "profile_name": "api_dwh", "target_name": "dev", "connection_name": "master"} */
with relation as (
        select
            pg_rewrite.ev_class as class,
            pg_rewrite.oid as id
        from pg_rewrite
    ),
    class as (
        select
            oid as id,
            relname as name,
            relnamespace as schema,
            relkind as kind
        from pg_class
    ),
    dependency as (
        select distinct
            pg_depend.objid as id,
            pg_depend.refobjid as ref
        from pg_depend
    ),
    schema as (
        select
            pg_namespace.oid as id,
            pg_namespace.nspname as name
        from pg_namespace
        where nspname != 'information_schema' and nspname not like 'pg\_%'
    ),
    referenced as (
        select
            relation.id AS id,
            referenced_class.name ,
            referenced_class.schema ,
            referenced_class.kind
        from relation
        join class as referenced_class on relation.class=referenced_class.id
        where referenced_class.kind in ('r', 'v', 'm')
    ),
    relationships as (
        select
            referenced.name as referenced_name,
            referenced.schema as referenced_schema_id,
            dependent_class.name as dependent_name,
            dependent_class.schema as dependent_schema_id,
            referenced.kind as kind
        from referenced
        join dependency on referenced.id=dependency.id
        join class as dependent_class on dependency.ref=dependent_class.id
        where
            (referenced.name != dependent_class.name or
             referenced.schema != dependent_class.schema)
    )

    select
        referenced_schema.name as referenced_schema,
        relationships.referenced_name as referenced_name,
        dependent_schema.name as dependent_schema,
        relationships.dependent_name as dependent_name
    from relationships
    join schema as dependent_schema on relationships.dependent_schema_id=dependent_schema.id
    join schema as referenced_schema on relationships.referenced_schema_id=referenced_schema.id
    group by referenced_schema, referenced_name, dependent_schema, dependent_name
    order by referenced_schema, referenced_name, dependent_schema, dependent_name;
[0m14:14:48.299636 [debug] [MainThread]: SQL status: SELECT 0 in 0.065 seconds
[0m14:14:48.303532 [debug] [MainThread]: Sending event: {'category': 'dbt', 'action': 'runnable_timing', 'label': '2bd4f0d1-666d-41d5-818d-dcd00567c09a', 'context': [<snowplow_tracker.self_describing_json.SelfDescribingJson object at 0x78086bf3e9d0>]}
[0m14:14:48.305073 [debug] [MainThread]: On master: ROLLBACK
[0m14:14:48.311657 [debug] [MainThread]: Using postgres connection "master"
[0m14:14:48.313937 [debug] [MainThread]: On master: BEGIN
[0m14:14:48.381054 [debug] [MainThread]: SQL status: BEGIN in 0.066 seconds
[0m14:14:48.382781 [debug] [MainThread]: On master: COMMIT
[0m14:14:48.384523 [debug] [MainThread]: Using postgres connection "master"
[0m14:14:48.386057 [debug] [MainThread]: On master: COMMIT
[0m14:14:48.393031 [debug] [MainThread]: SQL status: COMMIT in 0.004 seconds
[0m14:14:48.394269 [debug] [MainThread]: On master: Close
[0m14:14:48.396765 [info ] [MainThread]: Concurrency: 1 threads (target='dev')
[0m14:14:48.398140 [info ] [MainThread]: 
[0m14:14:48.403845 [debug] [Thread-1 (]: Began running node model.api_dwh.fact_payments
[0m14:14:48.405531 [info ] [Thread-1 (]: 1 of 1 START sql table model mart.fact_payments ................................ [RUN]
[0m14:14:48.406904 [debug] [Thread-1 (]: Re-using an available connection from the pool (formerly list_warehouse_mart, now model.api_dwh.fact_payments)
[0m14:14:48.407997 [debug] [Thread-1 (]: Began compiling node model.api_dwh.fact_payments
[0m14:14:48.418270 [debug] [Thread-1 (]: Writing injected SQL for node "model.api_dwh.fact_payments"
[0m14:14:48.429131 [debug] [Thread-1 (]: Began executing node model.api_dwh.fact_payments
[0m14:14:48.480139 [debug] [Thread-1 (]: Writing runtime sql for node "model.api_dwh.fact_payments"
[0m14:14:48.491821 [debug] [Thread-1 (]: Using postgres connection "model.api_dwh.fact_payments"
[0m14:14:48.492785 [debug] [Thread-1 (]: On model.api_dwh.fact_payments: BEGIN
[0m14:14:48.493694 [debug] [Thread-1 (]: Opening a new connection, currently in state closed
[0m14:14:48.645127 [debug] [Thread-1 (]: SQL status: BEGIN in 0.151 seconds
[0m14:14:48.646495 [debug] [Thread-1 (]: Using postgres connection "model.api_dwh.fact_payments"
[0m14:14:48.647608 [debug] [Thread-1 (]: On model.api_dwh.fact_payments: /* {"app": "dbt", "dbt_version": "1.8.2", "profile_name": "api_dwh", "target_name": "dev", "node_id": "model.api_dwh.fact_payments"} */

  
    

  create  table "warehouse"."mart"."fact_payments__dbt_tmp"
  
  
    as
  
  (
    SELECT p.payment_id,
    p.order_id,
    o.customer_id,
    TRIM(c.full_name) AS customer_name,
    p.payment_method,
    p.amount,
    p.payment_date,
    DATE(p.payment_date) AS payment_day
FROM staging.ods_payments p
    LEFT JOIN staging.ods_orders o ON p.order_id::VARCHAR = o.order_id
    LEFT JOIN staging.ods_customers c ON o.customer_id::VARCHAR = c.customer_id
WHERE c.is_deleted = FALSE
  );
  
[0m14:14:48.792406 [debug] [Thread-1 (]: SQL status: SELECT 280 in 0.144 seconds
[0m14:14:48.805263 [debug] [Thread-1 (]: Using postgres connection "model.api_dwh.fact_payments"
[0m14:14:48.807111 [debug] [Thread-1 (]: On model.api_dwh.fact_payments: /* {"app": "dbt", "dbt_version": "1.8.2", "profile_name": "api_dwh", "target_name": "dev", "node_id": "model.api_dwh.fact_payments"} */
alter table "warehouse"."mart"."fact_payments" rename to "fact_payments__dbt_backup"
[0m14:14:48.864642 [debug] [Thread-1 (]: SQL status: ALTER TABLE in 0.056 seconds
[0m14:14:48.869122 [debug] [Thread-1 (]: Using postgres connection "model.api_dwh.fact_payments"
[0m14:14:48.870187 [debug] [Thread-1 (]: On model.api_dwh.fact_payments: /* {"app": "dbt", "dbt_version": "1.8.2", "profile_name": "api_dwh", "target_name": "dev", "node_id": "model.api_dwh.fact_payments"} */
alter table "warehouse"."mart"."fact_payments__dbt_tmp" rename to "fact_payments"
[0m14:14:48.876734 [debug] [Thread-1 (]: SQL status: ALTER TABLE in 0.006 seconds
[0m14:14:48.900175 [debug] [Thread-1 (]: On model.api_dwh.fact_payments: COMMIT
[0m14:14:48.901401 [debug] [Thread-1 (]: Using postgres connection "model.api_dwh.fact_payments"
[0m14:14:48.902309 [debug] [Thread-1 (]: On model.api_dwh.fact_payments: COMMIT
[0m14:14:48.941422 [debug] [Thread-1 (]: SQL status: COMMIT in 0.038 seconds
[0m14:14:48.951179 [debug] [Thread-1 (]: Applying DROP to: "warehouse"."mart"."fact_payments__dbt_backup"
[0m14:14:48.957985 [debug] [Thread-1 (]: Using postgres connection "model.api_dwh.fact_payments"
[0m14:14:48.959324 [debug] [Thread-1 (]: On model.api_dwh.fact_payments: /* {"app": "dbt", "dbt_version": "1.8.2", "profile_name": "api_dwh", "target_name": "dev", "node_id": "model.api_dwh.fact_payments"} */
drop table if exists "warehouse"."mart"."fact_payments__dbt_backup" cascade
[0m14:14:49.190206 [debug] [Thread-1 (]: SQL status: DROP TABLE in 0.229 seconds
[0m14:14:49.198773 [debug] [Thread-1 (]: On model.api_dwh.fact_payments: Close
[0m14:14:49.203493 [debug] [Thread-1 (]: Sending event: {'category': 'dbt', 'action': 'run_model', 'label': '2bd4f0d1-666d-41d5-818d-dcd00567c09a', 'context': [<snowplow_tracker.self_describing_json.SelfDescribingJson object at 0x78086b73d710>]}
[0m14:14:49.206191 [info ] [Thread-1 (]: 1 of 1 OK created sql table model mart.fact_payments ........................... [[32mSELECT 280[0m in 0.79s]
[0m14:14:49.208683 [debug] [Thread-1 (]: Finished running node model.api_dwh.fact_payments
[0m14:14:49.211270 [debug] [MainThread]: Using postgres connection "master"
[0m14:14:49.212696 [debug] [MainThread]: On master: BEGIN
[0m14:14:49.213546 [debug] [MainThread]: Opening a new connection, currently in state closed
[0m14:14:49.347144 [debug] [MainThread]: SQL status: BEGIN in 0.133 seconds
[0m14:14:49.348712 [debug] [MainThread]: On master: COMMIT
[0m14:14:49.349758 [debug] [MainThread]: Using postgres connection "master"
[0m14:14:49.350753 [debug] [MainThread]: On master: COMMIT
[0m14:14:49.356835 [debug] [MainThread]: SQL status: COMMIT in 0.005 seconds
[0m14:14:49.357916 [debug] [MainThread]: On master: Close
[0m14:14:49.359467 [debug] [MainThread]: Connection 'master' was properly closed.
[0m14:14:49.361531 [debug] [MainThread]: Connection 'model.api_dwh.fact_payments' was properly closed.
[0m14:14:49.362728 [info ] [MainThread]: 
[0m14:14:49.363893 [info ] [MainThread]: Finished running 1 table model in 0 hours 0 minutes and 1.63 seconds (1.63s).
[0m14:14:49.365346 [debug] [MainThread]: Command end result
[0m14:14:49.408107 [info ] [MainThread]: 
[0m14:14:49.409403 [info ] [MainThread]: [32mCompleted successfully[0m
[0m14:14:49.411067 [info ] [MainThread]: 
[0m14:14:49.412777 [info ] [MainThread]: Done. PASS=1 WARN=0 ERROR=0 SKIP=0 TOTAL=1
[0m14:14:49.414484 [debug] [MainThread]: Resource report: {"command_name": "run", "command_success": true, "command_wall_clock_time": 2.5976932, "process_user_time": 1.990649, "process_kernel_time": 0.307498, "process_mem_max_rss": "119440", "process_in_blocks": "0", "process_out_blocks": "0"}
[0m14:14:49.415415 [debug] [MainThread]: Command `dbt run` succeeded at 14:14:49.415296 after 2.60 seconds
[0m14:14:49.416104 [debug] [MainThread]: Sending event: {'category': 'dbt', 'action': 'invocation', 'label': 'end', 'context': [<snowplow_tracker.self_describing_json.SelfDescribingJson object at 0x78086d026090>, <snowplow_tracker.self_describing_json.SelfDescribingJson object at 0x78086f1be950>, <snowplow_tracker.self_describing_json.SelfDescribingJson object at 0x7808718879d0>]}
[0m14:14:49.416793 [debug] [MainThread]: Flushing usage events
[0m14:14:53.642279 [debug] [MainThread]: Sending event: {'category': 'dbt', 'action': 'invocation', 'label': 'start', 'context': [<snowplow_tracker.self_describing_json.SelfDescribingJson object at 0x70aec53cbb50>, <snowplow_tracker.self_describing_json.SelfDescribingJson object at 0x70aec551df90>, <snowplow_tracker.self_describing_json.SelfDescribingJson object at 0x70aec5729310>]}


============================== 14:14:53.648068 | cf4b3618-1b5f-4495-ab85-041ad448b727 ==============================
[0m14:14:53.648068 [info ] [MainThread]: Running with dbt=1.8.2
[0m14:14:53.649976 [debug] [MainThread]: running dbt with arguments {'printer_width': '80', 'indirect_selection': 'eager', 'write_json': 'True', 'log_cache_events': 'False', 'partial_parse': 'True', 'cache_selected_only': 'False', 'warn_error': 'None', 'fail_fast': 'False', 'version_check': 'True', 'log_path': '/usr/app/logs', 'debug': 'False', 'profiles_dir': '/usr/app', 'use_colors': 'True', 'use_experimental_parser': 'False', 'no_print': 'None', 'quiet': 'False', 'log_format': 'default', 'introspect': 'True', 'static_parser': 'True', 'warn_error_options': 'WarnErrorOptions(include=[], exclude=[])', 'target_path': 'None', 'invocation_command': 'dbt run --select fact_sales_summary', 'send_anonymous_usage_stats': 'True'}
[0m14:14:53.835412 [debug] [MainThread]: Sending event: {'category': 'dbt', 'action': 'project_id', 'label': 'cf4b3618-1b5f-4495-ab85-041ad448b727', 'context': [<snowplow_tracker.self_describing_json.SelfDescribingJson object at 0x70aec53e8e90>]}
[0m14:14:53.900597 [debug] [MainThread]: Sending event: {'category': 'dbt', 'action': 'adapter_info', 'label': 'cf4b3618-1b5f-4495-ab85-041ad448b727', 'context': [<snowplow_tracker.self_describing_json.SelfDescribingJson object at 0x70aec53e8350>]}
[0m14:14:53.902409 [info ] [MainThread]: Registered adapter: postgres=1.8.2
[0m14:14:53.989900 [debug] [MainThread]: checksum: f0a141b9de567cb7f131613ba2682f40b3a1c6a157f81c6e5435862eff68f109, vars: {}, profile: , target: , version: 1.8.2
[0m14:14:54.454755 [debug] [MainThread]: Partial parsing enabled: 0 files deleted, 0 files added, 0 files changed.
[0m14:14:54.456055 [debug] [MainThread]: Partial parsing enabled, no changes found, skipping parsing
[0m14:14:54.505598 [debug] [MainThread]: Sending event: {'category': 'dbt', 'action': 'load_project', 'label': 'cf4b3618-1b5f-4495-ab85-041ad448b727', 'context': [<snowplow_tracker.self_describing_json.SelfDescribingJson object at 0x70aec3ffd910>]}
[0m14:14:54.648573 [debug] [MainThread]: Sending event: {'category': 'dbt', 'action': 'resource_counts', 'label': 'cf4b3618-1b5f-4495-ab85-041ad448b727', 'context': [<snowplow_tracker.self_describing_json.SelfDescribingJson object at 0x70aec473c490>]}
[0m14:14:54.650101 [info ] [MainThread]: Found 4 models, 6 data tests, 428 macros
[0m14:14:54.651296 [debug] [MainThread]: Sending event: {'category': 'dbt', 'action': 'runnable_timing', 'label': 'cf4b3618-1b5f-4495-ab85-041ad448b727', 'context': [<snowplow_tracker.self_describing_json.SelfDescribingJson object at 0x70aec3f82d50>]}
[0m14:14:54.654015 [info ] [MainThread]: 
[0m14:14:54.655583 [debug] [MainThread]: Acquiring new postgres connection 'master'
[0m14:14:54.658216 [debug] [ThreadPool]: Acquiring new postgres connection 'list_warehouse'
[0m14:14:54.737931 [debug] [ThreadPool]: Using postgres connection "list_warehouse"
[0m14:14:54.739586 [debug] [ThreadPool]: On list_warehouse: /* {"app": "dbt", "dbt_version": "1.8.2", "profile_name": "api_dwh", "target_name": "dev", "connection_name": "list_warehouse"} */

    select distinct nspname from pg_namespace
  
[0m14:14:54.741279 [debug] [ThreadPool]: Opening a new connection, currently in state init
[0m14:14:54.876659 [debug] [ThreadPool]: SQL status: SELECT 7 in 0.135 seconds
[0m14:14:54.880427 [debug] [ThreadPool]: On list_warehouse: Close
[0m14:14:54.888089 [debug] [ThreadPool]: Re-using an available connection from the pool (formerly list_warehouse, now list_warehouse_mart)
[0m14:14:54.898591 [debug] [ThreadPool]: Using postgres connection "list_warehouse_mart"
[0m14:14:54.900137 [debug] [ThreadPool]: On list_warehouse_mart: BEGIN
[0m14:14:54.901281 [debug] [ThreadPool]: Opening a new connection, currently in state closed
[0m14:14:55.074410 [debug] [ThreadPool]: SQL status: BEGIN in 0.173 seconds
[0m14:14:55.076803 [debug] [ThreadPool]: Using postgres connection "list_warehouse_mart"
[0m14:14:55.079138 [debug] [ThreadPool]: On list_warehouse_mart: /* {"app": "dbt", "dbt_version": "1.8.2", "profile_name": "api_dwh", "target_name": "dev", "connection_name": "list_warehouse_mart"} */
select
      'warehouse' as database,
      tablename as name,
      schemaname as schema,
      'table' as type
    from pg_tables
    where schemaname ilike 'mart'
    union all
    select
      'warehouse' as database,
      viewname as name,
      schemaname as schema,
      'view' as type
    from pg_views
    where schemaname ilike 'mart'
    union all
    select
      'warehouse' as database,
      matviewname as name,
      schemaname as schema,
      'materialized_view' as type
    from pg_matviews
    where schemaname ilike 'mart'
  
[0m14:14:55.108439 [debug] [ThreadPool]: SQL status: SELECT 4 in 0.027 seconds
[0m14:14:55.113416 [debug] [ThreadPool]: On list_warehouse_mart: ROLLBACK
[0m14:14:55.120388 [debug] [ThreadPool]: On list_warehouse_mart: Close
[0m14:14:55.130131 [debug] [MainThread]: Using postgres connection "master"
[0m14:14:55.131437 [debug] [MainThread]: On master: BEGIN
[0m14:14:55.132452 [debug] [MainThread]: Opening a new connection, currently in state init
[0m14:14:55.302146 [debug] [MainThread]: SQL status: BEGIN in 0.170 seconds
[0m14:14:55.308300 [debug] [MainThread]: Using postgres connection "master"
[0m14:14:55.311116 [debug] [MainThread]: On master: /* {"app": "dbt", "dbt_version": "1.8.2", "profile_name": "api_dwh", "target_name": "dev", "connection_name": "master"} */
with relation as (
        select
            pg_rewrite.ev_class as class,
            pg_rewrite.oid as id
        from pg_rewrite
    ),
    class as (
        select
            oid as id,
            relname as name,
            relnamespace as schema,
            relkind as kind
        from pg_class
    ),
    dependency as (
        select distinct
            pg_depend.objid as id,
            pg_depend.refobjid as ref
        from pg_depend
    ),
    schema as (
        select
            pg_namespace.oid as id,
            pg_namespace.nspname as name
        from pg_namespace
        where nspname != 'information_schema' and nspname not like 'pg\_%'
    ),
    referenced as (
        select
            relation.id AS id,
            referenced_class.name ,
            referenced_class.schema ,
            referenced_class.kind
        from relation
        join class as referenced_class on relation.class=referenced_class.id
        where referenced_class.kind in ('r', 'v', 'm')
    ),
    relationships as (
        select
            referenced.name as referenced_name,
            referenced.schema as referenced_schema_id,
            dependent_class.name as dependent_name,
            dependent_class.schema as dependent_schema_id,
            referenced.kind as kind
        from referenced
        join dependency on referenced.id=dependency.id
        join class as dependent_class on dependency.ref=dependent_class.id
        where
            (referenced.name != dependent_class.name or
             referenced.schema != dependent_class.schema)
    )

    select
        referenced_schema.name as referenced_schema,
        relationships.referenced_name as referenced_name,
        dependent_schema.name as dependent_schema,
        relationships.dependent_name as dependent_name
    from relationships
    join schema as dependent_schema on relationships.dependent_schema_id=dependent_schema.id
    join schema as referenced_schema on relationships.referenced_schema_id=referenced_schema.id
    group by referenced_schema, referenced_name, dependent_schema, dependent_name
    order by referenced_schema, referenced_name, dependent_schema, dependent_name;
[0m14:14:55.380288 [debug] [MainThread]: SQL status: SELECT 0 in 0.067 seconds
[0m14:14:55.383139 [debug] [MainThread]: Sending event: {'category': 'dbt', 'action': 'runnable_timing', 'label': 'cf4b3618-1b5f-4495-ab85-041ad448b727', 'context': [<snowplow_tracker.self_describing_json.SelfDescribingJson object at 0x70aec2f85dd0>]}
[0m14:14:55.384596 [debug] [MainThread]: On master: ROLLBACK
[0m14:14:55.392429 [debug] [MainThread]: Using postgres connection "master"
[0m14:14:55.394326 [debug] [MainThread]: On master: BEGIN
[0m14:14:55.464901 [debug] [MainThread]: SQL status: BEGIN in 0.068 seconds
[0m14:14:55.471628 [debug] [MainThread]: On master: COMMIT
[0m14:14:55.477539 [debug] [MainThread]: Using postgres connection "master"
[0m14:14:55.481400 [debug] [MainThread]: On master: COMMIT
[0m14:14:55.491641 [debug] [MainThread]: SQL status: COMMIT in 0.006 seconds
[0m14:14:55.494212 [debug] [MainThread]: On master: Close
[0m14:14:55.497128 [info ] [MainThread]: Concurrency: 1 threads (target='dev')
[0m14:14:55.499115 [info ] [MainThread]: 
[0m14:14:55.504678 [debug] [Thread-1 (]: Began running node model.api_dwh.fact_sales_summary
[0m14:14:55.507819 [info ] [Thread-1 (]: 1 of 1 START sql table model mart.fact_sales_summary ........................... [RUN]
[0m14:14:55.511067 [debug] [Thread-1 (]: Re-using an available connection from the pool (formerly list_warehouse_mart, now model.api_dwh.fact_sales_summary)
[0m14:14:55.513128 [debug] [Thread-1 (]: Began compiling node model.api_dwh.fact_sales_summary
[0m14:14:55.522197 [debug] [Thread-1 (]: Writing injected SQL for node "model.api_dwh.fact_sales_summary"
[0m14:14:55.534646 [debug] [Thread-1 (]: Began executing node model.api_dwh.fact_sales_summary
[0m14:14:55.589860 [debug] [Thread-1 (]: Writing runtime sql for node "model.api_dwh.fact_sales_summary"
[0m14:14:55.599462 [debug] [Thread-1 (]: Using postgres connection "model.api_dwh.fact_sales_summary"
[0m14:14:55.600479 [debug] [Thread-1 (]: On model.api_dwh.fact_sales_summary: BEGIN
[0m14:14:55.601387 [debug] [Thread-1 (]: Opening a new connection, currently in state closed
[0m14:14:55.743812 [debug] [Thread-1 (]: SQL status: BEGIN in 0.142 seconds
[0m14:14:55.746091 [debug] [Thread-1 (]: Using postgres connection "model.api_dwh.fact_sales_summary"
[0m14:14:55.748290 [debug] [Thread-1 (]: On model.api_dwh.fact_sales_summary: /* {"app": "dbt", "dbt_version": "1.8.2", "profile_name": "api_dwh", "target_name": "dev", "node_id": "model.api_dwh.fact_sales_summary"} */

  
    

  create  table "warehouse"."mart"."fact_sales_summary__dbt_tmp"
  
  
    as
  
  (
    SELECT DATE(o.order_date) AS sales_date,
    COUNT(DISTINCT o.order_id) AS total_orders,
    COUNT(DISTINCT o.customer_id) AS total_customers,
    SUM(o.qty) AS total_qty,
    SUM(o.qty * o.price) AS gross_sales,
    AVG(o.qty * o.price) AS avg_order_value
FROM staging.ods_orders o
GROUP BY DATE(o.order_date)
  );
  
[0m14:14:55.896837 [debug] [Thread-1 (]: SQL status: SELECT 2 in 0.147 seconds
[0m14:14:55.921079 [debug] [Thread-1 (]: Using postgres connection "model.api_dwh.fact_sales_summary"
[0m14:14:55.925227 [debug] [Thread-1 (]: On model.api_dwh.fact_sales_summary: /* {"app": "dbt", "dbt_version": "1.8.2", "profile_name": "api_dwh", "target_name": "dev", "node_id": "model.api_dwh.fact_sales_summary"} */
alter table "warehouse"."mart"."fact_sales_summary" rename to "fact_sales_summary__dbt_backup"
[0m14:14:55.991994 [debug] [Thread-1 (]: SQL status: ALTER TABLE in 0.064 seconds
[0m14:14:55.999086 [debug] [Thread-1 (]: Using postgres connection "model.api_dwh.fact_sales_summary"
[0m14:14:56.001121 [debug] [Thread-1 (]: On model.api_dwh.fact_sales_summary: /* {"app": "dbt", "dbt_version": "1.8.2", "profile_name": "api_dwh", "target_name": "dev", "node_id": "model.api_dwh.fact_sales_summary"} */
alter table "warehouse"."mart"."fact_sales_summary__dbt_tmp" rename to "fact_sales_summary"
[0m14:14:56.008196 [debug] [Thread-1 (]: SQL status: ALTER TABLE in 0.005 seconds
[0m14:14:56.026340 [debug] [Thread-1 (]: On model.api_dwh.fact_sales_summary: COMMIT
[0m14:14:56.027470 [debug] [Thread-1 (]: Using postgres connection "model.api_dwh.fact_sales_summary"
[0m14:14:56.028346 [debug] [Thread-1 (]: On model.api_dwh.fact_sales_summary: COMMIT
[0m14:14:56.056263 [debug] [Thread-1 (]: SQL status: COMMIT in 0.027 seconds
[0m14:14:56.065391 [debug] [Thread-1 (]: Applying DROP to: "warehouse"."mart"."fact_sales_summary__dbt_backup"
[0m14:14:56.073470 [debug] [Thread-1 (]: Using postgres connection "model.api_dwh.fact_sales_summary"
[0m14:14:56.074702 [debug] [Thread-1 (]: On model.api_dwh.fact_sales_summary: /* {"app": "dbt", "dbt_version": "1.8.2", "profile_name": "api_dwh", "target_name": "dev", "node_id": "model.api_dwh.fact_sales_summary"} */
drop table if exists "warehouse"."mart"."fact_sales_summary__dbt_backup" cascade
[0m14:14:56.293323 [debug] [Thread-1 (]: SQL status: DROP TABLE in 0.217 seconds
[0m14:14:56.299088 [debug] [Thread-1 (]: On model.api_dwh.fact_sales_summary: Close
[0m14:14:56.304115 [debug] [Thread-1 (]: Sending event: {'category': 'dbt', 'action': 'run_model', 'label': 'cf4b3618-1b5f-4495-ab85-041ad448b727', 'context': [<snowplow_tracker.self_describing_json.SelfDescribingJson object at 0x70aec2b42790>]}
[0m14:14:56.306344 [info ] [Thread-1 (]: 1 of 1 OK created sql table model mart.fact_sales_summary ...................... [[32mSELECT 2[0m in 0.79s]
[0m14:14:56.307961 [debug] [Thread-1 (]: Finished running node model.api_dwh.fact_sales_summary
[0m14:14:56.310366 [debug] [MainThread]: Using postgres connection "master"
[0m14:14:56.311209 [debug] [MainThread]: On master: BEGIN
[0m14:14:56.312272 [debug] [MainThread]: Opening a new connection, currently in state closed
[0m14:14:56.447035 [debug] [MainThread]: SQL status: BEGIN in 0.135 seconds
[0m14:14:56.448747 [debug] [MainThread]: On master: COMMIT
[0m14:14:56.450019 [debug] [MainThread]: Using postgres connection "master"
[0m14:14:56.450759 [debug] [MainThread]: On master: COMMIT
[0m14:14:56.455779 [debug] [MainThread]: SQL status: COMMIT in 0.004 seconds
[0m14:14:56.456715 [debug] [MainThread]: On master: Close
[0m14:14:56.457620 [debug] [MainThread]: Connection 'master' was properly closed.
[0m14:14:56.458470 [debug] [MainThread]: Connection 'model.api_dwh.fact_sales_summary' was properly closed.
[0m14:14:56.459160 [info ] [MainThread]: 
[0m14:14:56.459946 [info ] [MainThread]: Finished running 1 table model in 0 hours 0 minutes and 1.80 seconds (1.80s).
[0m14:14:56.461425 [debug] [MainThread]: Command end result
[0m14:14:56.507795 [info ] [MainThread]: 
[0m14:14:56.509094 [info ] [MainThread]: [32mCompleted successfully[0m
[0m14:14:56.510520 [info ] [MainThread]: 
[0m14:14:56.511673 [info ] [MainThread]: Done. PASS=1 WARN=0 ERROR=0 SKIP=0 TOTAL=1
[0m14:14:56.515611 [debug] [MainThread]: Resource report: {"command_name": "run", "command_success": true, "command_wall_clock_time": 2.9548993, "process_user_time": 2.773438, "process_kernel_time": 0.294703, "process_mem_max_rss": "119248", "process_in_blocks": "0", "process_out_blocks": "0"}
[0m14:14:56.517998 [debug] [MainThread]: Command `dbt run` succeeded at 14:14:56.517789 after 2.96 seconds
[0m14:14:56.519134 [debug] [MainThread]: Sending event: {'category': 'dbt', 'action': 'invocation', 'label': 'end', 'context': [<snowplow_tracker.self_describing_json.SelfDescribingJson object at 0x70aec55c8750>, <snowplow_tracker.self_describing_json.SelfDescribingJson object at 0x70aec542a290>, <snowplow_tracker.self_describing_json.SelfDescribingJson object at 0x70aec9a57990>]}
[0m14:14:56.520074 [debug] [MainThread]: Flushing usage events
[0m11:23:20.432885 [debug] [MainThread]: Sending event: {'category': 'dbt', 'action': 'invocation', 'label': 'start', 'context': [<snowplow_tracker.self_describing_json.SelfDescribingJson object at 0x78a3b9561750>, <snowplow_tracker.self_describing_json.SelfDescribingJson object at 0x78a3b96a7650>, <snowplow_tracker.self_describing_json.SelfDescribingJson object at 0x78a3b9560b90>]}


============================== 11:23:20.439849 | 3f593505-c7e2-41ca-89a8-2f8e62250522 ==============================
[0m11:23:20.439849 [info ] [MainThread]: Running with dbt=1.8.2
[0m11:23:20.441697 [debug] [MainThread]: running dbt with arguments {'printer_width': '80', 'indirect_selection': 'eager', 'log_cache_events': 'False', 'write_json': 'True', 'partial_parse': 'True', 'cache_selected_only': 'False', 'profiles_dir': '/usr/app', 'debug': 'False', 'fail_fast': 'False', 'log_path': '/usr/app/logs', 'version_check': 'True', 'warn_error': 'None', 'use_colors': 'True', 'use_experimental_parser': 'False', 'no_print': 'None', 'quiet': 'False', 'log_format': 'default', 'static_parser': 'True', 'introspect': 'True', 'invocation_command': 'dbt run --select dim_customers', 'target_path': 'None', 'warn_error_options': 'WarnErrorOptions(include=[], exclude=[])', 'send_anonymous_usage_stats': 'True'}
[0m11:23:20.564614 [debug] [MainThread]: Sending event: {'category': 'dbt', 'action': 'project_id', 'label': '3f593505-c7e2-41ca-89a8-2f8e62250522', 'context': [<snowplow_tracker.self_describing_json.SelfDescribingJson object at 0x78a3b9583050>]}
[0m11:23:20.600773 [debug] [MainThread]: Sending event: {'category': 'dbt', 'action': 'adapter_info', 'label': '3f593505-c7e2-41ca-89a8-2f8e62250522', 'context': [<snowplow_tracker.self_describing_json.SelfDescribingJson object at 0x78a3bb97c5d0>]}
[0m11:23:20.604005 [info ] [MainThread]: Registered adapter: postgres=1.8.2
[0m11:23:20.652767 [debug] [MainThread]: checksum: f0a141b9de567cb7f131613ba2682f40b3a1c6a157f81c6e5435862eff68f109, vars: {}, profile: , target: , version: 1.8.2
[0m11:23:20.859057 [debug] [MainThread]: Partial parsing enabled: 0 files deleted, 0 files added, 0 files changed.
[0m11:23:20.860152 [debug] [MainThread]: Partial parsing enabled, no changes found, skipping parsing
[0m11:23:20.884762 [debug] [MainThread]: Sending event: {'category': 'dbt', 'action': 'load_project', 'label': '3f593505-c7e2-41ca-89a8-2f8e62250522', 'context': [<snowplow_tracker.self_describing_json.SelfDescribingJson object at 0x78a3b7fe1b50>]}
[0m11:23:20.970644 [debug] [MainThread]: Sending event: {'category': 'dbt', 'action': 'resource_counts', 'label': '3f593505-c7e2-41ca-89a8-2f8e62250522', 'context': [<snowplow_tracker.self_describing_json.SelfDescribingJson object at 0x78a3b8af6d50>]}
[0m11:23:20.971573 [info ] [MainThread]: Found 4 models, 6 data tests, 428 macros
[0m11:23:20.973692 [debug] [MainThread]: Sending event: {'category': 'dbt', 'action': 'runnable_timing', 'label': '3f593505-c7e2-41ca-89a8-2f8e62250522', 'context': [<snowplow_tracker.self_describing_json.SelfDescribingJson object at 0x78a3b8797610>]}
[0m11:23:20.975936 [info ] [MainThread]: 
[0m11:23:20.978958 [debug] [MainThread]: Acquiring new postgres connection 'master'
[0m11:23:20.981747 [debug] [ThreadPool]: Acquiring new postgres connection 'list_warehouse'
[0m11:23:21.018142 [debug] [ThreadPool]: Using postgres connection "list_warehouse"
[0m11:23:21.020158 [debug] [ThreadPool]: On list_warehouse: /* {"app": "dbt", "dbt_version": "1.8.2", "profile_name": "api_dwh", "target_name": "dev", "connection_name": "list_warehouse"} */

    select distinct nspname from pg_namespace
  
[0m11:23:21.022011 [debug] [ThreadPool]: Opening a new connection, currently in state init
[0m11:23:21.139772 [debug] [ThreadPool]: SQL status: SELECT 7 in 0.118 seconds
[0m11:23:21.143147 [debug] [ThreadPool]: On list_warehouse: Close
[0m11:23:21.148116 [debug] [ThreadPool]: Re-using an available connection from the pool (formerly list_warehouse, now list_warehouse_mart)
[0m11:23:21.152688 [debug] [ThreadPool]: Using postgres connection "list_warehouse_mart"
[0m11:23:21.153749 [debug] [ThreadPool]: On list_warehouse_mart: BEGIN
[0m11:23:21.154469 [debug] [ThreadPool]: Opening a new connection, currently in state closed
[0m11:23:21.323026 [debug] [ThreadPool]: SQL status: BEGIN in 0.168 seconds
[0m11:23:21.325604 [debug] [ThreadPool]: Using postgres connection "list_warehouse_mart"
[0m11:23:21.327416 [debug] [ThreadPool]: On list_warehouse_mart: /* {"app": "dbt", "dbt_version": "1.8.2", "profile_name": "api_dwh", "target_name": "dev", "connection_name": "list_warehouse_mart"} */
select
      'warehouse' as database,
      tablename as name,
      schemaname as schema,
      'table' as type
    from pg_tables
    where schemaname ilike 'mart'
    union all
    select
      'warehouse' as database,
      viewname as name,
      schemaname as schema,
      'view' as type
    from pg_views
    where schemaname ilike 'mart'
    union all
    select
      'warehouse' as database,
      matviewname as name,
      schemaname as schema,
      'materialized_view' as type
    from pg_matviews
    where schemaname ilike 'mart'
  
[0m11:23:21.461150 [debug] [ThreadPool]: SQL status: SELECT 4 in 0.132 seconds
[0m11:23:21.463176 [debug] [ThreadPool]: On list_warehouse_mart: ROLLBACK
[0m11:23:21.524805 [debug] [ThreadPool]: On list_warehouse_mart: Close
[0m11:23:21.534145 [debug] [MainThread]: Using postgres connection "master"
[0m11:23:21.535610 [debug] [MainThread]: On master: BEGIN
[0m11:23:21.536746 [debug] [MainThread]: Opening a new connection, currently in state init
[0m11:23:21.651232 [debug] [MainThread]: SQL status: BEGIN in 0.114 seconds
[0m11:23:21.654144 [debug] [MainThread]: Using postgres connection "master"
[0m11:23:21.656359 [debug] [MainThread]: On master: /* {"app": "dbt", "dbt_version": "1.8.2", "profile_name": "api_dwh", "target_name": "dev", "connection_name": "master"} */
with relation as (
        select
            pg_rewrite.ev_class as class,
            pg_rewrite.oid as id
        from pg_rewrite
    ),
    class as (
        select
            oid as id,
            relname as name,
            relnamespace as schema,
            relkind as kind
        from pg_class
    ),
    dependency as (
        select distinct
            pg_depend.objid as id,
            pg_depend.refobjid as ref
        from pg_depend
    ),
    schema as (
        select
            pg_namespace.oid as id,
            pg_namespace.nspname as name
        from pg_namespace
        where nspname != 'information_schema' and nspname not like 'pg\_%'
    ),
    referenced as (
        select
            relation.id AS id,
            referenced_class.name ,
            referenced_class.schema ,
            referenced_class.kind
        from relation
        join class as referenced_class on relation.class=referenced_class.id
        where referenced_class.kind in ('r', 'v', 'm')
    ),
    relationships as (
        select
            referenced.name as referenced_name,
            referenced.schema as referenced_schema_id,
            dependent_class.name as dependent_name,
            dependent_class.schema as dependent_schema_id,
            referenced.kind as kind
        from referenced
        join dependency on referenced.id=dependency.id
        join class as dependent_class on dependency.ref=dependent_class.id
        where
            (referenced.name != dependent_class.name or
             referenced.schema != dependent_class.schema)
    )

    select
        referenced_schema.name as referenced_schema,
        relationships.referenced_name as referenced_name,
        dependent_schema.name as dependent_schema,
        relationships.dependent_name as dependent_name
    from relationships
    join schema as dependent_schema on relationships.dependent_schema_id=dependent_schema.id
    join schema as referenced_schema on relationships.referenced_schema_id=referenced_schema.id
    group by referenced_schema, referenced_name, dependent_schema, dependent_name
    order by referenced_schema, referenced_name, dependent_schema, dependent_name;
[0m11:23:21.728752 [debug] [MainThread]: SQL status: SELECT 0 in 0.070 seconds
[0m11:23:21.732347 [debug] [MainThread]: Sending event: {'category': 'dbt', 'action': 'runnable_timing', 'label': '3f593505-c7e2-41ca-89a8-2f8e62250522', 'context': [<snowplow_tracker.self_describing_json.SelfDescribingJson object at 0x78a3b7f68d90>]}
[0m11:23:21.734748 [debug] [MainThread]: On master: ROLLBACK
[0m11:23:21.746918 [debug] [MainThread]: Using postgres connection "master"
[0m11:23:21.748475 [debug] [MainThread]: On master: BEGIN
[0m11:23:21.821542 [debug] [MainThread]: SQL status: BEGIN in 0.071 seconds
[0m11:23:21.831881 [debug] [MainThread]: On master: COMMIT
[0m11:23:21.834781 [debug] [MainThread]: Using postgres connection "master"
[0m11:23:21.836956 [debug] [MainThread]: On master: COMMIT
[0m11:23:21.849850 [debug] [MainThread]: SQL status: COMMIT in 0.011 seconds
[0m11:23:21.852092 [debug] [MainThread]: On master: Close
[0m11:23:21.854895 [info ] [MainThread]: Concurrency: 1 threads (target='dev')
[0m11:23:21.858064 [info ] [MainThread]: 
[0m11:23:21.867396 [debug] [Thread-1 (]: Began running node model.api_dwh.dim_customers
[0m11:23:21.870130 [info ] [Thread-1 (]: 1 of 1 START sql table model mart.dim_customers ................................ [RUN]
[0m11:23:21.872286 [debug] [Thread-1 (]: Re-using an available connection from the pool (formerly list_warehouse_mart, now model.api_dwh.dim_customers)
[0m11:23:21.873391 [debug] [Thread-1 (]: Began compiling node model.api_dwh.dim_customers
[0m11:23:21.878291 [debug] [Thread-1 (]: Writing injected SQL for node "model.api_dwh.dim_customers"
[0m11:23:21.886955 [debug] [Thread-1 (]: Began executing node model.api_dwh.dim_customers
[0m11:23:21.911259 [debug] [Thread-1 (]: Writing runtime sql for node "model.api_dwh.dim_customers"
[0m11:23:21.922667 [debug] [Thread-1 (]: Using postgres connection "model.api_dwh.dim_customers"
[0m11:23:21.925555 [debug] [Thread-1 (]: On model.api_dwh.dim_customers: BEGIN
[0m11:23:21.926550 [debug] [Thread-1 (]: Opening a new connection, currently in state closed
[0m11:23:22.101036 [debug] [Thread-1 (]: SQL status: BEGIN in 0.174 seconds
[0m11:23:22.105535 [debug] [Thread-1 (]: Using postgres connection "model.api_dwh.dim_customers"
[0m11:23:22.109484 [debug] [Thread-1 (]: On model.api_dwh.dim_customers: /* {"app": "dbt", "dbt_version": "1.8.2", "profile_name": "api_dwh", "target_name": "dev", "node_id": "model.api_dwh.dim_customers"} */

  
    

  create  table "warehouse"."mart"."dim_customers__dbt_tmp"
  
  
    as
  
  (
    SELECT customer_id,
    TRIM(full_name) AS customer_name,
    LOWER(email) AS email,
    phone,
    created_at,
    updated_at
FROM staging.ods_customers
WHERE is_deleted = FALSE
  );
  
[0m11:23:22.367804 [debug] [Thread-1 (]: SQL status: SELECT 103 in 0.254 seconds
[0m11:23:22.378637 [debug] [Thread-1 (]: Using postgres connection "model.api_dwh.dim_customers"
[0m11:23:22.379986 [debug] [Thread-1 (]: On model.api_dwh.dim_customers: /* {"app": "dbt", "dbt_version": "1.8.2", "profile_name": "api_dwh", "target_name": "dev", "node_id": "model.api_dwh.dim_customers"} */
alter table "warehouse"."mart"."dim_customers" rename to "dim_customers__dbt_backup"
[0m11:23:22.456764 [debug] [Thread-1 (]: SQL status: ALTER TABLE in 0.076 seconds
[0m11:23:22.460284 [debug] [Thread-1 (]: Using postgres connection "model.api_dwh.dim_customers"
[0m11:23:22.461343 [debug] [Thread-1 (]: On model.api_dwh.dim_customers: /* {"app": "dbt", "dbt_version": "1.8.2", "profile_name": "api_dwh", "target_name": "dev", "node_id": "model.api_dwh.dim_customers"} */
alter table "warehouse"."mart"."dim_customers__dbt_tmp" rename to "dim_customers"
[0m11:23:22.473241 [debug] [Thread-1 (]: SQL status: ALTER TABLE in 0.011 seconds
[0m11:23:22.486988 [debug] [Thread-1 (]: On model.api_dwh.dim_customers: COMMIT
[0m11:23:22.490602 [debug] [Thread-1 (]: Using postgres connection "model.api_dwh.dim_customers"
[0m11:23:22.493816 [debug] [Thread-1 (]: On model.api_dwh.dim_customers: COMMIT
[0m11:23:22.542494 [debug] [Thread-1 (]: SQL status: COMMIT in 0.045 seconds
[0m11:23:22.553733 [debug] [Thread-1 (]: Applying DROP to: "warehouse"."mart"."dim_customers__dbt_backup"
[0m11:23:22.560589 [debug] [Thread-1 (]: Using postgres connection "model.api_dwh.dim_customers"
[0m11:23:22.563816 [debug] [Thread-1 (]: On model.api_dwh.dim_customers: /* {"app": "dbt", "dbt_version": "1.8.2", "profile_name": "api_dwh", "target_name": "dev", "node_id": "model.api_dwh.dim_customers"} */
drop table if exists "warehouse"."mart"."dim_customers__dbt_backup" cascade
[0m11:23:22.808998 [debug] [Thread-1 (]: SQL status: DROP TABLE in 0.243 seconds
[0m11:23:22.815686 [debug] [Thread-1 (]: On model.api_dwh.dim_customers: Close
[0m11:23:22.818646 [debug] [Thread-1 (]: Sending event: {'category': 'dbt', 'action': 'run_model', 'label': '3f593505-c7e2-41ca-89a8-2f8e62250522', 'context': [<snowplow_tracker.self_describing_json.SelfDescribingJson object at 0x78a3b6fcebd0>]}
[0m11:23:22.819967 [info ] [Thread-1 (]: 1 of 1 OK created sql table model mart.dim_customers ........................... [[32mSELECT 103[0m in 0.95s]
[0m11:23:22.821314 [debug] [Thread-1 (]: Finished running node model.api_dwh.dim_customers
[0m11:23:22.823270 [debug] [MainThread]: Using postgres connection "master"
[0m11:23:22.823954 [debug] [MainThread]: On master: BEGIN
[0m11:23:22.824691 [debug] [MainThread]: Opening a new connection, currently in state closed
[0m11:23:22.944309 [debug] [MainThread]: SQL status: BEGIN in 0.119 seconds
[0m11:23:22.946453 [debug] [MainThread]: On master: COMMIT
[0m11:23:22.948083 [debug] [MainThread]: Using postgres connection "master"
[0m11:23:22.949187 [debug] [MainThread]: On master: COMMIT
[0m11:23:22.959171 [debug] [MainThread]: SQL status: COMMIT in 0.009 seconds
[0m11:23:22.960694 [debug] [MainThread]: On master: Close
[0m11:23:22.962152 [debug] [MainThread]: Connection 'master' was properly closed.
[0m11:23:22.963662 [debug] [MainThread]: Connection 'model.api_dwh.dim_customers' was properly closed.
[0m11:23:22.964775 [info ] [MainThread]: 
[0m11:23:22.966874 [info ] [MainThread]: Finished running 1 table model in 0 hours 0 minutes and 1.99 seconds (1.99s).
[0m11:23:22.969750 [debug] [MainThread]: Command end result
[0m11:23:23.031808 [info ] [MainThread]: 
[0m11:23:23.033314 [info ] [MainThread]: [32mCompleted successfully[0m
[0m11:23:23.036032 [info ] [MainThread]: 
[0m11:23:23.037562 [info ] [MainThread]: Done. PASS=1 WARN=0 ERROR=0 SKIP=0 TOTAL=1
[0m11:23:23.040227 [debug] [MainThread]: Resource report: {"command_name": "run", "command_success": true, "command_wall_clock_time": 2.657383, "process_user_time": 1.420657, "process_kernel_time": 0.292023, "process_mem_max_rss": "121100", "process_in_blocks": "121689", "process_out_blocks": "2832"}
[0m11:23:23.041326 [debug] [MainThread]: Command `dbt run` succeeded at 11:23:23.041234 after 2.66 seconds
[0m11:23:23.042336 [debug] [MainThread]: Sending event: {'category': 'dbt', 'action': 'invocation', 'label': 'end', 'context': [<snowplow_tracker.self_describing_json.SelfDescribingJson object at 0x78a3b9581210>, <snowplow_tracker.self_describing_json.SelfDescribingJson object at 0x78a3b95eaa10>, <snowplow_tracker.self_describing_json.SelfDescribingJson object at 0x78a3bdb7f990>]}
[0m11:23:23.043305 [debug] [MainThread]: Flushing usage events
[0m11:23:26.966410 [debug] [MainThread]: Sending event: {'category': 'dbt', 'action': 'invocation', 'label': 'start', 'context': [<snowplow_tracker.self_describing_json.SelfDescribingJson object at 0x722adfc82550>, <snowplow_tracker.self_describing_json.SelfDescribingJson object at 0x722adfb869d0>, <snowplow_tracker.self_describing_json.SelfDescribingJson object at 0x722adfb86f10>]}


============================== 11:23:26.970375 | 49f19ab0-9801-4509-811d-33ca3b026e0e ==============================
[0m11:23:26.970375 [info ] [MainThread]: Running with dbt=1.8.2
[0m11:23:26.972166 [debug] [MainThread]: running dbt with arguments {'printer_width': '80', 'indirect_selection': 'eager', 'log_cache_events': 'False', 'write_json': 'True', 'partial_parse': 'True', 'cache_selected_only': 'False', 'profiles_dir': '/usr/app', 'debug': 'False', 'warn_error': 'None', 'log_path': '/usr/app/logs', 'fail_fast': 'False', 'version_check': 'True', 'use_colors': 'True', 'use_experimental_parser': 'False', 'no_print': 'None', 'quiet': 'False', 'log_format': 'default', 'introspect': 'True', 'static_parser': 'True', 'warn_error_options': 'WarnErrorOptions(include=[], exclude=[])', 'target_path': 'None', 'invocation_command': 'dbt run --select fact_orders', 'send_anonymous_usage_stats': 'True'}
[0m11:23:27.087394 [debug] [MainThread]: Sending event: {'category': 'dbt', 'action': 'project_id', 'label': '49f19ab0-9801-4509-811d-33ca3b026e0e', 'context': [<snowplow_tracker.self_describing_json.SelfDescribingJson object at 0x722adef63cd0>]}
[0m11:23:27.148530 [debug] [MainThread]: Sending event: {'category': 'dbt', 'action': 'adapter_info', 'label': '49f19ab0-9801-4509-811d-33ca3b026e0e', 'context': [<snowplow_tracker.self_describing_json.SelfDescribingJson object at 0x722ae1fac650>]}
[0m11:23:27.150914 [info ] [MainThread]: Registered adapter: postgres=1.8.2
[0m11:23:27.210225 [debug] [MainThread]: checksum: f0a141b9de567cb7f131613ba2682f40b3a1c6a157f81c6e5435862eff68f109, vars: {}, profile: , target: , version: 1.8.2
[0m11:23:27.457303 [debug] [MainThread]: Partial parsing enabled: 0 files deleted, 0 files added, 0 files changed.
[0m11:23:27.459069 [debug] [MainThread]: Partial parsing enabled, no changes found, skipping parsing
[0m11:23:27.482294 [debug] [MainThread]: Sending event: {'category': 'dbt', 'action': 'load_project', 'label': '49f19ab0-9801-4509-811d-33ca3b026e0e', 'context': [<snowplow_tracker.self_describing_json.SelfDescribingJson object at 0x722ade3fee10>]}
[0m11:23:27.583551 [debug] [MainThread]: Sending event: {'category': 'dbt', 'action': 'resource_counts', 'label': '49f19ab0-9801-4509-811d-33ca3b026e0e', 'context': [<snowplow_tracker.self_describing_json.SelfDescribingJson object at 0x722ade7d2f90>]}
[0m11:23:27.584626 [info ] [MainThread]: Found 4 models, 6 data tests, 428 macros
[0m11:23:27.585768 [debug] [MainThread]: Sending event: {'category': 'dbt', 'action': 'runnable_timing', 'label': '49f19ab0-9801-4509-811d-33ca3b026e0e', 'context': [<snowplow_tracker.self_describing_json.SelfDescribingJson object at 0x722addf44590>]}
[0m11:23:27.587735 [info ] [MainThread]: 
[0m11:23:27.590467 [debug] [MainThread]: Acquiring new postgres connection 'master'
[0m11:23:27.592010 [debug] [ThreadPool]: Acquiring new postgres connection 'list_warehouse'
[0m11:23:27.614183 [debug] [ThreadPool]: Using postgres connection "list_warehouse"
[0m11:23:27.617307 [debug] [ThreadPool]: On list_warehouse: /* {"app": "dbt", "dbt_version": "1.8.2", "profile_name": "api_dwh", "target_name": "dev", "connection_name": "list_warehouse"} */

    select distinct nspname from pg_namespace
  
[0m11:23:27.619729 [debug] [ThreadPool]: Opening a new connection, currently in state init
[0m11:23:27.744341 [debug] [ThreadPool]: SQL status: SELECT 7 in 0.125 seconds
[0m11:23:27.747139 [debug] [ThreadPool]: On list_warehouse: Close
[0m11:23:27.752109 [debug] [ThreadPool]: Re-using an available connection from the pool (formerly list_warehouse, now list_warehouse_mart)
[0m11:23:27.757665 [debug] [ThreadPool]: Using postgres connection "list_warehouse_mart"
[0m11:23:27.759666 [debug] [ThreadPool]: On list_warehouse_mart: BEGIN
[0m11:23:27.760975 [debug] [ThreadPool]: Opening a new connection, currently in state closed
[0m11:23:27.949125 [debug] [ThreadPool]: SQL status: BEGIN in 0.188 seconds
[0m11:23:27.951105 [debug] [ThreadPool]: Using postgres connection "list_warehouse_mart"
[0m11:23:27.952333 [debug] [ThreadPool]: On list_warehouse_mart: /* {"app": "dbt", "dbt_version": "1.8.2", "profile_name": "api_dwh", "target_name": "dev", "connection_name": "list_warehouse_mart"} */
select
      'warehouse' as database,
      tablename as name,
      schemaname as schema,
      'table' as type
    from pg_tables
    where schemaname ilike 'mart'
    union all
    select
      'warehouse' as database,
      viewname as name,
      schemaname as schema,
      'view' as type
    from pg_views
    where schemaname ilike 'mart'
    union all
    select
      'warehouse' as database,
      matviewname as name,
      schemaname as schema,
      'materialized_view' as type
    from pg_matviews
    where schemaname ilike 'mart'
  
[0m11:23:27.985498 [debug] [ThreadPool]: SQL status: SELECT 4 in 0.032 seconds
[0m11:23:27.991214 [debug] [ThreadPool]: On list_warehouse_mart: ROLLBACK
[0m11:23:28.005194 [debug] [ThreadPool]: On list_warehouse_mart: Close
[0m11:23:28.010308 [debug] [MainThread]: Using postgres connection "master"
[0m11:23:28.011664 [debug] [MainThread]: On master: BEGIN
[0m11:23:28.012467 [debug] [MainThread]: Opening a new connection, currently in state init
[0m11:23:28.252773 [debug] [MainThread]: SQL status: BEGIN in 0.240 seconds
[0m11:23:28.255338 [debug] [MainThread]: Using postgres connection "master"
[0m11:23:28.261703 [debug] [MainThread]: On master: /* {"app": "dbt", "dbt_version": "1.8.2", "profile_name": "api_dwh", "target_name": "dev", "connection_name": "master"} */
with relation as (
        select
            pg_rewrite.ev_class as class,
            pg_rewrite.oid as id
        from pg_rewrite
    ),
    class as (
        select
            oid as id,
            relname as name,
            relnamespace as schema,
            relkind as kind
        from pg_class
    ),
    dependency as (
        select distinct
            pg_depend.objid as id,
            pg_depend.refobjid as ref
        from pg_depend
    ),
    schema as (
        select
            pg_namespace.oid as id,
            pg_namespace.nspname as name
        from pg_namespace
        where nspname != 'information_schema' and nspname not like 'pg\_%'
    ),
    referenced as (
        select
            relation.id AS id,
            referenced_class.name ,
            referenced_class.schema ,
            referenced_class.kind
        from relation
        join class as referenced_class on relation.class=referenced_class.id
        where referenced_class.kind in ('r', 'v', 'm')
    ),
    relationships as (
        select
            referenced.name as referenced_name,
            referenced.schema as referenced_schema_id,
            dependent_class.name as dependent_name,
            dependent_class.schema as dependent_schema_id,
            referenced.kind as kind
        from referenced
        join dependency on referenced.id=dependency.id
        join class as dependent_class on dependency.ref=dependent_class.id
        where
            (referenced.name != dependent_class.name or
             referenced.schema != dependent_class.schema)
    )

    select
        referenced_schema.name as referenced_schema,
        relationships.referenced_name as referenced_name,
        dependent_schema.name as dependent_schema,
        relationships.dependent_name as dependent_name
    from relationships
    join schema as dependent_schema on relationships.dependent_schema_id=dependent_schema.id
    join schema as referenced_schema on relationships.referenced_schema_id=referenced_schema.id
    group by referenced_schema, referenced_name, dependent_schema, dependent_name
    order by referenced_schema, referenced_name, dependent_schema, dependent_name;
[0m11:23:28.340530 [debug] [MainThread]: SQL status: SELECT 0 in 0.077 seconds
[0m11:23:28.343356 [debug] [MainThread]: Sending event: {'category': 'dbt', 'action': 'runnable_timing', 'label': '49f19ab0-9801-4509-811d-33ca3b026e0e', 'context': [<snowplow_tracker.self_describing_json.SelfDescribingJson object at 0x722ade76ebd0>]}
[0m11:23:28.344903 [debug] [MainThread]: On master: ROLLBACK
[0m11:23:28.362896 [debug] [MainThread]: Using postgres connection "master"
[0m11:23:28.364483 [debug] [MainThread]: On master: BEGIN
[0m11:23:28.442284 [debug] [MainThread]: SQL status: BEGIN in 0.076 seconds
[0m11:23:28.444894 [debug] [MainThread]: On master: COMMIT
[0m11:23:28.446452 [debug] [MainThread]: Using postgres connection "master"
[0m11:23:28.447925 [debug] [MainThread]: On master: COMMIT
[0m11:23:28.462488 [debug] [MainThread]: SQL status: COMMIT in 0.013 seconds
[0m11:23:28.464739 [debug] [MainThread]: On master: Close
[0m11:23:28.466854 [info ] [MainThread]: Concurrency: 1 threads (target='dev')
[0m11:23:28.469380 [info ] [MainThread]: 
[0m11:23:28.473173 [debug] [Thread-1 (]: Began running node model.api_dwh.fact_orders
[0m11:23:28.475036 [info ] [Thread-1 (]: 1 of 1 START sql table model mart.fact_orders .................................. [RUN]
[0m11:23:28.476419 [debug] [Thread-1 (]: Re-using an available connection from the pool (formerly list_warehouse_mart, now model.api_dwh.fact_orders)
[0m11:23:28.477226 [debug] [Thread-1 (]: Began compiling node model.api_dwh.fact_orders
[0m11:23:28.482842 [debug] [Thread-1 (]: Writing injected SQL for node "model.api_dwh.fact_orders"
[0m11:23:28.490977 [debug] [Thread-1 (]: Began executing node model.api_dwh.fact_orders
[0m11:23:28.514590 [debug] [Thread-1 (]: Writing runtime sql for node "model.api_dwh.fact_orders"
[0m11:23:28.531339 [debug] [Thread-1 (]: Using postgres connection "model.api_dwh.fact_orders"
[0m11:23:28.532668 [debug] [Thread-1 (]: On model.api_dwh.fact_orders: BEGIN
[0m11:23:28.533597 [debug] [Thread-1 (]: Opening a new connection, currently in state closed
[0m11:23:28.755353 [debug] [Thread-1 (]: SQL status: BEGIN in 0.222 seconds
[0m11:23:28.771036 [debug] [Thread-1 (]: Using postgres connection "model.api_dwh.fact_orders"
[0m11:23:28.779838 [debug] [Thread-1 (]: On model.api_dwh.fact_orders: /* {"app": "dbt", "dbt_version": "1.8.2", "profile_name": "api_dwh", "target_name": "dev", "node_id": "model.api_dwh.fact_orders"} */

  
    

  create  table "warehouse"."mart"."fact_orders__dbt_tmp"
  
  
    as
  
  (
    SELECT o.order_id,
    o.customer_id,
    TRIM(c.full_name) AS customer_name,
    LOWER(c.email) AS customer_email,
    o.product_name,
    o.qty,
    o.price,
    (o.qty * o.price) AS total_amount,
    o.order_date,
    DATE(o.order_date) AS order_day,
    EXTRACT(
        YEAR
        FROM o.order_date
    ) AS order_year,
    EXTRACT(
        MONTH
        FROM o.order_date
    ) AS order_month
FROM staging.ods_orders o
    LEFT JOIN staging.ods_customers c ON o.customer_id::VARCHAR = c.customer_id
WHERE c.is_deleted = FALSE
  );
  
[0m11:23:29.060889 [debug] [Thread-1 (]: SQL status: SELECT 280 in 0.279 seconds
[0m11:23:29.068752 [debug] [Thread-1 (]: Using postgres connection "model.api_dwh.fact_orders"
[0m11:23:29.070505 [debug] [Thread-1 (]: On model.api_dwh.fact_orders: /* {"app": "dbt", "dbt_version": "1.8.2", "profile_name": "api_dwh", "target_name": "dev", "node_id": "model.api_dwh.fact_orders"} */
alter table "warehouse"."mart"."fact_orders" rename to "fact_orders__dbt_backup"
[0m11:23:29.132299 [debug] [Thread-1 (]: SQL status: ALTER TABLE in 0.060 seconds
[0m11:23:29.138244 [debug] [Thread-1 (]: Using postgres connection "model.api_dwh.fact_orders"
[0m11:23:29.140793 [debug] [Thread-1 (]: On model.api_dwh.fact_orders: /* {"app": "dbt", "dbt_version": "1.8.2", "profile_name": "api_dwh", "target_name": "dev", "node_id": "model.api_dwh.fact_orders"} */
alter table "warehouse"."mart"."fact_orders__dbt_tmp" rename to "fact_orders"
[0m11:23:29.199657 [debug] [Thread-1 (]: SQL status: ALTER TABLE in 0.057 seconds
[0m11:23:29.219253 [debug] [Thread-1 (]: On model.api_dwh.fact_orders: COMMIT
[0m11:23:29.222006 [debug] [Thread-1 (]: Using postgres connection "model.api_dwh.fact_orders"
[0m11:23:29.224116 [debug] [Thread-1 (]: On model.api_dwh.fact_orders: COMMIT
[0m11:23:29.263902 [debug] [Thread-1 (]: SQL status: COMMIT in 0.037 seconds
[0m11:23:29.272361 [debug] [Thread-1 (]: Applying DROP to: "warehouse"."mart"."fact_orders__dbt_backup"
[0m11:23:29.277588 [debug] [Thread-1 (]: Using postgres connection "model.api_dwh.fact_orders"
[0m11:23:29.279459 [debug] [Thread-1 (]: On model.api_dwh.fact_orders: /* {"app": "dbt", "dbt_version": "1.8.2", "profile_name": "api_dwh", "target_name": "dev", "node_id": "model.api_dwh.fact_orders"} */
drop table if exists "warehouse"."mart"."fact_orders__dbt_backup" cascade
[0m11:23:29.506549 [debug] [Thread-1 (]: SQL status: DROP TABLE in 0.225 seconds
[0m11:23:29.514601 [debug] [Thread-1 (]: On model.api_dwh.fact_orders: Close
[0m11:23:29.519221 [debug] [Thread-1 (]: Sending event: {'category': 'dbt', 'action': 'run_model', 'label': '49f19ab0-9801-4509-811d-33ca3b026e0e', 'context': [<snowplow_tracker.self_describing_json.SelfDescribingJson object at 0x722adc733890>]}
[0m11:23:29.521596 [info ] [Thread-1 (]: 1 of 1 OK created sql table model mart.fact_orders ............................. [[32mSELECT 280[0m in 1.04s]
[0m11:23:29.525379 [debug] [Thread-1 (]: Finished running node model.api_dwh.fact_orders
[0m11:23:29.528047 [debug] [MainThread]: Using postgres connection "master"
[0m11:23:29.529618 [debug] [MainThread]: On master: BEGIN
[0m11:23:29.530667 [debug] [MainThread]: Opening a new connection, currently in state closed
[0m11:23:29.704441 [debug] [MainThread]: SQL status: BEGIN in 0.174 seconds
[0m11:23:29.708602 [debug] [MainThread]: On master: COMMIT
[0m11:23:29.710447 [debug] [MainThread]: Using postgres connection "master"
[0m11:23:29.712086 [debug] [MainThread]: On master: COMMIT
[0m11:23:29.722577 [debug] [MainThread]: SQL status: COMMIT in 0.009 seconds
[0m11:23:29.725383 [debug] [MainThread]: On master: Close
[0m11:23:29.727151 [debug] [MainThread]: Connection 'master' was properly closed.
[0m11:23:29.728541 [debug] [MainThread]: Connection 'model.api_dwh.fact_orders' was properly closed.
[0m11:23:29.729705 [info ] [MainThread]: 
[0m11:23:29.731094 [info ] [MainThread]: Finished running 1 table model in 0 hours 0 minutes and 2.14 seconds (2.14s).
[0m11:23:29.732623 [debug] [MainThread]: Command end result
[0m11:23:29.781449 [info ] [MainThread]: 
[0m11:23:29.782871 [info ] [MainThread]: [32mCompleted successfully[0m
[0m11:23:29.784354 [info ] [MainThread]: 
[0m11:23:29.785529 [info ] [MainThread]: Done. PASS=1 WARN=0 ERROR=0 SKIP=0 TOTAL=1
[0m11:23:29.787177 [debug] [MainThread]: Resource report: {"command_name": "run", "command_success": true, "command_wall_clock_time": 2.8759704, "process_user_time": 1.392107, "process_kernel_time": 0.160012, "process_mem_max_rss": "119720", "process_in_blocks": "833", "process_out_blocks": "0"}
[0m11:23:29.788197 [debug] [MainThread]: Command `dbt run` succeeded at 11:23:29.788116 after 2.88 seconds
[0m11:23:29.789071 [debug] [MainThread]: Sending event: {'category': 'dbt', 'action': 'invocation', 'label': 'end', 'context': [<snowplow_tracker.self_describing_json.SelfDescribingJson object at 0x722adfb806d0>, <snowplow_tracker.self_describing_json.SelfDescribingJson object at 0x722ae41b7990>, <snowplow_tracker.self_describing_json.SelfDescribingJson object at 0x722adfc82c10>]}
[0m11:23:29.790681 [debug] [MainThread]: Flushing usage events
[0m11:23:32.889021 [debug] [MainThread]: Sending event: {'category': 'dbt', 'action': 'invocation', 'label': 'start', 'context': [<snowplow_tracker.self_describing_json.SelfDescribingJson object at 0x7a13e7d0b410>, <snowplow_tracker.self_describing_json.SelfDescribingJson object at 0x7a13e7e02a50>, <snowplow_tracker.self_describing_json.SelfDescribingJson object at 0x7a13e89ffbd0>]}


============================== 11:23:32.891550 | f0f9d28f-0add-4dd1-81a8-d8d2a50d9470 ==============================
[0m11:23:32.891550 [info ] [MainThread]: Running with dbt=1.8.2
[0m11:23:32.894162 [debug] [MainThread]: running dbt with arguments {'printer_width': '80', 'indirect_selection': 'eager', 'log_cache_events': 'False', 'write_json': 'True', 'partial_parse': 'True', 'cache_selected_only': 'False', 'warn_error': 'None', 'debug': 'False', 'version_check': 'True', 'log_path': '/usr/app/logs', 'profiles_dir': '/usr/app', 'fail_fast': 'False', 'use_colors': 'True', 'use_experimental_parser': 'False', 'no_print': 'None', 'quiet': 'False', 'warn_error_options': 'WarnErrorOptions(include=[], exclude=[])', 'introspect': 'True', 'log_format': 'default', 'static_parser': 'True', 'target_path': 'None', 'invocation_command': 'dbt run --select fact_payments', 'send_anonymous_usage_stats': 'True'}
[0m11:23:32.991066 [debug] [MainThread]: Sending event: {'category': 'dbt', 'action': 'project_id', 'label': 'f0f9d28f-0add-4dd1-81a8-d8d2a50d9470', 'context': [<snowplow_tracker.self_describing_json.SelfDescribingJson object at 0x7a13e71508d0>]}
[0m11:23:33.025396 [debug] [MainThread]: Sending event: {'category': 'dbt', 'action': 'adapter_info', 'label': 'f0f9d28f-0add-4dd1-81a8-d8d2a50d9470', 'context': [<snowplow_tracker.self_describing_json.SelfDescribingJson object at 0x7a13ea168350>]}
[0m11:23:33.028143 [info ] [MainThread]: Registered adapter: postgres=1.8.2
[0m11:23:33.069397 [debug] [MainThread]: checksum: f0a141b9de567cb7f131613ba2682f40b3a1c6a157f81c6e5435862eff68f109, vars: {}, profile: , target: , version: 1.8.2
[0m11:23:33.308855 [debug] [MainThread]: Partial parsing enabled: 0 files deleted, 0 files added, 0 files changed.
[0m11:23:33.311065 [debug] [MainThread]: Partial parsing enabled, no changes found, skipping parsing
[0m11:23:33.334190 [debug] [MainThread]: Sending event: {'category': 'dbt', 'action': 'load_project', 'label': 'f0f9d28f-0add-4dd1-81a8-d8d2a50d9470', 'context': [<snowplow_tracker.self_describing_json.SelfDescribingJson object at 0x7a13e6143190>]}
[0m11:23:33.428588 [debug] [MainThread]: Sending event: {'category': 'dbt', 'action': 'resource_counts', 'label': 'f0f9d28f-0add-4dd1-81a8-d8d2a50d9470', 'context': [<snowplow_tracker.self_describing_json.SelfDescribingJson object at 0x7a13e6986ed0>]}
[0m11:23:33.429975 [info ] [MainThread]: Found 4 models, 6 data tests, 428 macros
[0m11:23:33.431610 [debug] [MainThread]: Sending event: {'category': 'dbt', 'action': 'runnable_timing', 'label': 'f0f9d28f-0add-4dd1-81a8-d8d2a50d9470', 'context': [<snowplow_tracker.self_describing_json.SelfDescribingJson object at 0x7a13e653ed90>]}
[0m11:23:33.433978 [info ] [MainThread]: 
[0m11:23:33.435732 [debug] [MainThread]: Acquiring new postgres connection 'master'
[0m11:23:33.437224 [debug] [ThreadPool]: Acquiring new postgres connection 'list_warehouse'
[0m11:23:33.457873 [debug] [ThreadPool]: Using postgres connection "list_warehouse"
[0m11:23:33.461561 [debug] [ThreadPool]: On list_warehouse: /* {"app": "dbt", "dbt_version": "1.8.2", "profile_name": "api_dwh", "target_name": "dev", "connection_name": "list_warehouse"} */

    select distinct nspname from pg_namespace
  
[0m11:23:33.464542 [debug] [ThreadPool]: Opening a new connection, currently in state init
[0m11:23:33.580591 [debug] [ThreadPool]: SQL status: SELECT 7 in 0.116 seconds
[0m11:23:33.583687 [debug] [ThreadPool]: On list_warehouse: Close
[0m11:23:33.588210 [debug] [ThreadPool]: Re-using an available connection from the pool (formerly list_warehouse, now list_warehouse_mart)
[0m11:23:33.593330 [debug] [ThreadPool]: Using postgres connection "list_warehouse_mart"
[0m11:23:33.594939 [debug] [ThreadPool]: On list_warehouse_mart: BEGIN
[0m11:23:33.595755 [debug] [ThreadPool]: Opening a new connection, currently in state closed
[0m11:23:33.784095 [debug] [ThreadPool]: SQL status: BEGIN in 0.188 seconds
[0m11:23:33.787270 [debug] [ThreadPool]: Using postgres connection "list_warehouse_mart"
[0m11:23:33.788699 [debug] [ThreadPool]: On list_warehouse_mart: /* {"app": "dbt", "dbt_version": "1.8.2", "profile_name": "api_dwh", "target_name": "dev", "connection_name": "list_warehouse_mart"} */
select
      'warehouse' as database,
      tablename as name,
      schemaname as schema,
      'table' as type
    from pg_tables
    where schemaname ilike 'mart'
    union all
    select
      'warehouse' as database,
      viewname as name,
      schemaname as schema,
      'view' as type
    from pg_views
    where schemaname ilike 'mart'
    union all
    select
      'warehouse' as database,
      matviewname as name,
      schemaname as schema,
      'materialized_view' as type
    from pg_matviews
    where schemaname ilike 'mart'
  
[0m11:23:33.822979 [debug] [ThreadPool]: SQL status: SELECT 4 in 0.033 seconds
[0m11:23:33.827929 [debug] [ThreadPool]: On list_warehouse_mart: ROLLBACK
[0m11:23:33.839495 [debug] [ThreadPool]: On list_warehouse_mart: Close
[0m11:23:33.850347 [debug] [MainThread]: Using postgres connection "master"
[0m11:23:33.852164 [debug] [MainThread]: On master: BEGIN
[0m11:23:33.853491 [debug] [MainThread]: Opening a new connection, currently in state init
[0m11:23:34.035147 [debug] [MainThread]: SQL status: BEGIN in 0.181 seconds
[0m11:23:34.038440 [debug] [MainThread]: Using postgres connection "master"
[0m11:23:34.041371 [debug] [MainThread]: On master: /* {"app": "dbt", "dbt_version": "1.8.2", "profile_name": "api_dwh", "target_name": "dev", "connection_name": "master"} */
with relation as (
        select
            pg_rewrite.ev_class as class,
            pg_rewrite.oid as id
        from pg_rewrite
    ),
    class as (
        select
            oid as id,
            relname as name,
            relnamespace as schema,
            relkind as kind
        from pg_class
    ),
    dependency as (
        select distinct
            pg_depend.objid as id,
            pg_depend.refobjid as ref
        from pg_depend
    ),
    schema as (
        select
            pg_namespace.oid as id,
            pg_namespace.nspname as name
        from pg_namespace
        where nspname != 'information_schema' and nspname not like 'pg\_%'
    ),
    referenced as (
        select
            relation.id AS id,
            referenced_class.name ,
            referenced_class.schema ,
            referenced_class.kind
        from relation
        join class as referenced_class on relation.class=referenced_class.id
        where referenced_class.kind in ('r', 'v', 'm')
    ),
    relationships as (
        select
            referenced.name as referenced_name,
            referenced.schema as referenced_schema_id,
            dependent_class.name as dependent_name,
            dependent_class.schema as dependent_schema_id,
            referenced.kind as kind
        from referenced
        join dependency on referenced.id=dependency.id
        join class as dependent_class on dependency.ref=dependent_class.id
        where
            (referenced.name != dependent_class.name or
             referenced.schema != dependent_class.schema)
    )

    select
        referenced_schema.name as referenced_schema,
        relationships.referenced_name as referenced_name,
        dependent_schema.name as dependent_schema,
        relationships.dependent_name as dependent_name
    from relationships
    join schema as dependent_schema on relationships.dependent_schema_id=dependent_schema.id
    join schema as referenced_schema on relationships.referenced_schema_id=referenced_schema.id
    group by referenced_schema, referenced_name, dependent_schema, dependent_name
    order by referenced_schema, referenced_name, dependent_schema, dependent_name;
[0m11:23:34.103256 [debug] [MainThread]: SQL status: SELECT 0 in 0.059 seconds
[0m11:23:34.108179 [debug] [MainThread]: Sending event: {'category': 'dbt', 'action': 'runnable_timing', 'label': 'f0f9d28f-0add-4dd1-81a8-d8d2a50d9470', 'context': [<snowplow_tracker.self_describing_json.SelfDescribingJson object at 0x7a13e71c8450>]}
[0m11:23:34.112387 [debug] [MainThread]: On master: ROLLBACK
[0m11:23:34.124987 [debug] [MainThread]: Using postgres connection "master"
[0m11:23:34.128547 [debug] [MainThread]: On master: BEGIN
[0m11:23:34.201431 [debug] [MainThread]: SQL status: BEGIN in 0.070 seconds
[0m11:23:34.204669 [debug] [MainThread]: On master: COMMIT
[0m11:23:34.206870 [debug] [MainThread]: Using postgres connection "master"
[0m11:23:34.208919 [debug] [MainThread]: On master: COMMIT
[0m11:23:34.221668 [debug] [MainThread]: SQL status: COMMIT in 0.010 seconds
[0m11:23:34.224487 [debug] [MainThread]: On master: Close
[0m11:23:34.226688 [info ] [MainThread]: Concurrency: 1 threads (target='dev')
[0m11:23:34.230683 [info ] [MainThread]: 
[0m11:23:34.235530 [debug] [Thread-1 (]: Began running node model.api_dwh.fact_payments
[0m11:23:34.237530 [info ] [Thread-1 (]: 1 of 1 START sql table model mart.fact_payments ................................ [RUN]
[0m11:23:34.239280 [debug] [Thread-1 (]: Re-using an available connection from the pool (formerly list_warehouse_mart, now model.api_dwh.fact_payments)
[0m11:23:34.240373 [debug] [Thread-1 (]: Began compiling node model.api_dwh.fact_payments
[0m11:23:34.246152 [debug] [Thread-1 (]: Writing injected SQL for node "model.api_dwh.fact_payments"
[0m11:23:34.254614 [debug] [Thread-1 (]: Began executing node model.api_dwh.fact_payments
[0m11:23:34.278457 [debug] [Thread-1 (]: Writing runtime sql for node "model.api_dwh.fact_payments"
[0m11:23:34.290262 [debug] [Thread-1 (]: Using postgres connection "model.api_dwh.fact_payments"
[0m11:23:34.291300 [debug] [Thread-1 (]: On model.api_dwh.fact_payments: BEGIN
[0m11:23:34.292406 [debug] [Thread-1 (]: Opening a new connection, currently in state closed
[0m11:23:34.518196 [debug] [Thread-1 (]: SQL status: BEGIN in 0.226 seconds
[0m11:23:34.521487 [debug] [Thread-1 (]: Using postgres connection "model.api_dwh.fact_payments"
[0m11:23:34.523815 [debug] [Thread-1 (]: On model.api_dwh.fact_payments: /* {"app": "dbt", "dbt_version": "1.8.2", "profile_name": "api_dwh", "target_name": "dev", "node_id": "model.api_dwh.fact_payments"} */

  
    

  create  table "warehouse"."mart"."fact_payments__dbt_tmp"
  
  
    as
  
  (
    SELECT p.payment_id,
    p.order_id,
    o.customer_id,
    TRIM(c.full_name) AS customer_name,
    p.payment_method,
    p.amount,
    p.payment_date,
    DATE(p.payment_date) AS payment_day
FROM staging.ods_payments p
    LEFT JOIN staging.ods_orders o ON p.order_id::VARCHAR = o.order_id
    LEFT JOIN staging.ods_customers c ON o.customer_id::VARCHAR = c.customer_id
WHERE c.is_deleted = FALSE
  );
  
[0m11:23:34.744143 [debug] [Thread-1 (]: SQL status: SELECT 280 in 0.218 seconds
[0m11:23:34.758171 [debug] [Thread-1 (]: Using postgres connection "model.api_dwh.fact_payments"
[0m11:23:34.760131 [debug] [Thread-1 (]: On model.api_dwh.fact_payments: /* {"app": "dbt", "dbt_version": "1.8.2", "profile_name": "api_dwh", "target_name": "dev", "node_id": "model.api_dwh.fact_payments"} */
alter table "warehouse"."mart"."fact_payments" rename to "fact_payments__dbt_backup"
[0m11:23:34.819577 [debug] [Thread-1 (]: SQL status: ALTER TABLE in 0.057 seconds
[0m11:23:34.826478 [debug] [Thread-1 (]: Using postgres connection "model.api_dwh.fact_payments"
[0m11:23:34.829052 [debug] [Thread-1 (]: On model.api_dwh.fact_payments: /* {"app": "dbt", "dbt_version": "1.8.2", "profile_name": "api_dwh", "target_name": "dev", "node_id": "model.api_dwh.fact_payments"} */
alter table "warehouse"."mart"."fact_payments__dbt_tmp" rename to "fact_payments"
[0m11:23:34.841883 [debug] [Thread-1 (]: SQL status: ALTER TABLE in 0.010 seconds
[0m11:23:34.858513 [debug] [Thread-1 (]: On model.api_dwh.fact_payments: COMMIT
[0m11:23:34.861219 [debug] [Thread-1 (]: Using postgres connection "model.api_dwh.fact_payments"
[0m11:23:34.864017 [debug] [Thread-1 (]: On model.api_dwh.fact_payments: COMMIT
[0m11:23:34.997304 [debug] [Thread-1 (]: SQL status: COMMIT in 0.130 seconds
[0m11:23:35.010869 [debug] [Thread-1 (]: Applying DROP to: "warehouse"."mart"."fact_payments__dbt_backup"
[0m11:23:35.016672 [debug] [Thread-1 (]: Using postgres connection "model.api_dwh.fact_payments"
[0m11:23:35.019445 [debug] [Thread-1 (]: On model.api_dwh.fact_payments: /* {"app": "dbt", "dbt_version": "1.8.2", "profile_name": "api_dwh", "target_name": "dev", "node_id": "model.api_dwh.fact_payments"} */
drop table if exists "warehouse"."mart"."fact_payments__dbt_backup" cascade
[0m11:23:35.310387 [debug] [Thread-1 (]: SQL status: DROP TABLE in 0.288 seconds
[0m11:23:35.317524 [debug] [Thread-1 (]: On model.api_dwh.fact_payments: Close
[0m11:23:35.321474 [debug] [Thread-1 (]: Sending event: {'category': 'dbt', 'action': 'run_model', 'label': 'f0f9d28f-0add-4dd1-81a8-d8d2a50d9470', 'context': [<snowplow_tracker.self_describing_json.SelfDescribingJson object at 0x7a13e499cf90>]}
[0m11:23:35.323627 [info ] [Thread-1 (]: 1 of 1 OK created sql table model mart.fact_payments ........................... [[32mSELECT 280[0m in 1.08s]
[0m11:23:35.325072 [debug] [Thread-1 (]: Finished running node model.api_dwh.fact_payments
[0m11:23:35.327408 [debug] [MainThread]: Using postgres connection "master"
[0m11:23:35.328801 [debug] [MainThread]: On master: BEGIN
[0m11:23:35.330018 [debug] [MainThread]: Opening a new connection, currently in state closed
[0m11:23:35.501189 [debug] [MainThread]: SQL status: BEGIN in 0.171 seconds
[0m11:23:35.504093 [debug] [MainThread]: On master: COMMIT
[0m11:23:35.505995 [debug] [MainThread]: Using postgres connection "master"
[0m11:23:35.507760 [debug] [MainThread]: On master: COMMIT
[0m11:23:35.518013 [debug] [MainThread]: SQL status: COMMIT in 0.009 seconds
[0m11:23:35.520137 [debug] [MainThread]: On master: Close
[0m11:23:35.521878 [debug] [MainThread]: Connection 'master' was properly closed.
[0m11:23:35.523692 [debug] [MainThread]: Connection 'model.api_dwh.fact_payments' was properly closed.
[0m11:23:35.525257 [info ] [MainThread]: 
[0m11:23:35.527243 [info ] [MainThread]: Finished running 1 table model in 0 hours 0 minutes and 2.09 seconds (2.09s).
[0m11:23:35.530378 [debug] [MainThread]: Command end result
[0m11:23:35.580119 [info ] [MainThread]: 
[0m11:23:35.581216 [info ] [MainThread]: [32mCompleted successfully[0m
[0m11:23:35.582656 [info ] [MainThread]: 
[0m11:23:35.583967 [info ] [MainThread]: Done. PASS=1 WARN=0 ERROR=0 SKIP=0 TOTAL=1
[0m11:23:35.585757 [debug] [MainThread]: Resource report: {"command_name": "run", "command_success": true, "command_wall_clock_time": 2.7477224, "process_user_time": 1.255078, "process_kernel_time": 0.141246, "process_mem_max_rss": "119724", "process_in_blocks": "833", "process_out_blocks": "0"}
[0m11:23:35.586765 [debug] [MainThread]: Command `dbt run` succeeded at 11:23:35.586680 after 2.75 seconds
[0m11:23:35.587477 [debug] [MainThread]: Sending event: {'category': 'dbt', 'action': 'invocation', 'label': 'end', 'context': [<snowplow_tracker.self_describing_json.SelfDescribingJson object at 0x7a13ea22a5d0>, <snowplow_tracker.self_describing_json.SelfDescribingJson object at 0x7a13ec397910>, <snowplow_tracker.self_describing_json.SelfDescribingJson object at 0x7a13e7cb8790>]}
[0m11:23:35.588431 [debug] [MainThread]: Flushing usage events
[0m11:23:38.810266 [debug] [MainThread]: Sending event: {'category': 'dbt', 'action': 'invocation', 'label': 'start', 'context': [<snowplow_tracker.self_describing_json.SelfDescribingJson object at 0x7840b7bda710>, <snowplow_tracker.self_describing_json.SelfDescribingJson object at 0x7840b7bd8a10>, <snowplow_tracker.self_describing_json.SelfDescribingJson object at 0x7840b7bdbbd0>]}


============================== 11:23:38.813917 | cca92904-9cbe-4500-961c-116161900f17 ==============================
[0m11:23:38.813917 [info ] [MainThread]: Running with dbt=1.8.2
[0m11:23:38.815627 [debug] [MainThread]: running dbt with arguments {'printer_width': '80', 'indirect_selection': 'eager', 'write_json': 'True', 'log_cache_events': 'False', 'partial_parse': 'True', 'cache_selected_only': 'False', 'warn_error': 'None', 'debug': 'False', 'profiles_dir': '/usr/app', 'log_path': '/usr/app/logs', 'version_check': 'True', 'fail_fast': 'False', 'use_colors': 'True', 'use_experimental_parser': 'False', 'no_print': 'None', 'quiet': 'False', 'warn_error_options': 'WarnErrorOptions(include=[], exclude=[])', 'static_parser': 'True', 'log_format': 'default', 'introspect': 'True', 'target_path': 'None', 'invocation_command': 'dbt run --select fact_sales_summary', 'send_anonymous_usage_stats': 'True'}
[0m11:23:38.913280 [debug] [MainThread]: Sending event: {'category': 'dbt', 'action': 'project_id', 'label': 'cca92904-9cbe-4500-961c-116161900f17', 'context': [<snowplow_tracker.self_describing_json.SelfDescribingJson object at 0x7840b7306050>]}
[0m11:23:38.949619 [debug] [MainThread]: Sending event: {'category': 'dbt', 'action': 'adapter_info', 'label': 'cca92904-9cbe-4500-961c-116161900f17', 'context': [<snowplow_tracker.self_describing_json.SelfDescribingJson object at 0x7840ba078850>]}
[0m11:23:38.952549 [info ] [MainThread]: Registered adapter: postgres=1.8.2
[0m11:23:38.997310 [debug] [MainThread]: checksum: f0a141b9de567cb7f131613ba2682f40b3a1c6a157f81c6e5435862eff68f109, vars: {}, profile: , target: , version: 1.8.2
[0m11:23:39.248405 [debug] [MainThread]: Partial parsing enabled: 0 files deleted, 0 files added, 0 files changed.
[0m11:23:39.293301 [debug] [MainThread]: Partial parsing enabled, no changes found, skipping parsing
[0m11:23:39.327745 [debug] [MainThread]: Sending event: {'category': 'dbt', 'action': 'load_project', 'label': 'cca92904-9cbe-4500-961c-116161900f17', 'context': [<snowplow_tracker.self_describing_json.SelfDescribingJson object at 0x7840b6362e10>]}
[0m11:23:39.435037 [debug] [MainThread]: Sending event: {'category': 'dbt', 'action': 'resource_counts', 'label': 'cca92904-9cbe-4500-961c-116161900f17', 'context': [<snowplow_tracker.self_describing_json.SelfDescribingJson object at 0x7840b6b91650>]}
[0m11:23:39.436370 [info ] [MainThread]: Found 4 models, 6 data tests, 428 macros
[0m11:23:39.437741 [debug] [MainThread]: Sending event: {'category': 'dbt', 'action': 'runnable_timing', 'label': 'cca92904-9cbe-4500-961c-116161900f17', 'context': [<snowplow_tracker.self_describing_json.SelfDescribingJson object at 0x7840b6ba4310>]}
[0m11:23:39.439787 [info ] [MainThread]: 
[0m11:23:39.441073 [debug] [MainThread]: Acquiring new postgres connection 'master'
[0m11:23:39.442485 [debug] [ThreadPool]: Acquiring new postgres connection 'list_warehouse'
[0m11:23:39.476126 [debug] [ThreadPool]: Using postgres connection "list_warehouse"
[0m11:23:39.479231 [debug] [ThreadPool]: On list_warehouse: /* {"app": "dbt", "dbt_version": "1.8.2", "profile_name": "api_dwh", "target_name": "dev", "connection_name": "list_warehouse"} */

    select distinct nspname from pg_namespace
  
[0m11:23:39.481277 [debug] [ThreadPool]: Opening a new connection, currently in state init
[0m11:23:39.663539 [debug] [ThreadPool]: SQL status: SELECT 7 in 0.182 seconds
[0m11:23:39.666100 [debug] [ThreadPool]: On list_warehouse: Close
[0m11:23:39.670649 [debug] [ThreadPool]: Re-using an available connection from the pool (formerly list_warehouse, now list_warehouse_mart)
[0m11:23:39.675292 [debug] [ThreadPool]: Using postgres connection "list_warehouse_mart"
[0m11:23:39.676547 [debug] [ThreadPool]: On list_warehouse_mart: BEGIN
[0m11:23:39.677532 [debug] [ThreadPool]: Opening a new connection, currently in state closed
[0m11:23:39.853045 [debug] [ThreadPool]: SQL status: BEGIN in 0.175 seconds
[0m11:23:39.856156 [debug] [ThreadPool]: Using postgres connection "list_warehouse_mart"
[0m11:23:39.859055 [debug] [ThreadPool]: On list_warehouse_mart: /* {"app": "dbt", "dbt_version": "1.8.2", "profile_name": "api_dwh", "target_name": "dev", "connection_name": "list_warehouse_mart"} */
select
      'warehouse' as database,
      tablename as name,
      schemaname as schema,
      'table' as type
    from pg_tables
    where schemaname ilike 'mart'
    union all
    select
      'warehouse' as database,
      viewname as name,
      schemaname as schema,
      'view' as type
    from pg_views
    where schemaname ilike 'mart'
    union all
    select
      'warehouse' as database,
      matviewname as name,
      schemaname as schema,
      'materialized_view' as type
    from pg_matviews
    where schemaname ilike 'mart'
  
[0m11:23:39.884733 [debug] [ThreadPool]: SQL status: SELECT 4 in 0.023 seconds
[0m11:23:39.888172 [debug] [ThreadPool]: On list_warehouse_mart: ROLLBACK
[0m11:23:39.900989 [debug] [ThreadPool]: On list_warehouse_mart: Close
[0m11:23:39.908231 [debug] [MainThread]: Using postgres connection "master"
[0m11:23:39.909670 [debug] [MainThread]: On master: BEGIN
[0m11:23:39.911102 [debug] [MainThread]: Opening a new connection, currently in state init
[0m11:23:40.088073 [debug] [MainThread]: SQL status: BEGIN in 0.177 seconds
[0m11:23:40.090227 [debug] [MainThread]: Using postgres connection "master"
[0m11:23:40.092730 [debug] [MainThread]: On master: /* {"app": "dbt", "dbt_version": "1.8.2", "profile_name": "api_dwh", "target_name": "dev", "connection_name": "master"} */
with relation as (
        select
            pg_rewrite.ev_class as class,
            pg_rewrite.oid as id
        from pg_rewrite
    ),
    class as (
        select
            oid as id,
            relname as name,
            relnamespace as schema,
            relkind as kind
        from pg_class
    ),
    dependency as (
        select distinct
            pg_depend.objid as id,
            pg_depend.refobjid as ref
        from pg_depend
    ),
    schema as (
        select
            pg_namespace.oid as id,
            pg_namespace.nspname as name
        from pg_namespace
        where nspname != 'information_schema' and nspname not like 'pg\_%'
    ),
    referenced as (
        select
            relation.id AS id,
            referenced_class.name ,
            referenced_class.schema ,
            referenced_class.kind
        from relation
        join class as referenced_class on relation.class=referenced_class.id
        where referenced_class.kind in ('r', 'v', 'm')
    ),
    relationships as (
        select
            referenced.name as referenced_name,
            referenced.schema as referenced_schema_id,
            dependent_class.name as dependent_name,
            dependent_class.schema as dependent_schema_id,
            referenced.kind as kind
        from referenced
        join dependency on referenced.id=dependency.id
        join class as dependent_class on dependency.ref=dependent_class.id
        where
            (referenced.name != dependent_class.name or
             referenced.schema != dependent_class.schema)
    )

    select
        referenced_schema.name as referenced_schema,
        relationships.referenced_name as referenced_name,
        dependent_schema.name as dependent_schema,
        relationships.dependent_name as dependent_name
    from relationships
    join schema as dependent_schema on relationships.dependent_schema_id=dependent_schema.id
    join schema as referenced_schema on relationships.referenced_schema_id=referenced_schema.id
    group by referenced_schema, referenced_name, dependent_schema, dependent_name
    order by referenced_schema, referenced_name, dependent_schema, dependent_name;
[0m11:23:40.168529 [debug] [MainThread]: SQL status: SELECT 0 in 0.074 seconds
[0m11:23:40.170979 [debug] [MainThread]: Sending event: {'category': 'dbt', 'action': 'runnable_timing', 'label': 'cca92904-9cbe-4500-961c-116161900f17', 'context': [<snowplow_tracker.self_describing_json.SelfDescribingJson object at 0x7840b730c890>]}
[0m11:23:40.172277 [debug] [MainThread]: On master: ROLLBACK
[0m11:23:40.183461 [debug] [MainThread]: Using postgres connection "master"
[0m11:23:40.184959 [debug] [MainThread]: On master: BEGIN
[0m11:23:40.275852 [debug] [MainThread]: SQL status: BEGIN in 0.090 seconds
[0m11:23:40.277327 [debug] [MainThread]: On master: COMMIT
[0m11:23:40.278514 [debug] [MainThread]: Using postgres connection "master"
[0m11:23:40.279602 [debug] [MainThread]: On master: COMMIT
[0m11:23:40.329666 [debug] [MainThread]: SQL status: COMMIT in 0.048 seconds
[0m11:23:40.331408 [debug] [MainThread]: On master: Close
[0m11:23:40.332966 [info ] [MainThread]: Concurrency: 1 threads (target='dev')
[0m11:23:40.334414 [info ] [MainThread]: 
[0m11:23:40.338359 [debug] [Thread-1 (]: Began running node model.api_dwh.fact_sales_summary
[0m11:23:40.339873 [info ] [Thread-1 (]: 1 of 1 START sql table model mart.fact_sales_summary ........................... [RUN]
[0m11:23:40.341379 [debug] [Thread-1 (]: Re-using an available connection from the pool (formerly list_warehouse_mart, now model.api_dwh.fact_sales_summary)
[0m11:23:40.342853 [debug] [Thread-1 (]: Began compiling node model.api_dwh.fact_sales_summary
[0m11:23:40.349923 [debug] [Thread-1 (]: Writing injected SQL for node "model.api_dwh.fact_sales_summary"
[0m11:23:40.359581 [debug] [Thread-1 (]: Began executing node model.api_dwh.fact_sales_summary
[0m11:23:40.386360 [debug] [Thread-1 (]: Writing runtime sql for node "model.api_dwh.fact_sales_summary"
[0m11:23:40.396912 [debug] [Thread-1 (]: Using postgres connection "model.api_dwh.fact_sales_summary"
[0m11:23:40.398674 [debug] [Thread-1 (]: On model.api_dwh.fact_sales_summary: BEGIN
[0m11:23:40.399776 [debug] [Thread-1 (]: Opening a new connection, currently in state closed
[0m11:23:40.654893 [debug] [Thread-1 (]: SQL status: BEGIN in 0.255 seconds
[0m11:23:40.657708 [debug] [Thread-1 (]: Using postgres connection "model.api_dwh.fact_sales_summary"
[0m11:23:40.659762 [debug] [Thread-1 (]: On model.api_dwh.fact_sales_summary: /* {"app": "dbt", "dbt_version": "1.8.2", "profile_name": "api_dwh", "target_name": "dev", "node_id": "model.api_dwh.fact_sales_summary"} */

  
    

  create  table "warehouse"."mart"."fact_sales_summary__dbt_tmp"
  
  
    as
  
  (
    SELECT DATE(o.order_date) AS sales_date,
    COUNT(DISTINCT o.order_id) AS total_orders,
    COUNT(DISTINCT o.customer_id) AS total_customers,
    SUM(o.qty) AS total_qty,
    SUM(o.qty * o.price) AS gross_sales,
    AVG(o.qty * o.price) AS avg_order_value
FROM staging.ods_orders o
GROUP BY DATE(o.order_date)
  );
  
[0m11:23:41.675508 [debug] [Thread-1 (]: SQL status: SELECT 2 in 1.014 seconds
[0m11:23:41.685959 [debug] [Thread-1 (]: Using postgres connection "model.api_dwh.fact_sales_summary"
[0m11:23:41.688500 [debug] [Thread-1 (]: On model.api_dwh.fact_sales_summary: /* {"app": "dbt", "dbt_version": "1.8.2", "profile_name": "api_dwh", "target_name": "dev", "node_id": "model.api_dwh.fact_sales_summary"} */
alter table "warehouse"."mart"."fact_sales_summary" rename to "fact_sales_summary__dbt_backup"
[0m11:23:41.754732 [debug] [Thread-1 (]: SQL status: ALTER TABLE in 0.064 seconds
[0m11:23:41.760979 [debug] [Thread-1 (]: Using postgres connection "model.api_dwh.fact_sales_summary"
[0m11:23:41.766875 [debug] [Thread-1 (]: On model.api_dwh.fact_sales_summary: /* {"app": "dbt", "dbt_version": "1.8.2", "profile_name": "api_dwh", "target_name": "dev", "node_id": "model.api_dwh.fact_sales_summary"} */
alter table "warehouse"."mart"."fact_sales_summary__dbt_tmp" rename to "fact_sales_summary"
[0m11:23:41.778777 [debug] [Thread-1 (]: SQL status: ALTER TABLE in 0.010 seconds
[0m11:23:41.792458 [debug] [Thread-1 (]: On model.api_dwh.fact_sales_summary: COMMIT
[0m11:23:41.795271 [debug] [Thread-1 (]: Using postgres connection "model.api_dwh.fact_sales_summary"
[0m11:23:41.797874 [debug] [Thread-1 (]: On model.api_dwh.fact_sales_summary: COMMIT
[0m11:23:41.909943 [debug] [Thread-1 (]: SQL status: COMMIT in 0.109 seconds
[0m11:23:41.920676 [debug] [Thread-1 (]: Applying DROP to: "warehouse"."mart"."fact_sales_summary__dbt_backup"
[0m11:23:41.926960 [debug] [Thread-1 (]: Using postgres connection "model.api_dwh.fact_sales_summary"
[0m11:23:41.929229 [debug] [Thread-1 (]: On model.api_dwh.fact_sales_summary: /* {"app": "dbt", "dbt_version": "1.8.2", "profile_name": "api_dwh", "target_name": "dev", "node_id": "model.api_dwh.fact_sales_summary"} */
drop table if exists "warehouse"."mart"."fact_sales_summary__dbt_backup" cascade
[0m11:23:42.190721 [debug] [Thread-1 (]: SQL status: DROP TABLE in 0.260 seconds
[0m11:23:42.198523 [debug] [Thread-1 (]: On model.api_dwh.fact_sales_summary: Close
[0m11:23:42.202790 [debug] [Thread-1 (]: Sending event: {'category': 'dbt', 'action': 'run_model', 'label': 'cca92904-9cbe-4500-961c-116161900f17', 'context': [<snowplow_tracker.self_describing_json.SelfDescribingJson object at 0x7840b5370290>]}
[0m11:23:42.204584 [info ] [Thread-1 (]: 1 of 1 OK created sql table model mart.fact_sales_summary ...................... [[32mSELECT 2[0m in 1.86s]
[0m11:23:42.206509 [debug] [Thread-1 (]: Finished running node model.api_dwh.fact_sales_summary
[0m11:23:42.208490 [debug] [MainThread]: Using postgres connection "master"
[0m11:23:42.209643 [debug] [MainThread]: On master: BEGIN
[0m11:23:42.210400 [debug] [MainThread]: Opening a new connection, currently in state closed
[0m11:23:42.391228 [debug] [MainThread]: SQL status: BEGIN in 0.181 seconds
[0m11:23:42.393031 [debug] [MainThread]: On master: COMMIT
[0m11:23:42.394482 [debug] [MainThread]: Using postgres connection "master"
[0m11:23:42.395714 [debug] [MainThread]: On master: COMMIT
[0m11:23:42.406206 [debug] [MainThread]: SQL status: COMMIT in 0.009 seconds
[0m11:23:42.408353 [debug] [MainThread]: On master: Close
[0m11:23:42.410096 [debug] [MainThread]: Connection 'master' was properly closed.
[0m11:23:42.411367 [debug] [MainThread]: Connection 'model.api_dwh.fact_sales_summary' was properly closed.
[0m11:23:42.412926 [info ] [MainThread]: 
[0m11:23:42.414440 [info ] [MainThread]: Finished running 1 table model in 0 hours 0 minutes and 2.97 seconds (2.97s).
[0m11:23:42.417648 [debug] [MainThread]: Command end result
[0m11:23:42.474237 [info ] [MainThread]: 
[0m11:23:42.475873 [info ] [MainThread]: [32mCompleted successfully[0m
[0m11:23:42.477356 [info ] [MainThread]: 
[0m11:23:42.478467 [info ] [MainThread]: Done. PASS=1 WARN=0 ERROR=0 SKIP=0 TOTAL=1
[0m11:23:42.480231 [debug] [MainThread]: Resource report: {"command_name": "run", "command_success": true, "command_wall_clock_time": 3.716983, "process_user_time": 1.281929, "process_kernel_time": 0.144669, "process_mem_max_rss": "119816", "process_in_blocks": "833", "process_out_blocks": "0"}
[0m11:23:42.481233 [debug] [MainThread]: Command `dbt run` succeeded at 11:23:42.481145 after 3.72 seconds
[0m11:23:42.482795 [debug] [MainThread]: Sending event: {'category': 'dbt', 'action': 'invocation', 'label': 'end', 'context': [<snowplow_tracker.self_describing_json.SelfDescribingJson object at 0x7840bc4c15d0>, <snowplow_tracker.self_describing_json.SelfDescribingJson object at 0x7840bc4f7950>, <snowplow_tracker.self_describing_json.SelfDescribingJson object at 0x7840b7bdb350>]}
[0m11:23:42.484073 [debug] [MainThread]: Flushing usage events
