[2026-06-02T19:38:25.604+0700] {processor.py:186} INFO - Started process (PID=185) to work on /opt/airflow/dags/dbt_mart_pipeline.py
[2026-06-02T19:38:25.608+0700] {processor.py:914} INFO - Processing file /opt/airflow/dags/dbt_mart_pipeline.py for tasks to queue
[2026-06-02T19:38:25.618+0700] {logging_mixin.py:190} INFO - [2026-06-02T19:38:25.614+0700] {dagbag.py:588} INFO - Filling up the DagBag from /opt/airflow/dags/dbt_mart_pipeline.py
[2026-06-02T19:38:25.734+0700] {processor.py:925} INFO - DAG(s) 'dbt_mart_pipeline' retrieved from /opt/airflow/dags/dbt_mart_pipeline.py
[2026-06-02T19:38:26.597+0700] {logging_mixin.py:190} INFO - [2026-06-02T19:38:26.596+0700] {override.py:1911} INFO - Created Permission View: can edit on DAG:dbt_mart_pipeline
[2026-06-02T19:38:26.640+0700] {logging_mixin.py:190} INFO - [2026-06-02T19:38:26.639+0700] {override.py:1911} INFO - Created Permission View: can delete on DAG:dbt_mart_pipeline
[2026-06-02T19:38:26.662+0700] {logging_mixin.py:190} INFO - [2026-06-02T19:38:26.661+0700] {override.py:1911} INFO - Created Permission View: can read on DAG:dbt_mart_pipeline
[2026-06-02T19:38:26.686+0700] {logging_mixin.py:190} INFO - [2026-06-02T19:38:26.685+0700] {override.py:1911} INFO - Created Permission View: can delete on DAG Run:dbt_mart_pipeline
[2026-06-02T19:38:26.708+0700] {logging_mixin.py:190} INFO - [2026-06-02T19:38:26.707+0700] {override.py:1911} INFO - Created Permission View: can create on DAG Run:dbt_mart_pipeline
[2026-06-02T19:38:26.730+0700] {logging_mixin.py:190} INFO - [2026-06-02T19:38:26.729+0700] {override.py:1911} INFO - Created Permission View: can read on DAG Run:dbt_mart_pipeline
[2026-06-02T19:38:26.754+0700] {logging_mixin.py:190} INFO - [2026-06-02T19:38:26.751+0700] {override.py:1911} INFO - Created Permission View: menu access on DAG Run:dbt_mart_pipeline
[2026-06-02T19:38:26.757+0700] {logging_mixin.py:190} INFO - [2026-06-02T19:38:26.757+0700] {dag.py:3239} INFO - Sync 1 DAGs
[2026-06-02T19:38:26.797+0700] {logging_mixin.py:190} INFO - [2026-06-02T19:38:26.796+0700] {dag.py:3262} INFO - Creating ORM DAG for dbt_mart_pipeline
[2026-06-02T19:38:26.801+0700] {logging_mixin.py:190} INFO - [2026-06-02T19:38:26.800+0700] {dag.py:4180} INFO - Setting next_dagrun for dbt_mart_pipeline to None, run_after=None
[2026-06-02T19:38:26.853+0700] {processor.py:208} INFO - Processing /opt/airflow/dags/dbt_mart_pipeline.py took 1.283 seconds
[2026-06-02T19:38:56.975+0700] {processor.py:186} INFO - Started process (PID=190) to work on /opt/airflow/dags/dbt_mart_pipeline.py
[2026-06-02T19:38:56.976+0700] {processor.py:914} INFO - Processing file /opt/airflow/dags/dbt_mart_pipeline.py for tasks to queue
[2026-06-02T19:38:56.980+0700] {logging_mixin.py:190} INFO - [2026-06-02T19:38:56.980+0700] {dagbag.py:588} INFO - Filling up the DagBag from /opt/airflow/dags/dbt_mart_pipeline.py
[2026-06-02T19:38:57.004+0700] {processor.py:925} INFO - DAG(s) 'dbt_mart_pipeline' retrieved from /opt/airflow/dags/dbt_mart_pipeline.py
[2026-06-02T19:38:57.048+0700] {logging_mixin.py:190} INFO - [2026-06-02T19:38:57.047+0700] {dag.py:3239} INFO - Sync 1 DAGs
[2026-06-02T19:38:57.079+0700] {logging_mixin.py:190} INFO - [2026-06-02T19:38:57.078+0700] {dag.py:4180} INFO - Setting next_dagrun for dbt_mart_pipeline to None, run_after=None
[2026-06-02T19:38:57.116+0700] {processor.py:208} INFO - Processing /opt/airflow/dags/dbt_mart_pipeline.py took 0.151 seconds
[2026-06-02T19:39:27.395+0700] {processor.py:186} INFO - Started process (PID=195) to work on /opt/airflow/dags/dbt_mart_pipeline.py
[2026-06-02T19:39:27.397+0700] {processor.py:914} INFO - Processing file /opt/airflow/dags/dbt_mart_pipeline.py for tasks to queue
[2026-06-02T19:39:27.402+0700] {logging_mixin.py:190} INFO - [2026-06-02T19:39:27.402+0700] {dagbag.py:588} INFO - Filling up the DagBag from /opt/airflow/dags/dbt_mart_pipeline.py
[2026-06-02T19:39:27.424+0700] {processor.py:925} INFO - DAG(s) 'dbt_mart_pipeline' retrieved from /opt/airflow/dags/dbt_mart_pipeline.py
[2026-06-02T19:39:27.470+0700] {logging_mixin.py:190} INFO - [2026-06-02T19:39:27.470+0700] {dag.py:3239} INFO - Sync 1 DAGs
[2026-06-02T19:39:27.490+0700] {logging_mixin.py:190} INFO - [2026-06-02T19:39:27.490+0700] {dag.py:4180} INFO - Setting next_dagrun for dbt_mart_pipeline to None, run_after=None
[2026-06-02T19:39:27.516+0700] {processor.py:208} INFO - Processing /opt/airflow/dags/dbt_mart_pipeline.py took 0.130 seconds
[2026-06-02T19:39:57.888+0700] {processor.py:186} INFO - Started process (PID=213) to work on /opt/airflow/dags/dbt_mart_pipeline.py
[2026-06-02T19:39:57.890+0700] {processor.py:914} INFO - Processing file /opt/airflow/dags/dbt_mart_pipeline.py for tasks to queue
[2026-06-02T19:39:57.893+0700] {logging_mixin.py:190} INFO - [2026-06-02T19:39:57.893+0700] {dagbag.py:588} INFO - Filling up the DagBag from /opt/airflow/dags/dbt_mart_pipeline.py
[2026-06-02T19:39:57.925+0700] {processor.py:925} INFO - DAG(s) 'dbt_mart_pipeline' retrieved from /opt/airflow/dags/dbt_mart_pipeline.py
[2026-06-02T19:39:57.965+0700] {logging_mixin.py:190} INFO - [2026-06-02T19:39:57.964+0700] {dag.py:3239} INFO - Sync 1 DAGs
[2026-06-02T19:39:57.985+0700] {logging_mixin.py:190} INFO - [2026-06-02T19:39:57.985+0700] {dag.py:4180} INFO - Setting next_dagrun for dbt_mart_pipeline to None, run_after=None
[2026-06-02T19:39:58.012+0700] {processor.py:208} INFO - Processing /opt/airflow/dags/dbt_mart_pipeline.py took 0.133 seconds
[2026-06-02T19:40:28.348+0700] {processor.py:186} INFO - Started process (PID=218) to work on /opt/airflow/dags/dbt_mart_pipeline.py
[2026-06-02T19:40:28.350+0700] {processor.py:914} INFO - Processing file /opt/airflow/dags/dbt_mart_pipeline.py for tasks to queue
[2026-06-02T19:40:28.352+0700] {logging_mixin.py:190} INFO - [2026-06-02T19:40:28.352+0700] {dagbag.py:588} INFO - Filling up the DagBag from /opt/airflow/dags/dbt_mart_pipeline.py
[2026-06-02T19:40:28.375+0700] {processor.py:925} INFO - DAG(s) 'dbt_mart_pipeline' retrieved from /opt/airflow/dags/dbt_mart_pipeline.py
[2026-06-02T19:40:28.407+0700] {logging_mixin.py:190} INFO - [2026-06-02T19:40:28.407+0700] {dag.py:3239} INFO - Sync 1 DAGs
[2026-06-02T19:40:28.425+0700] {logging_mixin.py:190} INFO - [2026-06-02T19:40:28.425+0700] {dag.py:4180} INFO - Setting next_dagrun for dbt_mart_pipeline to None, run_after=None
[2026-06-02T19:40:28.450+0700] {processor.py:208} INFO - Processing /opt/airflow/dags/dbt_mart_pipeline.py took 0.109 seconds
[2026-06-02T19:40:58.820+0700] {processor.py:186} INFO - Started process (PID=223) to work on /opt/airflow/dags/dbt_mart_pipeline.py
[2026-06-02T19:40:58.821+0700] {processor.py:914} INFO - Processing file /opt/airflow/dags/dbt_mart_pipeline.py for tasks to queue
[2026-06-02T19:40:58.824+0700] {logging_mixin.py:190} INFO - [2026-06-02T19:40:58.823+0700] {dagbag.py:588} INFO - Filling up the DagBag from /opt/airflow/dags/dbt_mart_pipeline.py
[2026-06-02T19:40:58.841+0700] {processor.py:925} INFO - DAG(s) 'dbt_mart_pipeline' retrieved from /opt/airflow/dags/dbt_mart_pipeline.py
[2026-06-02T19:40:58.876+0700] {logging_mixin.py:190} INFO - [2026-06-02T19:40:58.875+0700] {dag.py:3239} INFO - Sync 1 DAGs
[2026-06-02T19:40:58.893+0700] {logging_mixin.py:190} INFO - [2026-06-02T19:40:58.893+0700] {dag.py:4180} INFO - Setting next_dagrun for dbt_mart_pipeline to None, run_after=None
[2026-06-02T19:40:58.915+0700] {processor.py:208} INFO - Processing /opt/airflow/dags/dbt_mart_pipeline.py took 0.100 seconds
[2026-06-02T19:44:26.939+0700] {processor.py:186} INFO - Started process (PID=184) to work on /opt/airflow/dags/dbt_mart_pipeline.py
[2026-06-02T19:44:26.942+0700] {processor.py:914} INFO - Processing file /opt/airflow/dags/dbt_mart_pipeline.py for tasks to queue
[2026-06-02T19:44:26.948+0700] {logging_mixin.py:190} INFO - [2026-06-02T19:44:26.947+0700] {dagbag.py:588} INFO - Filling up the DagBag from /opt/airflow/dags/dbt_mart_pipeline.py
[2026-06-02T19:44:27.017+0700] {processor.py:925} INFO - DAG(s) 'dbt_mart_pipeline' retrieved from /opt/airflow/dags/dbt_mart_pipeline.py
[2026-06-02T19:44:27.179+0700] {logging_mixin.py:190} INFO - [2026-06-02T19:44:27.178+0700] {dag.py:3239} INFO - Sync 1 DAGs
[2026-06-02T19:44:27.235+0700] {logging_mixin.py:190} INFO - [2026-06-02T19:44:27.234+0700] {dag.py:4180} INFO - Setting next_dagrun for dbt_mart_pipeline to None, run_after=None
[2026-06-02T19:44:27.291+0700] {processor.py:208} INFO - Processing /opt/airflow/dags/dbt_mart_pipeline.py took 0.377 seconds
[2026-06-02T19:44:57.648+0700] {processor.py:186} INFO - Started process (PID=203) to work on /opt/airflow/dags/dbt_mart_pipeline.py
[2026-06-02T19:44:57.649+0700] {processor.py:914} INFO - Processing file /opt/airflow/dags/dbt_mart_pipeline.py for tasks to queue
[2026-06-02T19:44:57.653+0700] {logging_mixin.py:190} INFO - [2026-06-02T19:44:57.653+0700] {dagbag.py:588} INFO - Filling up the DagBag from /opt/airflow/dags/dbt_mart_pipeline.py
[2026-06-02T19:44:57.675+0700] {processor.py:925} INFO - DAG(s) 'dbt_mart_pipeline' retrieved from /opt/airflow/dags/dbt_mart_pipeline.py
[2026-06-02T19:44:57.714+0700] {logging_mixin.py:190} INFO - [2026-06-02T19:44:57.714+0700] {dag.py:3239} INFO - Sync 1 DAGs
[2026-06-02T19:44:57.735+0700] {logging_mixin.py:190} INFO - [2026-06-02T19:44:57.734+0700] {dag.py:4180} INFO - Setting next_dagrun for dbt_mart_pipeline to None, run_after=None
[2026-06-02T19:44:57.769+0700] {processor.py:208} INFO - Processing /opt/airflow/dags/dbt_mart_pipeline.py took 0.130 seconds
[2026-06-02T19:45:28.004+0700] {processor.py:186} INFO - Started process (PID=221) to work on /opt/airflow/dags/dbt_mart_pipeline.py
[2026-06-02T19:45:28.005+0700] {processor.py:914} INFO - Processing file /opt/airflow/dags/dbt_mart_pipeline.py for tasks to queue
[2026-06-02T19:45:28.009+0700] {logging_mixin.py:190} INFO - [2026-06-02T19:45:28.009+0700] {dagbag.py:588} INFO - Filling up the DagBag from /opt/airflow/dags/dbt_mart_pipeline.py
[2026-06-02T19:45:28.039+0700] {processor.py:925} INFO - DAG(s) 'dbt_mart_pipeline' retrieved from /opt/airflow/dags/dbt_mart_pipeline.py
[2026-06-02T19:45:28.090+0700] {logging_mixin.py:190} INFO - [2026-06-02T19:45:28.089+0700] {dag.py:3239} INFO - Sync 1 DAGs
[2026-06-02T19:45:28.113+0700] {logging_mixin.py:190} INFO - [2026-06-02T19:45:28.113+0700] {dag.py:4180} INFO - Setting next_dagrun for dbt_mart_pipeline to None, run_after=None
[2026-06-02T19:45:28.143+0700] {processor.py:208} INFO - Processing /opt/airflow/dags/dbt_mart_pipeline.py took 0.150 seconds
[2026-06-02T19:45:58.581+0700] {processor.py:186} INFO - Started process (PID=226) to work on /opt/airflow/dags/dbt_mart_pipeline.py
[2026-06-02T19:45:58.581+0700] {processor.py:914} INFO - Processing file /opt/airflow/dags/dbt_mart_pipeline.py for tasks to queue
[2026-06-02T19:45:58.585+0700] {logging_mixin.py:190} INFO - [2026-06-02T19:45:58.584+0700] {dagbag.py:588} INFO - Filling up the DagBag from /opt/airflow/dags/dbt_mart_pipeline.py
[2026-06-02T19:45:58.606+0700] {processor.py:925} INFO - DAG(s) 'dbt_mart_pipeline' retrieved from /opt/airflow/dags/dbt_mart_pipeline.py
[2026-06-02T19:45:58.640+0700] {logging_mixin.py:190} INFO - [2026-06-02T19:45:58.640+0700] {dag.py:3239} INFO - Sync 1 DAGs
[2026-06-02T19:45:58.657+0700] {logging_mixin.py:190} INFO - [2026-06-02T19:45:58.657+0700] {dag.py:4180} INFO - Setting next_dagrun for dbt_mart_pipeline to None, run_after=None
[2026-06-02T19:45:58.677+0700] {processor.py:208} INFO - Processing /opt/airflow/dags/dbt_mart_pipeline.py took 0.104 seconds
[2026-06-02T19:46:29.033+0700] {processor.py:186} INFO - Started process (PID=231) to work on /opt/airflow/dags/dbt_mart_pipeline.py
[2026-06-02T19:46:29.034+0700] {processor.py:914} INFO - Processing file /opt/airflow/dags/dbt_mart_pipeline.py for tasks to queue
[2026-06-02T19:46:29.038+0700] {logging_mixin.py:190} INFO - [2026-06-02T19:46:29.037+0700] {dagbag.py:588} INFO - Filling up the DagBag from /opt/airflow/dags/dbt_mart_pipeline.py
[2026-06-02T19:46:29.059+0700] {processor.py:925} INFO - DAG(s) 'dbt_mart_pipeline' retrieved from /opt/airflow/dags/dbt_mart_pipeline.py
[2026-06-02T19:46:29.098+0700] {logging_mixin.py:190} INFO - [2026-06-02T19:46:29.098+0700] {dag.py:3239} INFO - Sync 1 DAGs
[2026-06-02T19:46:29.120+0700] {logging_mixin.py:190} INFO - [2026-06-02T19:46:29.119+0700] {dag.py:4180} INFO - Setting next_dagrun for dbt_mart_pipeline to None, run_after=None
[2026-06-02T19:46:29.140+0700] {processor.py:208} INFO - Processing /opt/airflow/dags/dbt_mart_pipeline.py took 0.116 seconds
[2026-06-02T19:46:59.556+0700] {processor.py:186} INFO - Started process (PID=236) to work on /opt/airflow/dags/dbt_mart_pipeline.py
[2026-06-02T19:46:59.557+0700] {processor.py:914} INFO - Processing file /opt/airflow/dags/dbt_mart_pipeline.py for tasks to queue
[2026-06-02T19:46:59.561+0700] {logging_mixin.py:190} INFO - [2026-06-02T19:46:59.560+0700] {dagbag.py:588} INFO - Filling up the DagBag from /opt/airflow/dags/dbt_mart_pipeline.py
[2026-06-02T19:46:59.582+0700] {processor.py:925} INFO - DAG(s) 'dbt_mart_pipeline' retrieved from /opt/airflow/dags/dbt_mart_pipeline.py
[2026-06-02T19:46:59.616+0700] {logging_mixin.py:190} INFO - [2026-06-02T19:46:59.616+0700] {dag.py:3239} INFO - Sync 1 DAGs
[2026-06-02T19:46:59.635+0700] {logging_mixin.py:190} INFO - [2026-06-02T19:46:59.635+0700] {dag.py:4180} INFO - Setting next_dagrun for dbt_mart_pipeline to None, run_after=None
[2026-06-02T19:46:59.659+0700] {processor.py:208} INFO - Processing /opt/airflow/dags/dbt_mart_pipeline.py took 0.110 seconds
[2026-06-02T19:47:30.015+0700] {processor.py:186} INFO - Started process (PID=257) to work on /opt/airflow/dags/dbt_mart_pipeline.py
[2026-06-02T19:47:30.016+0700] {processor.py:914} INFO - Processing file /opt/airflow/dags/dbt_mart_pipeline.py for tasks to queue
[2026-06-02T19:47:30.019+0700] {logging_mixin.py:190} INFO - [2026-06-02T19:47:30.019+0700] {dagbag.py:588} INFO - Filling up the DagBag from /opt/airflow/dags/dbt_mart_pipeline.py
[2026-06-02T19:47:30.039+0700] {processor.py:925} INFO - DAG(s) 'dbt_mart_pipeline' retrieved from /opt/airflow/dags/dbt_mart_pipeline.py
[2026-06-02T19:47:30.071+0700] {logging_mixin.py:190} INFO - [2026-06-02T19:47:30.071+0700] {dag.py:3239} INFO - Sync 1 DAGs
[2026-06-02T19:47:30.087+0700] {logging_mixin.py:190} INFO - [2026-06-02T19:47:30.087+0700] {dag.py:4180} INFO - Setting next_dagrun for dbt_mart_pipeline to None, run_after=None
[2026-06-02T19:47:30.111+0700] {processor.py:208} INFO - Processing /opt/airflow/dags/dbt_mart_pipeline.py took 0.102 seconds
[2026-06-02T19:48:00.455+0700] {processor.py:186} INFO - Started process (PID=262) to work on /opt/airflow/dags/dbt_mart_pipeline.py
[2026-06-02T19:48:00.456+0700] {processor.py:914} INFO - Processing file /opt/airflow/dags/dbt_mart_pipeline.py for tasks to queue
[2026-06-02T19:48:00.461+0700] {logging_mixin.py:190} INFO - [2026-06-02T19:48:00.461+0700] {dagbag.py:588} INFO - Filling up the DagBag from /opt/airflow/dags/dbt_mart_pipeline.py
[2026-06-02T19:48:00.490+0700] {processor.py:925} INFO - DAG(s) 'dbt_mart_pipeline' retrieved from /opt/airflow/dags/dbt_mart_pipeline.py
[2026-06-02T19:48:00.535+0700] {logging_mixin.py:190} INFO - [2026-06-02T19:48:00.535+0700] {dag.py:3239} INFO - Sync 1 DAGs
[2026-06-02T19:48:00.555+0700] {logging_mixin.py:190} INFO - [2026-06-02T19:48:00.555+0700] {dag.py:4180} INFO - Setting next_dagrun for dbt_mart_pipeline to None, run_after=None
[2026-06-02T19:48:00.583+0700] {processor.py:208} INFO - Processing /opt/airflow/dags/dbt_mart_pipeline.py took 0.135 seconds
[2026-06-02T19:48:30.843+0700] {processor.py:186} INFO - Started process (PID=267) to work on /opt/airflow/dags/dbt_mart_pipeline.py
[2026-06-02T19:48:30.844+0700] {processor.py:914} INFO - Processing file /opt/airflow/dags/dbt_mart_pipeline.py for tasks to queue
[2026-06-02T19:48:30.847+0700] {logging_mixin.py:190} INFO - [2026-06-02T19:48:30.846+0700] {dagbag.py:588} INFO - Filling up the DagBag from /opt/airflow/dags/dbt_mart_pipeline.py
[2026-06-02T19:48:30.872+0700] {processor.py:925} INFO - DAG(s) 'dbt_mart_pipeline' retrieved from /opt/airflow/dags/dbt_mart_pipeline.py
[2026-06-02T19:48:30.914+0700] {logging_mixin.py:190} INFO - [2026-06-02T19:48:30.913+0700] {dag.py:3239} INFO - Sync 1 DAGs
[2026-06-02T19:48:30.936+0700] {logging_mixin.py:190} INFO - [2026-06-02T19:48:30.936+0700] {dag.py:4180} INFO - Setting next_dagrun for dbt_mart_pipeline to None, run_after=None
[2026-06-02T19:48:30.963+0700] {processor.py:208} INFO - Processing /opt/airflow/dags/dbt_mart_pipeline.py took 0.128 seconds
[2026-06-02T19:49:01.216+0700] {processor.py:186} INFO - Started process (PID=272) to work on /opt/airflow/dags/dbt_mart_pipeline.py
[2026-06-02T19:49:01.217+0700] {processor.py:914} INFO - Processing file /opt/airflow/dags/dbt_mart_pipeline.py for tasks to queue
[2026-06-02T19:49:01.220+0700] {logging_mixin.py:190} INFO - [2026-06-02T19:49:01.220+0700] {dagbag.py:588} INFO - Filling up the DagBag from /opt/airflow/dags/dbt_mart_pipeline.py
[2026-06-02T19:49:01.242+0700] {processor.py:925} INFO - DAG(s) 'dbt_mart_pipeline' retrieved from /opt/airflow/dags/dbt_mart_pipeline.py
[2026-06-02T19:49:01.276+0700] {logging_mixin.py:190} INFO - [2026-06-02T19:49:01.276+0700] {dag.py:3239} INFO - Sync 1 DAGs
[2026-06-02T19:49:01.295+0700] {logging_mixin.py:190} INFO - [2026-06-02T19:49:01.295+0700] {dag.py:4180} INFO - Setting next_dagrun for dbt_mart_pipeline to None, run_after=None
[2026-06-02T19:49:01.318+0700] {processor.py:208} INFO - Processing /opt/airflow/dags/dbt_mart_pipeline.py took 0.109 seconds
[2026-06-02T19:49:31.601+0700] {processor.py:186} INFO - Started process (PID=277) to work on /opt/airflow/dags/dbt_mart_pipeline.py
[2026-06-02T19:49:31.602+0700] {processor.py:914} INFO - Processing file /opt/airflow/dags/dbt_mart_pipeline.py for tasks to queue
[2026-06-02T19:49:31.606+0700] {logging_mixin.py:190} INFO - [2026-06-02T19:49:31.606+0700] {dagbag.py:588} INFO - Filling up the DagBag from /opt/airflow/dags/dbt_mart_pipeline.py
[2026-06-02T19:49:31.627+0700] {processor.py:925} INFO - DAG(s) 'dbt_mart_pipeline' retrieved from /opt/airflow/dags/dbt_mart_pipeline.py
[2026-06-02T19:49:31.661+0700] {logging_mixin.py:190} INFO - [2026-06-02T19:49:31.661+0700] {dag.py:3239} INFO - Sync 1 DAGs
[2026-06-02T19:49:31.681+0700] {logging_mixin.py:190} INFO - [2026-06-02T19:49:31.681+0700] {dag.py:4180} INFO - Setting next_dagrun for dbt_mart_pipeline to None, run_after=None
[2026-06-02T19:49:31.710+0700] {processor.py:208} INFO - Processing /opt/airflow/dags/dbt_mart_pipeline.py took 0.117 seconds
[2026-06-02T19:50:02.013+0700] {processor.py:186} INFO - Started process (PID=282) to work on /opt/airflow/dags/dbt_mart_pipeline.py
[2026-06-02T19:50:02.014+0700] {processor.py:914} INFO - Processing file /opt/airflow/dags/dbt_mart_pipeline.py for tasks to queue
[2026-06-02T19:50:02.017+0700] {logging_mixin.py:190} INFO - [2026-06-02T19:50:02.017+0700] {dagbag.py:588} INFO - Filling up the DagBag from /opt/airflow/dags/dbt_mart_pipeline.py
[2026-06-02T19:50:02.036+0700] {processor.py:925} INFO - DAG(s) 'dbt_mart_pipeline' retrieved from /opt/airflow/dags/dbt_mart_pipeline.py
[2026-06-02T19:50:02.067+0700] {logging_mixin.py:190} INFO - [2026-06-02T19:50:02.067+0700] {dag.py:3239} INFO - Sync 1 DAGs
[2026-06-02T19:50:02.084+0700] {logging_mixin.py:190} INFO - [2026-06-02T19:50:02.084+0700] {dag.py:4180} INFO - Setting next_dagrun for dbt_mart_pipeline to None, run_after=None
[2026-06-02T19:50:02.107+0700] {processor.py:208} INFO - Processing /opt/airflow/dags/dbt_mart_pipeline.py took 0.101 seconds
[2026-06-02T19:50:32.519+0700] {processor.py:186} INFO - Started process (PID=287) to work on /opt/airflow/dags/dbt_mart_pipeline.py
[2026-06-02T19:50:32.520+0700] {processor.py:914} INFO - Processing file /opt/airflow/dags/dbt_mart_pipeline.py for tasks to queue
[2026-06-02T19:50:32.523+0700] {logging_mixin.py:190} INFO - [2026-06-02T19:50:32.522+0700] {dagbag.py:588} INFO - Filling up the DagBag from /opt/airflow/dags/dbt_mart_pipeline.py
[2026-06-02T19:50:32.545+0700] {processor.py:925} INFO - DAG(s) 'dbt_mart_pipeline' retrieved from /opt/airflow/dags/dbt_mart_pipeline.py
[2026-06-02T19:50:32.581+0700] {logging_mixin.py:190} INFO - [2026-06-02T19:50:32.581+0700] {dag.py:3239} INFO - Sync 1 DAGs
[2026-06-02T19:50:32.605+0700] {logging_mixin.py:190} INFO - [2026-06-02T19:50:32.605+0700] {dag.py:4180} INFO - Setting next_dagrun for dbt_mart_pipeline to None, run_after=None
[2026-06-02T19:50:32.630+0700] {processor.py:208} INFO - Processing /opt/airflow/dags/dbt_mart_pipeline.py took 0.119 seconds
[2026-06-02T19:51:02.907+0700] {processor.py:186} INFO - Started process (PID=292) to work on /opt/airflow/dags/dbt_mart_pipeline.py
[2026-06-02T19:51:02.909+0700] {processor.py:914} INFO - Processing file /opt/airflow/dags/dbt_mart_pipeline.py for tasks to queue
[2026-06-02T19:51:02.913+0700] {logging_mixin.py:190} INFO - [2026-06-02T19:51:02.913+0700] {dagbag.py:588} INFO - Filling up the DagBag from /opt/airflow/dags/dbt_mart_pipeline.py
[2026-06-02T19:51:02.946+0700] {processor.py:925} INFO - DAG(s) 'dbt_mart_pipeline' retrieved from /opt/airflow/dags/dbt_mart_pipeline.py
[2026-06-02T19:51:02.998+0700] {logging_mixin.py:190} INFO - [2026-06-02T19:51:02.998+0700] {dag.py:3239} INFO - Sync 1 DAGs
[2026-06-02T19:51:03.026+0700] {logging_mixin.py:190} INFO - [2026-06-02T19:51:03.025+0700] {dag.py:4180} INFO - Setting next_dagrun for dbt_mart_pipeline to None, run_after=None
[2026-06-02T19:51:03.067+0700] {processor.py:208} INFO - Processing /opt/airflow/dags/dbt_mart_pipeline.py took 0.170 seconds
[2026-06-02T19:51:33.372+0700] {processor.py:186} INFO - Started process (PID=297) to work on /opt/airflow/dags/dbt_mart_pipeline.py
[2026-06-02T19:51:33.373+0700] {processor.py:914} INFO - Processing file /opt/airflow/dags/dbt_mart_pipeline.py for tasks to queue
[2026-06-02T19:51:33.375+0700] {logging_mixin.py:190} INFO - [2026-06-02T19:51:33.374+0700] {dagbag.py:588} INFO - Filling up the DagBag from /opt/airflow/dags/dbt_mart_pipeline.py
[2026-06-02T19:51:33.393+0700] {processor.py:925} INFO - DAG(s) 'dbt_mart_pipeline' retrieved from /opt/airflow/dags/dbt_mart_pipeline.py
[2026-06-02T19:51:33.427+0700] {logging_mixin.py:190} INFO - [2026-06-02T19:51:33.426+0700] {dag.py:3239} INFO - Sync 1 DAGs
[2026-06-02T19:51:33.442+0700] {logging_mixin.py:190} INFO - [2026-06-02T19:51:33.442+0700] {dag.py:4180} INFO - Setting next_dagrun for dbt_mart_pipeline to None, run_after=None
[2026-06-02T19:51:33.465+0700] {processor.py:208} INFO - Processing /opt/airflow/dags/dbt_mart_pipeline.py took 0.099 seconds
[2026-06-02T19:52:03.862+0700] {processor.py:186} INFO - Started process (PID=302) to work on /opt/airflow/dags/dbt_mart_pipeline.py
[2026-06-02T19:52:03.863+0700] {processor.py:914} INFO - Processing file /opt/airflow/dags/dbt_mart_pipeline.py for tasks to queue
[2026-06-02T19:52:03.865+0700] {logging_mixin.py:190} INFO - [2026-06-02T19:52:03.865+0700] {dagbag.py:588} INFO - Filling up the DagBag from /opt/airflow/dags/dbt_mart_pipeline.py
[2026-06-02T19:52:03.883+0700] {processor.py:925} INFO - DAG(s) 'dbt_mart_pipeline' retrieved from /opt/airflow/dags/dbt_mart_pipeline.py
[2026-06-02T19:52:03.914+0700] {logging_mixin.py:190} INFO - [2026-06-02T19:52:03.914+0700] {dag.py:3239} INFO - Sync 1 DAGs
[2026-06-02T19:52:03.932+0700] {logging_mixin.py:190} INFO - [2026-06-02T19:52:03.932+0700] {dag.py:4180} INFO - Setting next_dagrun for dbt_mart_pipeline to None, run_after=None
[2026-06-02T19:52:03.956+0700] {processor.py:208} INFO - Processing /opt/airflow/dags/dbt_mart_pipeline.py took 0.100 seconds
[2026-06-02T19:52:34.333+0700] {processor.py:186} INFO - Started process (PID=307) to work on /opt/airflow/dags/dbt_mart_pipeline.py
[2026-06-02T19:52:34.334+0700] {processor.py:914} INFO - Processing file /opt/airflow/dags/dbt_mart_pipeline.py for tasks to queue
[2026-06-02T19:52:34.337+0700] {logging_mixin.py:190} INFO - [2026-06-02T19:52:34.336+0700] {dagbag.py:588} INFO - Filling up the DagBag from /opt/airflow/dags/dbt_mart_pipeline.py
[2026-06-02T19:52:34.354+0700] {processor.py:925} INFO - DAG(s) 'dbt_mart_pipeline' retrieved from /opt/airflow/dags/dbt_mart_pipeline.py
[2026-06-02T19:52:34.391+0700] {logging_mixin.py:190} INFO - [2026-06-02T19:52:34.390+0700] {dag.py:3239} INFO - Sync 1 DAGs
[2026-06-02T19:52:34.410+0700] {logging_mixin.py:190} INFO - [2026-06-02T19:52:34.410+0700] {dag.py:4180} INFO - Setting next_dagrun for dbt_mart_pipeline to None, run_after=None
[2026-06-02T19:52:34.441+0700] {processor.py:208} INFO - Processing /opt/airflow/dags/dbt_mart_pipeline.py took 0.115 seconds
[2026-06-02T19:56:10.792+0700] {processor.py:186} INFO - Started process (PID=185) to work on /opt/airflow/dags/dbt_mart_pipeline.py
[2026-06-02T19:56:10.795+0700] {processor.py:914} INFO - Processing file /opt/airflow/dags/dbt_mart_pipeline.py for tasks to queue
[2026-06-02T19:56:10.802+0700] {logging_mixin.py:190} INFO - [2026-06-02T19:56:10.801+0700] {dagbag.py:588} INFO - Filling up the DagBag from /opt/airflow/dags/dbt_mart_pipeline.py
[2026-06-02T19:56:10.884+0700] {processor.py:925} INFO - DAG(s) 'dbt_mart_pipeline' retrieved from /opt/airflow/dags/dbt_mart_pipeline.py
[2026-06-02T19:56:10.966+0700] {logging_mixin.py:190} INFO - [2026-06-02T19:56:10.966+0700] {dag.py:3239} INFO - Sync 1 DAGs
[2026-06-02T19:56:10.993+0700] {logging_mixin.py:190} INFO - [2026-06-02T19:56:10.993+0700] {dag.py:4180} INFO - Setting next_dagrun for dbt_mart_pipeline to None, run_after=None
[2026-06-02T19:56:11.037+0700] {processor.py:208} INFO - Processing /opt/airflow/dags/dbt_mart_pipeline.py took 0.262 seconds
[2026-06-02T19:56:41.113+0700] {processor.py:186} INFO - Started process (PID=190) to work on /opt/airflow/dags/dbt_mart_pipeline.py
[2026-06-02T19:56:41.114+0700] {processor.py:914} INFO - Processing file /opt/airflow/dags/dbt_mart_pipeline.py for tasks to queue
[2026-06-02T19:56:41.118+0700] {logging_mixin.py:190} INFO - [2026-06-02T19:56:41.118+0700] {dagbag.py:588} INFO - Filling up the DagBag from /opt/airflow/dags/dbt_mart_pipeline.py
[2026-06-02T19:56:41.142+0700] {processor.py:925} INFO - DAG(s) 'dbt_mart_pipeline' retrieved from /opt/airflow/dags/dbt_mart_pipeline.py
[2026-06-02T19:56:41.192+0700] {logging_mixin.py:190} INFO - [2026-06-02T19:56:41.191+0700] {dag.py:3239} INFO - Sync 1 DAGs
[2026-06-02T19:56:41.220+0700] {logging_mixin.py:190} INFO - [2026-06-02T19:56:41.219+0700] {dag.py:4180} INFO - Setting next_dagrun for dbt_mart_pipeline to None, run_after=None
[2026-06-02T19:56:41.248+0700] {processor.py:208} INFO - Processing /opt/airflow/dags/dbt_mart_pipeline.py took 0.146 seconds
[2026-06-02T19:57:11.538+0700] {processor.py:186} INFO - Started process (PID=209) to work on /opt/airflow/dags/dbt_mart_pipeline.py
[2026-06-02T19:57:11.539+0700] {processor.py:914} INFO - Processing file /opt/airflow/dags/dbt_mart_pipeline.py for tasks to queue
[2026-06-02T19:57:11.542+0700] {logging_mixin.py:190} INFO - [2026-06-02T19:57:11.542+0700] {dagbag.py:588} INFO - Filling up the DagBag from /opt/airflow/dags/dbt_mart_pipeline.py
[2026-06-02T19:57:11.563+0700] {processor.py:925} INFO - DAG(s) 'dbt_mart_pipeline' retrieved from /opt/airflow/dags/dbt_mart_pipeline.py
[2026-06-02T19:57:11.601+0700] {logging_mixin.py:190} INFO - [2026-06-02T19:57:11.601+0700] {dag.py:3239} INFO - Sync 1 DAGs
[2026-06-02T19:57:11.619+0700] {logging_mixin.py:190} INFO - [2026-06-02T19:57:11.618+0700] {dag.py:4180} INFO - Setting next_dagrun for dbt_mart_pipeline to None, run_after=None
[2026-06-02T19:57:11.643+0700] {processor.py:208} INFO - Processing /opt/airflow/dags/dbt_mart_pipeline.py took 0.113 seconds
[2026-06-02T19:57:41.945+0700] {processor.py:186} INFO - Started process (PID=253) to work on /opt/airflow/dags/dbt_mart_pipeline.py
[2026-06-02T19:57:41.945+0700] {processor.py:914} INFO - Processing file /opt/airflow/dags/dbt_mart_pipeline.py for tasks to queue
[2026-06-02T19:57:41.949+0700] {logging_mixin.py:190} INFO - [2026-06-02T19:57:41.948+0700] {dagbag.py:588} INFO - Filling up the DagBag from /opt/airflow/dags/dbt_mart_pipeline.py
[2026-06-02T19:57:41.974+0700] {processor.py:925} INFO - DAG(s) 'dbt_mart_pipeline' retrieved from /opt/airflow/dags/dbt_mart_pipeline.py
[2026-06-02T19:57:42.014+0700] {logging_mixin.py:190} INFO - [2026-06-02T19:57:42.014+0700] {dag.py:3239} INFO - Sync 1 DAGs
[2026-06-02T19:57:42.034+0700] {logging_mixin.py:190} INFO - [2026-06-02T19:57:42.033+0700] {dag.py:4180} INFO - Setting next_dagrun for dbt_mart_pipeline to None, run_after=None
[2026-06-02T19:57:42.060+0700] {processor.py:208} INFO - Processing /opt/airflow/dags/dbt_mart_pipeline.py took 0.123 seconds
[2026-06-02T19:58:12.388+0700] {processor.py:186} INFO - Started process (PID=258) to work on /opt/airflow/dags/dbt_mart_pipeline.py
[2026-06-02T19:58:12.390+0700] {processor.py:914} INFO - Processing file /opt/airflow/dags/dbt_mart_pipeline.py for tasks to queue
[2026-06-02T19:58:12.393+0700] {logging_mixin.py:190} INFO - [2026-06-02T19:58:12.392+0700] {dagbag.py:588} INFO - Filling up the DagBag from /opt/airflow/dags/dbt_mart_pipeline.py
[2026-06-02T19:58:12.414+0700] {processor.py:925} INFO - DAG(s) 'dbt_mart_pipeline' retrieved from /opt/airflow/dags/dbt_mart_pipeline.py
[2026-06-02T19:58:12.450+0700] {logging_mixin.py:190} INFO - [2026-06-02T19:58:12.450+0700] {dag.py:3239} INFO - Sync 1 DAGs
[2026-06-02T19:58:12.471+0700] {logging_mixin.py:190} INFO - [2026-06-02T19:58:12.471+0700] {dag.py:4180} INFO - Setting next_dagrun for dbt_mart_pipeline to None, run_after=None
[2026-06-02T19:58:12.497+0700] {processor.py:208} INFO - Processing /opt/airflow/dags/dbt_mart_pipeline.py took 0.116 seconds
[2026-06-02T19:58:42.877+0700] {processor.py:186} INFO - Started process (PID=263) to work on /opt/airflow/dags/dbt_mart_pipeline.py
[2026-06-02T19:58:42.878+0700] {processor.py:914} INFO - Processing file /opt/airflow/dags/dbt_mart_pipeline.py for tasks to queue
[2026-06-02T19:58:42.881+0700] {logging_mixin.py:190} INFO - [2026-06-02T19:58:42.881+0700] {dagbag.py:588} INFO - Filling up the DagBag from /opt/airflow/dags/dbt_mart_pipeline.py
[2026-06-02T19:58:42.911+0700] {processor.py:925} INFO - DAG(s) 'dbt_mart_pipeline' retrieved from /opt/airflow/dags/dbt_mart_pipeline.py
[2026-06-02T19:58:42.949+0700] {logging_mixin.py:190} INFO - [2026-06-02T19:58:42.949+0700] {dag.py:3239} INFO - Sync 1 DAGs
[2026-06-02T19:58:42.969+0700] {logging_mixin.py:190} INFO - [2026-06-02T19:58:42.969+0700] {dag.py:4180} INFO - Setting next_dagrun for dbt_mart_pipeline to None, run_after=None
[2026-06-02T19:58:42.993+0700] {processor.py:208} INFO - Processing /opt/airflow/dags/dbt_mart_pipeline.py took 0.123 seconds
[2026-06-02T19:59:13.341+0700] {processor.py:186} INFO - Started process (PID=268) to work on /opt/airflow/dags/dbt_mart_pipeline.py
[2026-06-02T19:59:13.341+0700] {processor.py:914} INFO - Processing file /opt/airflow/dags/dbt_mart_pipeline.py for tasks to queue
[2026-06-02T19:59:13.344+0700] {logging_mixin.py:190} INFO - [2026-06-02T19:59:13.343+0700] {dagbag.py:588} INFO - Filling up the DagBag from /opt/airflow/dags/dbt_mart_pipeline.py
[2026-06-02T19:59:13.359+0700] {processor.py:925} INFO - DAG(s) 'dbt_mart_pipeline' retrieved from /opt/airflow/dags/dbt_mart_pipeline.py
[2026-06-02T19:59:13.396+0700] {logging_mixin.py:190} INFO - [2026-06-02T19:59:13.396+0700] {dag.py:3239} INFO - Sync 1 DAGs
[2026-06-02T19:59:13.413+0700] {logging_mixin.py:190} INFO - [2026-06-02T19:59:13.413+0700] {dag.py:4180} INFO - Setting next_dagrun for dbt_mart_pipeline to None, run_after=None
[2026-06-02T19:59:13.437+0700] {processor.py:208} INFO - Processing /opt/airflow/dags/dbt_mart_pipeline.py took 0.103 seconds
[2026-06-02T19:59:43.769+0700] {processor.py:186} INFO - Started process (PID=273) to work on /opt/airflow/dags/dbt_mart_pipeline.py
[2026-06-02T19:59:43.770+0700] {processor.py:914} INFO - Processing file /opt/airflow/dags/dbt_mart_pipeline.py for tasks to queue
[2026-06-02T19:59:43.772+0700] {logging_mixin.py:190} INFO - [2026-06-02T19:59:43.772+0700] {dagbag.py:588} INFO - Filling up the DagBag from /opt/airflow/dags/dbt_mart_pipeline.py
[2026-06-02T19:59:43.793+0700] {processor.py:925} INFO - DAG(s) 'dbt_mart_pipeline' retrieved from /opt/airflow/dags/dbt_mart_pipeline.py
[2026-06-02T19:59:43.824+0700] {logging_mixin.py:190} INFO - [2026-06-02T19:59:43.824+0700] {dag.py:3239} INFO - Sync 1 DAGs
[2026-06-02T19:59:43.842+0700] {logging_mixin.py:190} INFO - [2026-06-02T19:59:43.842+0700] {dag.py:4180} INFO - Setting next_dagrun for dbt_mart_pipeline to None, run_after=None
[2026-06-02T19:59:43.882+0700] {processor.py:208} INFO - Processing /opt/airflow/dags/dbt_mart_pipeline.py took 0.118 seconds
[2026-06-02T20:00:14.195+0700] {processor.py:186} INFO - Started process (PID=278) to work on /opt/airflow/dags/dbt_mart_pipeline.py
[2026-06-02T20:00:14.196+0700] {processor.py:914} INFO - Processing file /opt/airflow/dags/dbt_mart_pipeline.py for tasks to queue
[2026-06-02T20:00:14.199+0700] {logging_mixin.py:190} INFO - [2026-06-02T20:00:14.198+0700] {dagbag.py:588} INFO - Filling up the DagBag from /opt/airflow/dags/dbt_mart_pipeline.py
[2026-06-02T20:00:14.222+0700] {processor.py:925} INFO - DAG(s) 'dbt_mart_pipeline' retrieved from /opt/airflow/dags/dbt_mart_pipeline.py
[2026-06-02T20:00:14.261+0700] {logging_mixin.py:190} INFO - [2026-06-02T20:00:14.261+0700] {dag.py:3239} INFO - Sync 1 DAGs
[2026-06-02T20:00:14.279+0700] {logging_mixin.py:190} INFO - [2026-06-02T20:00:14.279+0700] {dag.py:4180} INFO - Setting next_dagrun for dbt_mart_pipeline to None, run_after=None
[2026-06-02T20:00:14.305+0700] {processor.py:208} INFO - Processing /opt/airflow/dags/dbt_mart_pipeline.py took 0.117 seconds
[2026-06-02T20:00:44.704+0700] {processor.py:186} INFO - Started process (PID=283) to work on /opt/airflow/dags/dbt_mart_pipeline.py
[2026-06-02T20:00:44.706+0700] {processor.py:914} INFO - Processing file /opt/airflow/dags/dbt_mart_pipeline.py for tasks to queue
[2026-06-02T20:00:44.709+0700] {logging_mixin.py:190} INFO - [2026-06-02T20:00:44.709+0700] {dagbag.py:588} INFO - Filling up the DagBag from /opt/airflow/dags/dbt_mart_pipeline.py
[2026-06-02T20:00:44.733+0700] {processor.py:925} INFO - DAG(s) 'dbt_mart_pipeline' retrieved from /opt/airflow/dags/dbt_mart_pipeline.py
[2026-06-02T20:00:44.771+0700] {logging_mixin.py:190} INFO - [2026-06-02T20:00:44.771+0700] {dag.py:3239} INFO - Sync 1 DAGs
[2026-06-02T20:00:44.788+0700] {logging_mixin.py:190} INFO - [2026-06-02T20:00:44.788+0700] {dag.py:4180} INFO - Setting next_dagrun for dbt_mart_pipeline to None, run_after=None
[2026-06-02T20:00:44.811+0700] {processor.py:208} INFO - Processing /opt/airflow/dags/dbt_mart_pipeline.py took 0.114 seconds
[2026-06-02T20:01:15.177+0700] {processor.py:186} INFO - Started process (PID=288) to work on /opt/airflow/dags/dbt_mart_pipeline.py
[2026-06-02T20:01:15.178+0700] {processor.py:914} INFO - Processing file /opt/airflow/dags/dbt_mart_pipeline.py for tasks to queue
[2026-06-02T20:01:15.182+0700] {logging_mixin.py:190} INFO - [2026-06-02T20:01:15.181+0700] {dagbag.py:588} INFO - Filling up the DagBag from /opt/airflow/dags/dbt_mart_pipeline.py
[2026-06-02T20:01:15.207+0700] {processor.py:925} INFO - DAG(s) 'dbt_mart_pipeline' retrieved from /opt/airflow/dags/dbt_mart_pipeline.py
[2026-06-02T20:01:15.245+0700] {logging_mixin.py:190} INFO - [2026-06-02T20:01:15.244+0700] {dag.py:3239} INFO - Sync 1 DAGs
[2026-06-02T20:01:15.263+0700] {logging_mixin.py:190} INFO - [2026-06-02T20:01:15.263+0700] {dag.py:4180} INFO - Setting next_dagrun for dbt_mart_pipeline to None, run_after=None
[2026-06-02T20:01:15.288+0700] {processor.py:208} INFO - Processing /opt/airflow/dags/dbt_mart_pipeline.py took 0.122 seconds
[2026-06-02T20:01:45.650+0700] {processor.py:186} INFO - Started process (PID=293) to work on /opt/airflow/dags/dbt_mart_pipeline.py
[2026-06-02T20:01:45.651+0700] {processor.py:914} INFO - Processing file /opt/airflow/dags/dbt_mart_pipeline.py for tasks to queue
[2026-06-02T20:01:45.654+0700] {logging_mixin.py:190} INFO - [2026-06-02T20:01:45.653+0700] {dagbag.py:588} INFO - Filling up the DagBag from /opt/airflow/dags/dbt_mart_pipeline.py
[2026-06-02T20:01:45.676+0700] {processor.py:925} INFO - DAG(s) 'dbt_mart_pipeline' retrieved from /opt/airflow/dags/dbt_mart_pipeline.py
[2026-06-02T20:01:45.713+0700] {logging_mixin.py:190} INFO - [2026-06-02T20:01:45.712+0700] {dag.py:3239} INFO - Sync 1 DAGs
[2026-06-02T20:01:45.731+0700] {logging_mixin.py:190} INFO - [2026-06-02T20:01:45.731+0700] {dag.py:4180} INFO - Setting next_dagrun for dbt_mart_pipeline to None, run_after=None
[2026-06-02T20:01:45.754+0700] {processor.py:208} INFO - Processing /opt/airflow/dags/dbt_mart_pipeline.py took 0.112 seconds
[2026-06-02T20:02:16.065+0700] {processor.py:186} INFO - Started process (PID=298) to work on /opt/airflow/dags/dbt_mart_pipeline.py
[2026-06-02T20:02:16.066+0700] {processor.py:914} INFO - Processing file /opt/airflow/dags/dbt_mart_pipeline.py for tasks to queue
[2026-06-02T20:02:16.070+0700] {logging_mixin.py:190} INFO - [2026-06-02T20:02:16.070+0700] {dagbag.py:588} INFO - Filling up the DagBag from /opt/airflow/dags/dbt_mart_pipeline.py
[2026-06-02T20:02:16.088+0700] {processor.py:925} INFO - DAG(s) 'dbt_mart_pipeline' retrieved from /opt/airflow/dags/dbt_mart_pipeline.py
[2026-06-02T20:02:16.119+0700] {logging_mixin.py:190} INFO - [2026-06-02T20:02:16.118+0700] {dag.py:3239} INFO - Sync 1 DAGs
[2026-06-02T20:02:16.135+0700] {logging_mixin.py:190} INFO - [2026-06-02T20:02:16.135+0700] {dag.py:4180} INFO - Setting next_dagrun for dbt_mart_pipeline to None, run_after=None
[2026-06-02T20:02:16.156+0700] {processor.py:208} INFO - Processing /opt/airflow/dags/dbt_mart_pipeline.py took 0.097 seconds
[2026-06-02T20:02:46.411+0700] {processor.py:186} INFO - Started process (PID=303) to work on /opt/airflow/dags/dbt_mart_pipeline.py
[2026-06-02T20:02:46.412+0700] {processor.py:914} INFO - Processing file /opt/airflow/dags/dbt_mart_pipeline.py for tasks to queue
[2026-06-02T20:02:46.414+0700] {logging_mixin.py:190} INFO - [2026-06-02T20:02:46.414+0700] {dagbag.py:588} INFO - Filling up the DagBag from /opt/airflow/dags/dbt_mart_pipeline.py
[2026-06-02T20:02:46.436+0700] {processor.py:925} INFO - DAG(s) 'dbt_mart_pipeline' retrieved from /opt/airflow/dags/dbt_mart_pipeline.py
[2026-06-02T20:02:46.469+0700] {logging_mixin.py:190} INFO - [2026-06-02T20:02:46.469+0700] {dag.py:3239} INFO - Sync 1 DAGs
[2026-06-02T20:02:46.487+0700] {logging_mixin.py:190} INFO - [2026-06-02T20:02:46.487+0700] {dag.py:4180} INFO - Setting next_dagrun for dbt_mart_pipeline to None, run_after=None
[2026-06-02T20:02:46.511+0700] {processor.py:208} INFO - Processing /opt/airflow/dags/dbt_mart_pipeline.py took 0.108 seconds
[2026-06-02T20:03:16.888+0700] {processor.py:186} INFO - Started process (PID=308) to work on /opt/airflow/dags/dbt_mart_pipeline.py
[2026-06-02T20:03:16.889+0700] {processor.py:914} INFO - Processing file /opt/airflow/dags/dbt_mart_pipeline.py for tasks to queue
[2026-06-02T20:03:16.891+0700] {logging_mixin.py:190} INFO - [2026-06-02T20:03:16.891+0700] {dagbag.py:588} INFO - Filling up the DagBag from /opt/airflow/dags/dbt_mart_pipeline.py
[2026-06-02T20:03:16.909+0700] {processor.py:925} INFO - DAG(s) 'dbt_mart_pipeline' retrieved from /opt/airflow/dags/dbt_mart_pipeline.py
[2026-06-02T20:03:16.943+0700] {logging_mixin.py:190} INFO - [2026-06-02T20:03:16.943+0700] {dag.py:3239} INFO - Sync 1 DAGs
[2026-06-02T20:03:16.961+0700] {logging_mixin.py:190} INFO - [2026-06-02T20:03:16.961+0700] {dag.py:4180} INFO - Setting next_dagrun for dbt_mart_pipeline to None, run_after=None
[2026-06-02T20:03:16.984+0700] {processor.py:208} INFO - Processing /opt/airflow/dags/dbt_mart_pipeline.py took 0.101 seconds
[2026-06-02T20:03:47.320+0700] {processor.py:186} INFO - Started process (PID=313) to work on /opt/airflow/dags/dbt_mart_pipeline.py
[2026-06-02T20:03:47.321+0700] {processor.py:914} INFO - Processing file /opt/airflow/dags/dbt_mart_pipeline.py for tasks to queue
[2026-06-02T20:03:47.325+0700] {logging_mixin.py:190} INFO - [2026-06-02T20:03:47.324+0700] {dagbag.py:588} INFO - Filling up the DagBag from /opt/airflow/dags/dbt_mart_pipeline.py
[2026-06-02T20:03:47.351+0700] {processor.py:925} INFO - DAG(s) 'dbt_mart_pipeline' retrieved from /opt/airflow/dags/dbt_mart_pipeline.py
[2026-06-02T20:03:47.388+0700] {logging_mixin.py:190} INFO - [2026-06-02T20:03:47.388+0700] {dag.py:3239} INFO - Sync 1 DAGs
[2026-06-02T20:03:47.408+0700] {logging_mixin.py:190} INFO - [2026-06-02T20:03:47.408+0700] {dag.py:4180} INFO - Setting next_dagrun for dbt_mart_pipeline to None, run_after=None
[2026-06-02T20:03:47.436+0700] {processor.py:208} INFO - Processing /opt/airflow/dags/dbt_mart_pipeline.py took 0.132 seconds
[2026-06-02T20:04:17.764+0700] {processor.py:186} INFO - Started process (PID=318) to work on /opt/airflow/dags/dbt_mart_pipeline.py
[2026-06-02T20:04:17.765+0700] {processor.py:914} INFO - Processing file /opt/airflow/dags/dbt_mart_pipeline.py for tasks to queue
[2026-06-02T20:04:17.768+0700] {logging_mixin.py:190} INFO - [2026-06-02T20:04:17.768+0700] {dagbag.py:588} INFO - Filling up the DagBag from /opt/airflow/dags/dbt_mart_pipeline.py
[2026-06-02T20:04:17.787+0700] {processor.py:925} INFO - DAG(s) 'dbt_mart_pipeline' retrieved from /opt/airflow/dags/dbt_mart_pipeline.py
[2026-06-02T20:04:17.824+0700] {logging_mixin.py:190} INFO - [2026-06-02T20:04:17.824+0700] {dag.py:3239} INFO - Sync 1 DAGs
[2026-06-02T20:04:17.843+0700] {logging_mixin.py:190} INFO - [2026-06-02T20:04:17.843+0700] {dag.py:4180} INFO - Setting next_dagrun for dbt_mart_pipeline to None, run_after=None
[2026-06-02T20:04:17.868+0700] {processor.py:208} INFO - Processing /opt/airflow/dags/dbt_mart_pipeline.py took 0.110 seconds
[2026-06-02T20:04:48.316+0700] {processor.py:186} INFO - Started process (PID=323) to work on /opt/airflow/dags/dbt_mart_pipeline.py
[2026-06-02T20:04:48.317+0700] {processor.py:914} INFO - Processing file /opt/airflow/dags/dbt_mart_pipeline.py for tasks to queue
[2026-06-02T20:04:48.320+0700] {logging_mixin.py:190} INFO - [2026-06-02T20:04:48.320+0700] {dagbag.py:588} INFO - Filling up the DagBag from /opt/airflow/dags/dbt_mart_pipeline.py
[2026-06-02T20:04:48.339+0700] {processor.py:925} INFO - DAG(s) 'dbt_mart_pipeline' retrieved from /opt/airflow/dags/dbt_mart_pipeline.py
[2026-06-02T20:04:48.373+0700] {logging_mixin.py:190} INFO - [2026-06-02T20:04:48.373+0700] {dag.py:3239} INFO - Sync 1 DAGs
[2026-06-02T20:04:48.394+0700] {logging_mixin.py:190} INFO - [2026-06-02T20:04:48.394+0700] {dag.py:4180} INFO - Setting next_dagrun for dbt_mart_pipeline to None, run_after=None
[2026-06-02T20:04:48.417+0700] {processor.py:208} INFO - Processing /opt/airflow/dags/dbt_mart_pipeline.py took 0.107 seconds
[2026-06-02T20:05:18.796+0700] {processor.py:186} INFO - Started process (PID=328) to work on /opt/airflow/dags/dbt_mart_pipeline.py
[2026-06-02T20:05:18.797+0700] {processor.py:914} INFO - Processing file /opt/airflow/dags/dbt_mart_pipeline.py for tasks to queue
[2026-06-02T20:05:18.800+0700] {logging_mixin.py:190} INFO - [2026-06-02T20:05:18.800+0700] {dagbag.py:588} INFO - Filling up the DagBag from /opt/airflow/dags/dbt_mart_pipeline.py
[2026-06-02T20:05:18.820+0700] {processor.py:925} INFO - DAG(s) 'dbt_mart_pipeline' retrieved from /opt/airflow/dags/dbt_mart_pipeline.py
[2026-06-02T20:05:18.857+0700] {logging_mixin.py:190} INFO - [2026-06-02T20:05:18.856+0700] {dag.py:3239} INFO - Sync 1 DAGs
[2026-06-02T20:05:18.876+0700] {logging_mixin.py:190} INFO - [2026-06-02T20:05:18.875+0700] {dag.py:4180} INFO - Setting next_dagrun for dbt_mart_pipeline to None, run_after=None
[2026-06-02T20:05:18.900+0700] {processor.py:208} INFO - Processing /opt/airflow/dags/dbt_mart_pipeline.py took 0.111 seconds
[2026-06-02T20:05:49.333+0700] {processor.py:186} INFO - Started process (PID=333) to work on /opt/airflow/dags/dbt_mart_pipeline.py
[2026-06-02T20:05:49.334+0700] {processor.py:914} INFO - Processing file /opt/airflow/dags/dbt_mart_pipeline.py for tasks to queue
[2026-06-02T20:05:49.338+0700] {logging_mixin.py:190} INFO - [2026-06-02T20:05:49.337+0700] {dagbag.py:588} INFO - Filling up the DagBag from /opt/airflow/dags/dbt_mart_pipeline.py
[2026-06-02T20:05:49.359+0700] {processor.py:925} INFO - DAG(s) 'dbt_mart_pipeline' retrieved from /opt/airflow/dags/dbt_mart_pipeline.py
[2026-06-02T20:05:49.409+0700] {logging_mixin.py:190} INFO - [2026-06-02T20:05:49.408+0700] {dag.py:3239} INFO - Sync 1 DAGs
[2026-06-02T20:05:49.441+0700] {logging_mixin.py:190} INFO - [2026-06-02T20:05:49.440+0700] {dag.py:4180} INFO - Setting next_dagrun for dbt_mart_pipeline to None, run_after=None
[2026-06-02T20:05:49.479+0700] {processor.py:208} INFO - Processing /opt/airflow/dags/dbt_mart_pipeline.py took 0.155 seconds
[2026-06-02T20:06:19.721+0700] {processor.py:186} INFO - Started process (PID=338) to work on /opt/airflow/dags/dbt_mart_pipeline.py
[2026-06-02T20:06:19.722+0700] {processor.py:914} INFO - Processing file /opt/airflow/dags/dbt_mart_pipeline.py for tasks to queue
[2026-06-02T20:06:19.724+0700] {logging_mixin.py:190} INFO - [2026-06-02T20:06:19.724+0700] {dagbag.py:588} INFO - Filling up the DagBag from /opt/airflow/dags/dbt_mart_pipeline.py
[2026-06-02T20:06:19.746+0700] {processor.py:925} INFO - DAG(s) 'dbt_mart_pipeline' retrieved from /opt/airflow/dags/dbt_mart_pipeline.py
[2026-06-02T20:06:19.786+0700] {logging_mixin.py:190} INFO - [2026-06-02T20:06:19.786+0700] {dag.py:3239} INFO - Sync 1 DAGs
[2026-06-02T20:06:19.807+0700] {logging_mixin.py:190} INFO - [2026-06-02T20:06:19.807+0700] {dag.py:4180} INFO - Setting next_dagrun for dbt_mart_pipeline to None, run_after=None
[2026-06-02T20:06:19.835+0700] {processor.py:208} INFO - Processing /opt/airflow/dags/dbt_mart_pipeline.py took 0.121 seconds
[2026-06-02T20:06:50.325+0700] {processor.py:186} INFO - Started process (PID=343) to work on /opt/airflow/dags/dbt_mart_pipeline.py
[2026-06-02T20:06:50.326+0700] {processor.py:914} INFO - Processing file /opt/airflow/dags/dbt_mart_pipeline.py for tasks to queue
[2026-06-02T20:06:50.329+0700] {logging_mixin.py:190} INFO - [2026-06-02T20:06:50.328+0700] {dagbag.py:588} INFO - Filling up the DagBag from /opt/airflow/dags/dbt_mart_pipeline.py
[2026-06-02T20:06:50.350+0700] {processor.py:925} INFO - DAG(s) 'dbt_mart_pipeline' retrieved from /opt/airflow/dags/dbt_mart_pipeline.py
[2026-06-02T20:06:50.386+0700] {logging_mixin.py:190} INFO - [2026-06-02T20:06:50.386+0700] {dag.py:3239} INFO - Sync 1 DAGs
[2026-06-02T20:06:50.411+0700] {logging_mixin.py:190} INFO - [2026-06-02T20:06:50.411+0700] {dag.py:4180} INFO - Setting next_dagrun for dbt_mart_pipeline to None, run_after=None
[2026-06-02T20:06:50.439+0700] {processor.py:208} INFO - Processing /opt/airflow/dags/dbt_mart_pipeline.py took 0.121 seconds
[2026-06-02T20:07:20.684+0700] {processor.py:186} INFO - Started process (PID=348) to work on /opt/airflow/dags/dbt_mart_pipeline.py
[2026-06-02T20:07:20.685+0700] {processor.py:914} INFO - Processing file /opt/airflow/dags/dbt_mart_pipeline.py for tasks to queue
[2026-06-02T20:07:20.687+0700] {logging_mixin.py:190} INFO - [2026-06-02T20:07:20.687+0700] {dagbag.py:588} INFO - Filling up the DagBag from /opt/airflow/dags/dbt_mart_pipeline.py
[2026-06-02T20:07:20.708+0700] {processor.py:925} INFO - DAG(s) 'dbt_mart_pipeline' retrieved from /opt/airflow/dags/dbt_mart_pipeline.py
[2026-06-02T20:07:20.749+0700] {logging_mixin.py:190} INFO - [2026-06-02T20:07:20.749+0700] {dag.py:3239} INFO - Sync 1 DAGs
[2026-06-02T20:07:20.771+0700] {logging_mixin.py:190} INFO - [2026-06-02T20:07:20.770+0700] {dag.py:4180} INFO - Setting next_dagrun for dbt_mart_pipeline to None, run_after=None
[2026-06-02T20:07:20.793+0700] {processor.py:208} INFO - Processing /opt/airflow/dags/dbt_mart_pipeline.py took 0.116 seconds
[2026-06-02T20:07:51.230+0700] {processor.py:186} INFO - Started process (PID=353) to work on /opt/airflow/dags/dbt_mart_pipeline.py
[2026-06-02T20:07:51.230+0700] {processor.py:914} INFO - Processing file /opt/airflow/dags/dbt_mart_pipeline.py for tasks to queue
[2026-06-02T20:07:51.233+0700] {logging_mixin.py:190} INFO - [2026-06-02T20:07:51.232+0700] {dagbag.py:588} INFO - Filling up the DagBag from /opt/airflow/dags/dbt_mart_pipeline.py
[2026-06-02T20:07:51.254+0700] {processor.py:925} INFO - DAG(s) 'dbt_mart_pipeline' retrieved from /opt/airflow/dags/dbt_mart_pipeline.py
[2026-06-02T20:07:51.295+0700] {logging_mixin.py:190} INFO - [2026-06-02T20:07:51.294+0700] {dag.py:3239} INFO - Sync 1 DAGs
[2026-06-02T20:07:51.314+0700] {logging_mixin.py:190} INFO - [2026-06-02T20:07:51.314+0700] {dag.py:4180} INFO - Setting next_dagrun for dbt_mart_pipeline to None, run_after=None
[2026-06-02T20:07:51.337+0700] {processor.py:208} INFO - Processing /opt/airflow/dags/dbt_mart_pipeline.py took 0.113 seconds
[2026-06-02T20:08:21.674+0700] {processor.py:186} INFO - Started process (PID=358) to work on /opt/airflow/dags/dbt_mart_pipeline.py
[2026-06-02T20:08:21.675+0700] {processor.py:914} INFO - Processing file /opt/airflow/dags/dbt_mart_pipeline.py for tasks to queue
[2026-06-02T20:08:21.678+0700] {logging_mixin.py:190} INFO - [2026-06-02T20:08:21.678+0700] {dagbag.py:588} INFO - Filling up the DagBag from /opt/airflow/dags/dbt_mart_pipeline.py
[2026-06-02T20:08:21.697+0700] {processor.py:925} INFO - DAG(s) 'dbt_mart_pipeline' retrieved from /opt/airflow/dags/dbt_mart_pipeline.py
[2026-06-02T20:08:21.731+0700] {logging_mixin.py:190} INFO - [2026-06-02T20:08:21.731+0700] {dag.py:3239} INFO - Sync 1 DAGs
[2026-06-02T20:08:21.748+0700] {logging_mixin.py:190} INFO - [2026-06-02T20:08:21.748+0700] {dag.py:4180} INFO - Setting next_dagrun for dbt_mart_pipeline to None, run_after=None
[2026-06-02T20:08:21.768+0700] {processor.py:208} INFO - Processing /opt/airflow/dags/dbt_mart_pipeline.py took 0.101 seconds
[2026-06-02T20:08:52.065+0700] {processor.py:186} INFO - Started process (PID=363) to work on /opt/airflow/dags/dbt_mart_pipeline.py
[2026-06-02T20:08:52.066+0700] {processor.py:914} INFO - Processing file /opt/airflow/dags/dbt_mart_pipeline.py for tasks to queue
[2026-06-02T20:08:52.069+0700] {logging_mixin.py:190} INFO - [2026-06-02T20:08:52.069+0700] {dagbag.py:588} INFO - Filling up the DagBag from /opt/airflow/dags/dbt_mart_pipeline.py
[2026-06-02T20:08:52.087+0700] {processor.py:925} INFO - DAG(s) 'dbt_mart_pipeline' retrieved from /opt/airflow/dags/dbt_mart_pipeline.py
[2026-06-02T20:08:52.127+0700] {logging_mixin.py:190} INFO - [2026-06-02T20:08:52.126+0700] {dag.py:3239} INFO - Sync 1 DAGs
[2026-06-02T20:08:52.146+0700] {logging_mixin.py:190} INFO - [2026-06-02T20:08:52.146+0700] {dag.py:4180} INFO - Setting next_dagrun for dbt_mart_pipeline to None, run_after=None
[2026-06-02T20:08:52.168+0700] {processor.py:208} INFO - Processing /opt/airflow/dags/dbt_mart_pipeline.py took 0.109 seconds
[2026-06-02T20:09:22.445+0700] {processor.py:186} INFO - Started process (PID=368) to work on /opt/airflow/dags/dbt_mart_pipeline.py
[2026-06-02T20:09:22.446+0700] {processor.py:914} INFO - Processing file /opt/airflow/dags/dbt_mart_pipeline.py for tasks to queue
[2026-06-02T20:09:22.450+0700] {logging_mixin.py:190} INFO - [2026-06-02T20:09:22.449+0700] {dagbag.py:588} INFO - Filling up the DagBag from /opt/airflow/dags/dbt_mart_pipeline.py
[2026-06-02T20:09:22.472+0700] {processor.py:925} INFO - DAG(s) 'dbt_mart_pipeline' retrieved from /opt/airflow/dags/dbt_mart_pipeline.py
[2026-06-02T20:09:22.508+0700] {logging_mixin.py:190} INFO - [2026-06-02T20:09:22.508+0700] {dag.py:3239} INFO - Sync 1 DAGs
[2026-06-02T20:09:22.525+0700] {logging_mixin.py:190} INFO - [2026-06-02T20:09:22.525+0700] {dag.py:4180} INFO - Setting next_dagrun for dbt_mart_pipeline to None, run_after=None
[2026-06-02T20:09:22.548+0700] {processor.py:208} INFO - Processing /opt/airflow/dags/dbt_mart_pipeline.py took 0.110 seconds
[2026-06-02T20:09:52.940+0700] {processor.py:186} INFO - Started process (PID=373) to work on /opt/airflow/dags/dbt_mart_pipeline.py
[2026-06-02T20:09:52.941+0700] {processor.py:914} INFO - Processing file /opt/airflow/dags/dbt_mart_pipeline.py for tasks to queue
[2026-06-02T20:09:52.945+0700] {logging_mixin.py:190} INFO - [2026-06-02T20:09:52.944+0700] {dagbag.py:588} INFO - Filling up the DagBag from /opt/airflow/dags/dbt_mart_pipeline.py
[2026-06-02T20:09:52.964+0700] {processor.py:925} INFO - DAG(s) 'dbt_mart_pipeline' retrieved from /opt/airflow/dags/dbt_mart_pipeline.py
[2026-06-02T20:09:52.998+0700] {logging_mixin.py:190} INFO - [2026-06-02T20:09:52.997+0700] {dag.py:3239} INFO - Sync 1 DAGs
[2026-06-02T20:09:53.016+0700] {logging_mixin.py:190} INFO - [2026-06-02T20:09:53.016+0700] {dag.py:4180} INFO - Setting next_dagrun for dbt_mart_pipeline to None, run_after=None
[2026-06-02T20:09:53.051+0700] {processor.py:208} INFO - Processing /opt/airflow/dags/dbt_mart_pipeline.py took 0.116 seconds
[2026-06-02T20:10:23.403+0700] {processor.py:186} INFO - Started process (PID=378) to work on /opt/airflow/dags/dbt_mart_pipeline.py
[2026-06-02T20:10:23.404+0700] {processor.py:914} INFO - Processing file /opt/airflow/dags/dbt_mart_pipeline.py for tasks to queue
[2026-06-02T20:10:23.407+0700] {logging_mixin.py:190} INFO - [2026-06-02T20:10:23.407+0700] {dagbag.py:588} INFO - Filling up the DagBag from /opt/airflow/dags/dbt_mart_pipeline.py
[2026-06-02T20:10:23.428+0700] {processor.py:925} INFO - DAG(s) 'dbt_mart_pipeline' retrieved from /opt/airflow/dags/dbt_mart_pipeline.py
[2026-06-02T20:10:23.463+0700] {logging_mixin.py:190} INFO - [2026-06-02T20:10:23.463+0700] {dag.py:3239} INFO - Sync 1 DAGs
[2026-06-02T20:10:23.481+0700] {logging_mixin.py:190} INFO - [2026-06-02T20:10:23.481+0700] {dag.py:4180} INFO - Setting next_dagrun for dbt_mart_pipeline to None, run_after=None
[2026-06-02T20:10:23.503+0700] {processor.py:208} INFO - Processing /opt/airflow/dags/dbt_mart_pipeline.py took 0.109 seconds
[2026-06-02T20:10:53.941+0700] {processor.py:186} INFO - Started process (PID=383) to work on /opt/airflow/dags/dbt_mart_pipeline.py
[2026-06-02T20:10:53.942+0700] {processor.py:914} INFO - Processing file /opt/airflow/dags/dbt_mart_pipeline.py for tasks to queue
[2026-06-02T20:10:53.945+0700] {logging_mixin.py:190} INFO - [2026-06-02T20:10:53.944+0700] {dagbag.py:588} INFO - Filling up the DagBag from /opt/airflow/dags/dbt_mart_pipeline.py
[2026-06-02T20:10:53.965+0700] {processor.py:925} INFO - DAG(s) 'dbt_mart_pipeline' retrieved from /opt/airflow/dags/dbt_mart_pipeline.py
[2026-06-02T20:10:53.998+0700] {logging_mixin.py:190} INFO - [2026-06-02T20:10:53.998+0700] {dag.py:3239} INFO - Sync 1 DAGs
[2026-06-02T20:10:54.019+0700] {logging_mixin.py:190} INFO - [2026-06-02T20:10:54.019+0700] {dag.py:4180} INFO - Setting next_dagrun for dbt_mart_pipeline to None, run_after=None
[2026-06-02T20:10:54.055+0700] {processor.py:208} INFO - Processing /opt/airflow/dags/dbt_mart_pipeline.py took 0.121 seconds
[2026-06-02T20:11:24.452+0700] {processor.py:186} INFO - Started process (PID=388) to work on /opt/airflow/dags/dbt_mart_pipeline.py
[2026-06-02T20:11:24.453+0700] {processor.py:914} INFO - Processing file /opt/airflow/dags/dbt_mart_pipeline.py for tasks to queue
[2026-06-02T20:11:24.456+0700] {logging_mixin.py:190} INFO - [2026-06-02T20:11:24.455+0700] {dagbag.py:588} INFO - Filling up the DagBag from /opt/airflow/dags/dbt_mart_pipeline.py
[2026-06-02T20:11:24.478+0700] {processor.py:925} INFO - DAG(s) 'dbt_mart_pipeline' retrieved from /opt/airflow/dags/dbt_mart_pipeline.py
[2026-06-02T20:11:24.519+0700] {logging_mixin.py:190} INFO - [2026-06-02T20:11:24.518+0700] {dag.py:3239} INFO - Sync 1 DAGs
[2026-06-02T20:11:24.539+0700] {logging_mixin.py:190} INFO - [2026-06-02T20:11:24.539+0700] {dag.py:4180} INFO - Setting next_dagrun for dbt_mart_pipeline to None, run_after=None
[2026-06-02T20:11:24.574+0700] {processor.py:208} INFO - Processing /opt/airflow/dags/dbt_mart_pipeline.py took 0.130 seconds
[2026-06-02T20:11:54.999+0700] {processor.py:186} INFO - Started process (PID=393) to work on /opt/airflow/dags/dbt_mart_pipeline.py
[2026-06-02T20:11:55.000+0700] {processor.py:914} INFO - Processing file /opt/airflow/dags/dbt_mart_pipeline.py for tasks to queue
[2026-06-02T20:11:55.003+0700] {logging_mixin.py:190} INFO - [2026-06-02T20:11:55.002+0700] {dagbag.py:588} INFO - Filling up the DagBag from /opt/airflow/dags/dbt_mart_pipeline.py
[2026-06-02T20:11:55.019+0700] {processor.py:925} INFO - DAG(s) 'dbt_mart_pipeline' retrieved from /opt/airflow/dags/dbt_mart_pipeline.py
[2026-06-02T20:11:55.058+0700] {logging_mixin.py:190} INFO - [2026-06-02T20:11:55.058+0700] {dag.py:3239} INFO - Sync 1 DAGs
[2026-06-02T20:11:55.078+0700] {logging_mixin.py:190} INFO - [2026-06-02T20:11:55.078+0700] {dag.py:4180} INFO - Setting next_dagrun for dbt_mart_pipeline to None, run_after=None
[2026-06-02T20:11:55.114+0700] {processor.py:208} INFO - Processing /opt/airflow/dags/dbt_mart_pipeline.py took 0.121 seconds
[2026-06-02T20:12:25.514+0700] {processor.py:186} INFO - Started process (PID=398) to work on /opt/airflow/dags/dbt_mart_pipeline.py
[2026-06-02T20:12:25.515+0700] {processor.py:914} INFO - Processing file /opt/airflow/dags/dbt_mart_pipeline.py for tasks to queue
[2026-06-02T20:12:25.518+0700] {logging_mixin.py:190} INFO - [2026-06-02T20:12:25.518+0700] {dagbag.py:588} INFO - Filling up the DagBag from /opt/airflow/dags/dbt_mart_pipeline.py
[2026-06-02T20:12:25.537+0700] {processor.py:925} INFO - DAG(s) 'dbt_mart_pipeline' retrieved from /opt/airflow/dags/dbt_mart_pipeline.py
[2026-06-02T20:12:25.573+0700] {logging_mixin.py:190} INFO - [2026-06-02T20:12:25.573+0700] {dag.py:3239} INFO - Sync 1 DAGs
[2026-06-02T20:12:25.594+0700] {logging_mixin.py:190} INFO - [2026-06-02T20:12:25.593+0700] {dag.py:4180} INFO - Setting next_dagrun for dbt_mart_pipeline to None, run_after=None
[2026-06-02T20:12:25.628+0700] {processor.py:208} INFO - Processing /opt/airflow/dags/dbt_mart_pipeline.py took 0.120 seconds
[2026-06-02T20:12:55.940+0700] {processor.py:186} INFO - Started process (PID=403) to work on /opt/airflow/dags/dbt_mart_pipeline.py
[2026-06-02T20:12:55.941+0700] {processor.py:914} INFO - Processing file /opt/airflow/dags/dbt_mart_pipeline.py for tasks to queue
[2026-06-02T20:12:55.944+0700] {logging_mixin.py:190} INFO - [2026-06-02T20:12:55.943+0700] {dagbag.py:588} INFO - Filling up the DagBag from /opt/airflow/dags/dbt_mart_pipeline.py
[2026-06-02T20:12:55.960+0700] {processor.py:925} INFO - DAG(s) 'dbt_mart_pipeline' retrieved from /opt/airflow/dags/dbt_mart_pipeline.py
[2026-06-02T20:12:55.997+0700] {logging_mixin.py:190} INFO - [2026-06-02T20:12:55.997+0700] {dag.py:3239} INFO - Sync 1 DAGs
[2026-06-02T20:12:56.022+0700] {logging_mixin.py:190} INFO - [2026-06-02T20:12:56.022+0700] {dag.py:4180} INFO - Setting next_dagrun for dbt_mart_pipeline to None, run_after=None
[2026-06-02T20:12:56.049+0700] {processor.py:208} INFO - Processing /opt/airflow/dags/dbt_mart_pipeline.py took 0.115 seconds
[2026-06-02T20:13:26.378+0700] {processor.py:186} INFO - Started process (PID=408) to work on /opt/airflow/dags/dbt_mart_pipeline.py
[2026-06-02T20:13:26.379+0700] {processor.py:914} INFO - Processing file /opt/airflow/dags/dbt_mart_pipeline.py for tasks to queue
[2026-06-02T20:13:26.381+0700] {logging_mixin.py:190} INFO - [2026-06-02T20:13:26.381+0700] {dagbag.py:588} INFO - Filling up the DagBag from /opt/airflow/dags/dbt_mart_pipeline.py
[2026-06-02T20:13:26.399+0700] {processor.py:925} INFO - DAG(s) 'dbt_mart_pipeline' retrieved from /opt/airflow/dags/dbt_mart_pipeline.py
[2026-06-02T20:13:26.436+0700] {logging_mixin.py:190} INFO - [2026-06-02T20:13:26.436+0700] {dag.py:3239} INFO - Sync 1 DAGs
[2026-06-02T20:13:26.456+0700] {logging_mixin.py:190} INFO - [2026-06-02T20:13:26.456+0700] {dag.py:4180} INFO - Setting next_dagrun for dbt_mart_pipeline to None, run_after=None
[2026-06-02T20:13:26.482+0700] {processor.py:208} INFO - Processing /opt/airflow/dags/dbt_mart_pipeline.py took 0.111 seconds
[2026-06-02T20:13:56.884+0700] {processor.py:186} INFO - Started process (PID=413) to work on /opt/airflow/dags/dbt_mart_pipeline.py
[2026-06-02T20:13:56.885+0700] {processor.py:914} INFO - Processing file /opt/airflow/dags/dbt_mart_pipeline.py for tasks to queue
[2026-06-02T20:13:56.887+0700] {logging_mixin.py:190} INFO - [2026-06-02T20:13:56.887+0700] {dagbag.py:588} INFO - Filling up the DagBag from /opt/airflow/dags/dbt_mart_pipeline.py
[2026-06-02T20:13:56.907+0700] {processor.py:925} INFO - DAG(s) 'dbt_mart_pipeline' retrieved from /opt/airflow/dags/dbt_mart_pipeline.py
[2026-06-02T20:13:56.939+0700] {logging_mixin.py:190} INFO - [2026-06-02T20:13:56.939+0700] {dag.py:3239} INFO - Sync 1 DAGs
[2026-06-02T20:13:56.958+0700] {logging_mixin.py:190} INFO - [2026-06-02T20:13:56.958+0700] {dag.py:4180} INFO - Setting next_dagrun for dbt_mart_pipeline to None, run_after=None
[2026-06-02T20:13:56.982+0700] {processor.py:208} INFO - Processing /opt/airflow/dags/dbt_mart_pipeline.py took 0.104 seconds
[2026-06-02T20:14:27.371+0700] {processor.py:186} INFO - Started process (PID=418) to work on /opt/airflow/dags/dbt_mart_pipeline.py
[2026-06-02T20:14:27.372+0700] {processor.py:914} INFO - Processing file /opt/airflow/dags/dbt_mart_pipeline.py for tasks to queue
[2026-06-02T20:14:27.375+0700] {logging_mixin.py:190} INFO - [2026-06-02T20:14:27.374+0700] {dagbag.py:588} INFO - Filling up the DagBag from /opt/airflow/dags/dbt_mart_pipeline.py
[2026-06-02T20:14:27.393+0700] {processor.py:925} INFO - DAG(s) 'dbt_mart_pipeline' retrieved from /opt/airflow/dags/dbt_mart_pipeline.py
[2026-06-02T20:14:27.429+0700] {logging_mixin.py:190} INFO - [2026-06-02T20:14:27.428+0700] {dag.py:3239} INFO - Sync 1 DAGs
[2026-06-02T20:14:27.444+0700] {logging_mixin.py:190} INFO - [2026-06-02T20:14:27.443+0700] {dag.py:4180} INFO - Setting next_dagrun for dbt_mart_pipeline to None, run_after=None
[2026-06-02T20:14:27.465+0700] {processor.py:208} INFO - Processing /opt/airflow/dags/dbt_mart_pipeline.py took 0.100 seconds
[2026-06-02T20:14:57.932+0700] {processor.py:186} INFO - Started process (PID=423) to work on /opt/airflow/dags/dbt_mart_pipeline.py
[2026-06-02T20:14:57.932+0700] {processor.py:914} INFO - Processing file /opt/airflow/dags/dbt_mart_pipeline.py for tasks to queue
[2026-06-02T20:14:57.935+0700] {logging_mixin.py:190} INFO - [2026-06-02T20:14:57.934+0700] {dagbag.py:588} INFO - Filling up the DagBag from /opt/airflow/dags/dbt_mart_pipeline.py
[2026-06-02T20:14:57.953+0700] {processor.py:925} INFO - DAG(s) 'dbt_mart_pipeline' retrieved from /opt/airflow/dags/dbt_mart_pipeline.py
[2026-06-02T20:14:57.986+0700] {logging_mixin.py:190} INFO - [2026-06-02T20:14:57.985+0700] {dag.py:3239} INFO - Sync 1 DAGs
[2026-06-02T20:14:58.005+0700] {logging_mixin.py:190} INFO - [2026-06-02T20:14:58.004+0700] {dag.py:4180} INFO - Setting next_dagrun for dbt_mart_pipeline to None, run_after=None
[2026-06-02T20:14:58.028+0700] {processor.py:208} INFO - Processing /opt/airflow/dags/dbt_mart_pipeline.py took 0.103 seconds
[2026-06-02T20:15:28.462+0700] {processor.py:186} INFO - Started process (PID=428) to work on /opt/airflow/dags/dbt_mart_pipeline.py
[2026-06-02T20:15:28.462+0700] {processor.py:914} INFO - Processing file /opt/airflow/dags/dbt_mart_pipeline.py for tasks to queue
[2026-06-02T20:15:28.465+0700] {logging_mixin.py:190} INFO - [2026-06-02T20:15:28.465+0700] {dagbag.py:588} INFO - Filling up the DagBag from /opt/airflow/dags/dbt_mart_pipeline.py
[2026-06-02T20:15:28.483+0700] {processor.py:925} INFO - DAG(s) 'dbt_mart_pipeline' retrieved from /opt/airflow/dags/dbt_mart_pipeline.py
[2026-06-02T20:15:28.515+0700] {logging_mixin.py:190} INFO - [2026-06-02T20:15:28.515+0700] {dag.py:3239} INFO - Sync 1 DAGs
[2026-06-02T20:15:28.534+0700] {logging_mixin.py:190} INFO - [2026-06-02T20:15:28.533+0700] {dag.py:4180} INFO - Setting next_dagrun for dbt_mart_pipeline to None, run_after=None
[2026-06-02T20:15:28.558+0700] {processor.py:208} INFO - Processing /opt/airflow/dags/dbt_mart_pipeline.py took 0.103 seconds
[2026-06-02T20:15:59.072+0700] {processor.py:186} INFO - Started process (PID=433) to work on /opt/airflow/dags/dbt_mart_pipeline.py
[2026-06-02T20:15:59.073+0700] {processor.py:914} INFO - Processing file /opt/airflow/dags/dbt_mart_pipeline.py for tasks to queue
[2026-06-02T20:15:59.076+0700] {logging_mixin.py:190} INFO - [2026-06-02T20:15:59.075+0700] {dagbag.py:588} INFO - Filling up the DagBag from /opt/airflow/dags/dbt_mart_pipeline.py
[2026-06-02T20:15:59.093+0700] {processor.py:925} INFO - DAG(s) 'dbt_mart_pipeline' retrieved from /opt/airflow/dags/dbt_mart_pipeline.py
[2026-06-02T20:15:59.122+0700] {logging_mixin.py:190} INFO - [2026-06-02T20:15:59.122+0700] {dag.py:3239} INFO - Sync 1 DAGs
[2026-06-02T20:15:59.142+0700] {logging_mixin.py:190} INFO - [2026-06-02T20:15:59.142+0700] {dag.py:4180} INFO - Setting next_dagrun for dbt_mart_pipeline to None, run_after=None
[2026-06-02T20:15:59.167+0700] {processor.py:208} INFO - Processing /opt/airflow/dags/dbt_mart_pipeline.py took 0.100 seconds
[2026-06-02T20:16:29.563+0700] {processor.py:186} INFO - Started process (PID=438) to work on /opt/airflow/dags/dbt_mart_pipeline.py
[2026-06-02T20:16:29.565+0700] {processor.py:914} INFO - Processing file /opt/airflow/dags/dbt_mart_pipeline.py for tasks to queue
[2026-06-02T20:16:29.568+0700] {logging_mixin.py:190} INFO - [2026-06-02T20:16:29.567+0700] {dagbag.py:588} INFO - Filling up the DagBag from /opt/airflow/dags/dbt_mart_pipeline.py
[2026-06-02T20:16:29.587+0700] {processor.py:925} INFO - DAG(s) 'dbt_mart_pipeline' retrieved from /opt/airflow/dags/dbt_mart_pipeline.py
[2026-06-02T20:16:29.619+0700] {logging_mixin.py:190} INFO - [2026-06-02T20:16:29.618+0700] {dag.py:3239} INFO - Sync 1 DAGs
[2026-06-02T20:16:29.638+0700] {logging_mixin.py:190} INFO - [2026-06-02T20:16:29.638+0700] {dag.py:4180} INFO - Setting next_dagrun for dbt_mart_pipeline to None, run_after=None
[2026-06-02T20:16:29.662+0700] {processor.py:208} INFO - Processing /opt/airflow/dags/dbt_mart_pipeline.py took 0.106 seconds
[2026-06-02T20:16:59.981+0700] {processor.py:186} INFO - Started process (PID=443) to work on /opt/airflow/dags/dbt_mart_pipeline.py
[2026-06-02T20:16:59.982+0700] {processor.py:914} INFO - Processing file /opt/airflow/dags/dbt_mart_pipeline.py for tasks to queue
[2026-06-02T20:16:59.985+0700] {logging_mixin.py:190} INFO - [2026-06-02T20:16:59.985+0700] {dagbag.py:588} INFO - Filling up the DagBag from /opt/airflow/dags/dbt_mart_pipeline.py
[2026-06-02T20:17:00.077+0700] {processor.py:925} INFO - DAG(s) 'dbt_mart_pipeline' retrieved from /opt/airflow/dags/dbt_mart_pipeline.py
[2026-06-02T20:17:00.170+0700] {logging_mixin.py:190} INFO - [2026-06-02T20:17:00.170+0700] {dag.py:3239} INFO - Sync 1 DAGs
[2026-06-02T20:17:00.196+0700] {logging_mixin.py:190} INFO - [2026-06-02T20:17:00.196+0700] {dag.py:4180} INFO - Setting next_dagrun for dbt_mart_pipeline to None, run_after=None
[2026-06-02T20:17:00.231+0700] {processor.py:208} INFO - Processing /opt/airflow/dags/dbt_mart_pipeline.py took 0.261 seconds
[2026-06-02T20:17:30.478+0700] {processor.py:186} INFO - Started process (PID=448) to work on /opt/airflow/dags/dbt_mart_pipeline.py
[2026-06-02T20:17:30.479+0700] {processor.py:914} INFO - Processing file /opt/airflow/dags/dbt_mart_pipeline.py for tasks to queue
[2026-06-02T20:17:30.482+0700] {logging_mixin.py:190} INFO - [2026-06-02T20:17:30.482+0700] {dagbag.py:588} INFO - Filling up the DagBag from /opt/airflow/dags/dbt_mart_pipeline.py
[2026-06-02T20:17:30.500+0700] {processor.py:925} INFO - DAG(s) 'dbt_mart_pipeline' retrieved from /opt/airflow/dags/dbt_mart_pipeline.py
[2026-06-02T20:17:30.532+0700] {logging_mixin.py:190} INFO - [2026-06-02T20:17:30.532+0700] {dag.py:3239} INFO - Sync 1 DAGs
[2026-06-02T20:17:30.550+0700] {logging_mixin.py:190} INFO - [2026-06-02T20:17:30.550+0700] {dag.py:4180} INFO - Setting next_dagrun for dbt_mart_pipeline to None, run_after=None
[2026-06-02T20:17:30.574+0700] {processor.py:208} INFO - Processing /opt/airflow/dags/dbt_mart_pipeline.py took 0.102 seconds
[2026-06-02T20:18:00.995+0700] {processor.py:186} INFO - Started process (PID=453) to work on /opt/airflow/dags/dbt_mart_pipeline.py
[2026-06-02T20:18:00.995+0700] {processor.py:914} INFO - Processing file /opt/airflow/dags/dbt_mart_pipeline.py for tasks to queue
[2026-06-02T20:18:00.998+0700] {logging_mixin.py:190} INFO - [2026-06-02T20:18:00.997+0700] {dagbag.py:588} INFO - Filling up the DagBag from /opt/airflow/dags/dbt_mart_pipeline.py
[2026-06-02T20:18:01.018+0700] {processor.py:925} INFO - DAG(s) 'dbt_mart_pipeline' retrieved from /opt/airflow/dags/dbt_mart_pipeline.py
[2026-06-02T20:18:01.052+0700] {logging_mixin.py:190} INFO - [2026-06-02T20:18:01.052+0700] {dag.py:3239} INFO - Sync 1 DAGs
[2026-06-02T20:18:01.070+0700] {logging_mixin.py:190} INFO - [2026-06-02T20:18:01.070+0700] {dag.py:4180} INFO - Setting next_dagrun for dbt_mart_pipeline to None, run_after=None
[2026-06-02T20:18:01.094+0700] {processor.py:208} INFO - Processing /opt/airflow/dags/dbt_mart_pipeline.py took 0.108 seconds
[2026-06-02T20:18:31.501+0700] {processor.py:186} INFO - Started process (PID=458) to work on /opt/airflow/dags/dbt_mart_pipeline.py
[2026-06-02T20:18:31.502+0700] {processor.py:914} INFO - Processing file /opt/airflow/dags/dbt_mart_pipeline.py for tasks to queue
[2026-06-02T20:18:31.504+0700] {logging_mixin.py:190} INFO - [2026-06-02T20:18:31.504+0700] {dagbag.py:588} INFO - Filling up the DagBag from /opt/airflow/dags/dbt_mart_pipeline.py
[2026-06-02T20:18:31.524+0700] {processor.py:925} INFO - DAG(s) 'dbt_mart_pipeline' retrieved from /opt/airflow/dags/dbt_mart_pipeline.py
[2026-06-02T20:18:31.558+0700] {logging_mixin.py:190} INFO - [2026-06-02T20:18:31.558+0700] {dag.py:3239} INFO - Sync 1 DAGs
[2026-06-02T20:18:31.575+0700] {logging_mixin.py:190} INFO - [2026-06-02T20:18:31.575+0700] {dag.py:4180} INFO - Setting next_dagrun for dbt_mart_pipeline to None, run_after=None
[2026-06-02T20:18:31.598+0700] {processor.py:208} INFO - Processing /opt/airflow/dags/dbt_mart_pipeline.py took 0.104 seconds
[2026-06-02T20:19:01.961+0700] {processor.py:186} INFO - Started process (PID=463) to work on /opt/airflow/dags/dbt_mart_pipeline.py
[2026-06-02T20:19:01.962+0700] {processor.py:914} INFO - Processing file /opt/airflow/dags/dbt_mart_pipeline.py for tasks to queue
[2026-06-02T20:19:01.964+0700] {logging_mixin.py:190} INFO - [2026-06-02T20:19:01.963+0700] {dagbag.py:588} INFO - Filling up the DagBag from /opt/airflow/dags/dbt_mart_pipeline.py
[2026-06-02T20:19:01.983+0700] {processor.py:925} INFO - DAG(s) 'dbt_mart_pipeline' retrieved from /opt/airflow/dags/dbt_mart_pipeline.py
[2026-06-02T20:19:02.020+0700] {logging_mixin.py:190} INFO - [2026-06-02T20:19:02.019+0700] {dag.py:3239} INFO - Sync 1 DAGs
[2026-06-02T20:19:02.040+0700] {logging_mixin.py:190} INFO - [2026-06-02T20:19:02.040+0700] {dag.py:4180} INFO - Setting next_dagrun for dbt_mart_pipeline to None, run_after=None
[2026-06-02T20:19:02.073+0700] {processor.py:208} INFO - Processing /opt/airflow/dags/dbt_mart_pipeline.py took 0.118 seconds
[2026-06-02T20:19:32.313+0700] {processor.py:186} INFO - Started process (PID=468) to work on /opt/airflow/dags/dbt_mart_pipeline.py
[2026-06-02T20:19:32.313+0700] {processor.py:914} INFO - Processing file /opt/airflow/dags/dbt_mart_pipeline.py for tasks to queue
[2026-06-02T20:19:32.317+0700] {logging_mixin.py:190} INFO - [2026-06-02T20:19:32.316+0700] {dagbag.py:588} INFO - Filling up the DagBag from /opt/airflow/dags/dbt_mart_pipeline.py
[2026-06-02T20:19:32.339+0700] {processor.py:925} INFO - DAG(s) 'dbt_mart_pipeline' retrieved from /opt/airflow/dags/dbt_mart_pipeline.py
[2026-06-02T20:19:32.377+0700] {logging_mixin.py:190} INFO - [2026-06-02T20:19:32.376+0700] {dag.py:3239} INFO - Sync 1 DAGs
[2026-06-02T20:19:32.398+0700] {logging_mixin.py:190} INFO - [2026-06-02T20:19:32.397+0700] {dag.py:4180} INFO - Setting next_dagrun for dbt_mart_pipeline to None, run_after=None
[2026-06-02T20:19:32.423+0700] {processor.py:208} INFO - Processing /opt/airflow/dags/dbt_mart_pipeline.py took 0.117 seconds
[2026-06-02T20:20:02.809+0700] {processor.py:186} INFO - Started process (PID=473) to work on /opt/airflow/dags/dbt_mart_pipeline.py
[2026-06-02T20:20:02.810+0700] {processor.py:914} INFO - Processing file /opt/airflow/dags/dbt_mart_pipeline.py for tasks to queue
[2026-06-02T20:20:02.813+0700] {logging_mixin.py:190} INFO - [2026-06-02T20:20:02.812+0700] {dagbag.py:588} INFO - Filling up the DagBag from /opt/airflow/dags/dbt_mart_pipeline.py
[2026-06-02T20:20:02.831+0700] {processor.py:925} INFO - DAG(s) 'dbt_mart_pipeline' retrieved from /opt/airflow/dags/dbt_mart_pipeline.py
[2026-06-02T20:20:02.863+0700] {logging_mixin.py:190} INFO - [2026-06-02T20:20:02.863+0700] {dag.py:3239} INFO - Sync 1 DAGs
[2026-06-02T20:20:02.882+0700] {logging_mixin.py:190} INFO - [2026-06-02T20:20:02.881+0700] {dag.py:4180} INFO - Setting next_dagrun for dbt_mart_pipeline to None, run_after=None
[2026-06-02T20:20:02.917+0700] {processor.py:208} INFO - Processing /opt/airflow/dags/dbt_mart_pipeline.py took 0.115 seconds
[2026-06-02T20:20:33.294+0700] {processor.py:186} INFO - Started process (PID=478) to work on /opt/airflow/dags/dbt_mart_pipeline.py
[2026-06-02T20:20:33.294+0700] {processor.py:914} INFO - Processing file /opt/airflow/dags/dbt_mart_pipeline.py for tasks to queue
[2026-06-02T20:20:33.298+0700] {logging_mixin.py:190} INFO - [2026-06-02T20:20:33.297+0700] {dagbag.py:588} INFO - Filling up the DagBag from /opt/airflow/dags/dbt_mart_pipeline.py
[2026-06-02T20:20:33.321+0700] {processor.py:925} INFO - DAG(s) 'dbt_mart_pipeline' retrieved from /opt/airflow/dags/dbt_mart_pipeline.py
[2026-06-02T20:20:33.357+0700] {logging_mixin.py:190} INFO - [2026-06-02T20:20:33.356+0700] {dag.py:3239} INFO - Sync 1 DAGs
[2026-06-02T20:20:33.375+0700] {logging_mixin.py:190} INFO - [2026-06-02T20:20:33.375+0700] {dag.py:4180} INFO - Setting next_dagrun for dbt_mart_pipeline to None, run_after=None
[2026-06-02T20:20:33.401+0700] {processor.py:208} INFO - Processing /opt/airflow/dags/dbt_mart_pipeline.py took 0.114 seconds
[2026-06-02T20:21:03.677+0700] {processor.py:186} INFO - Started process (PID=483) to work on /opt/airflow/dags/dbt_mart_pipeline.py
[2026-06-02T20:21:03.678+0700] {processor.py:914} INFO - Processing file /opt/airflow/dags/dbt_mart_pipeline.py for tasks to queue
[2026-06-02T20:21:03.682+0700] {logging_mixin.py:190} INFO - [2026-06-02T20:21:03.681+0700] {dagbag.py:588} INFO - Filling up the DagBag from /opt/airflow/dags/dbt_mart_pipeline.py
[2026-06-02T20:21:03.701+0700] {processor.py:925} INFO - DAG(s) 'dbt_mart_pipeline' retrieved from /opt/airflow/dags/dbt_mart_pipeline.py
[2026-06-02T20:21:03.739+0700] {logging_mixin.py:190} INFO - [2026-06-02T20:21:03.739+0700] {dag.py:3239} INFO - Sync 1 DAGs
[2026-06-02T20:21:03.762+0700] {logging_mixin.py:190} INFO - [2026-06-02T20:21:03.761+0700] {dag.py:4180} INFO - Setting next_dagrun for dbt_mart_pipeline to None, run_after=None
[2026-06-02T20:21:03.787+0700] {processor.py:208} INFO - Processing /opt/airflow/dags/dbt_mart_pipeline.py took 0.118 seconds
[2026-06-02T20:21:34.292+0700] {processor.py:186} INFO - Started process (PID=488) to work on /opt/airflow/dags/dbt_mart_pipeline.py
[2026-06-02T20:21:34.294+0700] {processor.py:914} INFO - Processing file /opt/airflow/dags/dbt_mart_pipeline.py for tasks to queue
[2026-06-02T20:21:34.297+0700] {logging_mixin.py:190} INFO - [2026-06-02T20:21:34.296+0700] {dagbag.py:588} INFO - Filling up the DagBag from /opt/airflow/dags/dbt_mart_pipeline.py
[2026-06-02T20:21:34.318+0700] {processor.py:925} INFO - DAG(s) 'dbt_mart_pipeline' retrieved from /opt/airflow/dags/dbt_mart_pipeline.py
[2026-06-02T20:21:34.357+0700] {logging_mixin.py:190} INFO - [2026-06-02T20:21:34.356+0700] {dag.py:3239} INFO - Sync 1 DAGs
[2026-06-02T20:21:34.375+0700] {logging_mixin.py:190} INFO - [2026-06-02T20:21:34.375+0700] {dag.py:4180} INFO - Setting next_dagrun for dbt_mart_pipeline to None, run_after=None
[2026-06-02T20:21:34.409+0700] {processor.py:208} INFO - Processing /opt/airflow/dags/dbt_mart_pipeline.py took 0.122 seconds
[2026-06-02T20:22:04.762+0700] {processor.py:186} INFO - Started process (PID=493) to work on /opt/airflow/dags/dbt_mart_pipeline.py
[2026-06-02T20:22:04.763+0700] {processor.py:914} INFO - Processing file /opt/airflow/dags/dbt_mart_pipeline.py for tasks to queue
[2026-06-02T20:22:04.766+0700] {logging_mixin.py:190} INFO - [2026-06-02T20:22:04.765+0700] {dagbag.py:588} INFO - Filling up the DagBag from /opt/airflow/dags/dbt_mart_pipeline.py
[2026-06-02T20:22:04.786+0700] {processor.py:925} INFO - DAG(s) 'dbt_mart_pipeline' retrieved from /opt/airflow/dags/dbt_mart_pipeline.py
[2026-06-02T20:22:04.821+0700] {logging_mixin.py:190} INFO - [2026-06-02T20:22:04.821+0700] {dag.py:3239} INFO - Sync 1 DAGs
[2026-06-02T20:22:04.837+0700] {logging_mixin.py:190} INFO - [2026-06-02T20:22:04.837+0700] {dag.py:4180} INFO - Setting next_dagrun for dbt_mart_pipeline to None, run_after=None
[2026-06-02T20:22:04.859+0700] {processor.py:208} INFO - Processing /opt/airflow/dags/dbt_mart_pipeline.py took 0.104 seconds
[2026-06-02T20:22:35.203+0700] {processor.py:186} INFO - Started process (PID=498) to work on /opt/airflow/dags/dbt_mart_pipeline.py
[2026-06-02T20:22:35.204+0700] {processor.py:914} INFO - Processing file /opt/airflow/dags/dbt_mart_pipeline.py for tasks to queue
[2026-06-02T20:22:35.207+0700] {logging_mixin.py:190} INFO - [2026-06-02T20:22:35.206+0700] {dagbag.py:588} INFO - Filling up the DagBag from /opt/airflow/dags/dbt_mart_pipeline.py
[2026-06-02T20:22:35.225+0700] {processor.py:925} INFO - DAG(s) 'dbt_mart_pipeline' retrieved from /opt/airflow/dags/dbt_mart_pipeline.py
[2026-06-02T20:22:35.263+0700] {logging_mixin.py:190} INFO - [2026-06-02T20:22:35.263+0700] {dag.py:3239} INFO - Sync 1 DAGs
[2026-06-02T20:22:35.284+0700] {logging_mixin.py:190} INFO - [2026-06-02T20:22:35.283+0700] {dag.py:4180} INFO - Setting next_dagrun for dbt_mart_pipeline to None, run_after=None
[2026-06-02T20:22:35.308+0700] {processor.py:208} INFO - Processing /opt/airflow/dags/dbt_mart_pipeline.py took 0.111 seconds
[2026-06-02T20:23:05.608+0700] {processor.py:186} INFO - Started process (PID=503) to work on /opt/airflow/dags/dbt_mart_pipeline.py
[2026-06-02T20:23:05.609+0700] {processor.py:914} INFO - Processing file /opt/airflow/dags/dbt_mart_pipeline.py for tasks to queue
[2026-06-02T20:23:05.611+0700] {logging_mixin.py:190} INFO - [2026-06-02T20:23:05.611+0700] {dagbag.py:588} INFO - Filling up the DagBag from /opt/airflow/dags/dbt_mart_pipeline.py
[2026-06-02T20:23:05.629+0700] {processor.py:925} INFO - DAG(s) 'dbt_mart_pipeline' retrieved from /opt/airflow/dags/dbt_mart_pipeline.py
[2026-06-02T20:23:05.671+0700] {logging_mixin.py:190} INFO - [2026-06-02T20:23:05.671+0700] {dag.py:3239} INFO - Sync 1 DAGs
[2026-06-02T20:23:05.691+0700] {logging_mixin.py:190} INFO - [2026-06-02T20:23:05.691+0700] {dag.py:4180} INFO - Setting next_dagrun for dbt_mart_pipeline to None, run_after=None
[2026-06-02T20:23:05.715+0700] {processor.py:208} INFO - Processing /opt/airflow/dags/dbt_mart_pipeline.py took 0.112 seconds
[2026-06-02T20:23:36.052+0700] {processor.py:186} INFO - Started process (PID=508) to work on /opt/airflow/dags/dbt_mart_pipeline.py
[2026-06-02T20:23:36.053+0700] {processor.py:914} INFO - Processing file /opt/airflow/dags/dbt_mart_pipeline.py for tasks to queue
[2026-06-02T20:23:36.056+0700] {logging_mixin.py:190} INFO - [2026-06-02T20:23:36.056+0700] {dagbag.py:588} INFO - Filling up the DagBag from /opt/airflow/dags/dbt_mart_pipeline.py
[2026-06-02T20:23:36.082+0700] {processor.py:925} INFO - DAG(s) 'dbt_mart_pipeline' retrieved from /opt/airflow/dags/dbt_mart_pipeline.py
[2026-06-02T20:23:36.124+0700] {logging_mixin.py:190} INFO - [2026-06-02T20:23:36.124+0700] {dag.py:3239} INFO - Sync 1 DAGs
[2026-06-02T20:23:36.147+0700] {logging_mixin.py:190} INFO - [2026-06-02T20:23:36.147+0700] {dag.py:4180} INFO - Setting next_dagrun for dbt_mart_pipeline to None, run_after=None
[2026-06-02T20:23:36.173+0700] {processor.py:208} INFO - Processing /opt/airflow/dags/dbt_mart_pipeline.py took 0.128 seconds
[2026-06-02T20:24:06.458+0700] {processor.py:186} INFO - Started process (PID=513) to work on /opt/airflow/dags/dbt_mart_pipeline.py
[2026-06-02T20:24:06.459+0700] {processor.py:914} INFO - Processing file /opt/airflow/dags/dbt_mart_pipeline.py for tasks to queue
[2026-06-02T20:24:06.461+0700] {logging_mixin.py:190} INFO - [2026-06-02T20:24:06.460+0700] {dagbag.py:588} INFO - Filling up the DagBag from /opt/airflow/dags/dbt_mart_pipeline.py
[2026-06-02T20:24:06.478+0700] {processor.py:925} INFO - DAG(s) 'dbt_mart_pipeline' retrieved from /opt/airflow/dags/dbt_mart_pipeline.py
[2026-06-02T20:24:06.514+0700] {logging_mixin.py:190} INFO - [2026-06-02T20:24:06.514+0700] {dag.py:3239} INFO - Sync 1 DAGs
[2026-06-02T20:24:06.536+0700] {logging_mixin.py:190} INFO - [2026-06-02T20:24:06.535+0700] {dag.py:4180} INFO - Setting next_dagrun for dbt_mart_pipeline to None, run_after=None
[2026-06-02T20:24:06.570+0700] {processor.py:208} INFO - Processing /opt/airflow/dags/dbt_mart_pipeline.py took 0.119 seconds
[2026-06-02T20:24:36.954+0700] {processor.py:186} INFO - Started process (PID=518) to work on /opt/airflow/dags/dbt_mart_pipeline.py
[2026-06-02T20:24:36.955+0700] {processor.py:914} INFO - Processing file /opt/airflow/dags/dbt_mart_pipeline.py for tasks to queue
[2026-06-02T20:24:36.957+0700] {logging_mixin.py:190} INFO - [2026-06-02T20:24:36.957+0700] {dagbag.py:588} INFO - Filling up the DagBag from /opt/airflow/dags/dbt_mart_pipeline.py
[2026-06-02T20:24:36.978+0700] {processor.py:925} INFO - DAG(s) 'dbt_mart_pipeline' retrieved from /opt/airflow/dags/dbt_mart_pipeline.py
[2026-06-02T20:24:37.012+0700] {logging_mixin.py:190} INFO - [2026-06-02T20:24:37.012+0700] {dag.py:3239} INFO - Sync 1 DAGs
[2026-06-02T20:24:37.032+0700] {logging_mixin.py:190} INFO - [2026-06-02T20:24:37.032+0700] {dag.py:4180} INFO - Setting next_dagrun for dbt_mart_pipeline to None, run_after=None
[2026-06-02T20:24:37.056+0700] {processor.py:208} INFO - Processing /opt/airflow/dags/dbt_mart_pipeline.py took 0.109 seconds
[2026-06-02T20:25:07.383+0700] {processor.py:186} INFO - Started process (PID=523) to work on /opt/airflow/dags/dbt_mart_pipeline.py
[2026-06-02T20:25:07.384+0700] {processor.py:914} INFO - Processing file /opt/airflow/dags/dbt_mart_pipeline.py for tasks to queue
[2026-06-02T20:25:07.387+0700] {logging_mixin.py:190} INFO - [2026-06-02T20:25:07.387+0700] {dagbag.py:588} INFO - Filling up the DagBag from /opt/airflow/dags/dbt_mart_pipeline.py
[2026-06-02T20:25:07.408+0700] {processor.py:925} INFO - DAG(s) 'dbt_mart_pipeline' retrieved from /opt/airflow/dags/dbt_mart_pipeline.py
[2026-06-02T20:25:07.445+0700] {logging_mixin.py:190} INFO - [2026-06-02T20:25:07.444+0700] {dag.py:3239} INFO - Sync 1 DAGs
[2026-06-02T20:25:07.463+0700] {logging_mixin.py:190} INFO - [2026-06-02T20:25:07.463+0700] {dag.py:4180} INFO - Setting next_dagrun for dbt_mart_pipeline to None, run_after=None
[2026-06-02T20:25:07.489+0700] {processor.py:208} INFO - Processing /opt/airflow/dags/dbt_mart_pipeline.py took 0.112 seconds
[2026-06-02T20:25:37.707+0700] {processor.py:186} INFO - Started process (PID=528) to work on /opt/airflow/dags/dbt_mart_pipeline.py
[2026-06-02T20:25:37.708+0700] {processor.py:914} INFO - Processing file /opt/airflow/dags/dbt_mart_pipeline.py for tasks to queue
[2026-06-02T20:25:37.712+0700] {logging_mixin.py:190} INFO - [2026-06-02T20:25:37.711+0700] {dagbag.py:588} INFO - Filling up the DagBag from /opt/airflow/dags/dbt_mart_pipeline.py
[2026-06-02T20:25:37.737+0700] {processor.py:925} INFO - DAG(s) 'dbt_mart_pipeline' retrieved from /opt/airflow/dags/dbt_mart_pipeline.py
[2026-06-02T20:25:37.783+0700] {logging_mixin.py:190} INFO - [2026-06-02T20:25:37.782+0700] {dag.py:3239} INFO - Sync 1 DAGs
[2026-06-02T20:25:37.803+0700] {logging_mixin.py:190} INFO - [2026-06-02T20:25:37.803+0700] {dag.py:4180} INFO - Setting next_dagrun for dbt_mart_pipeline to None, run_after=None
[2026-06-02T20:25:37.834+0700] {processor.py:208} INFO - Processing /opt/airflow/dags/dbt_mart_pipeline.py took 0.133 seconds
[2026-06-02T20:26:08.355+0700] {processor.py:186} INFO - Started process (PID=533) to work on /opt/airflow/dags/dbt_mart_pipeline.py
[2026-06-02T20:26:08.356+0700] {processor.py:914} INFO - Processing file /opt/airflow/dags/dbt_mart_pipeline.py for tasks to queue
[2026-06-02T20:26:08.359+0700] {logging_mixin.py:190} INFO - [2026-06-02T20:26:08.358+0700] {dagbag.py:588} INFO - Filling up the DagBag from /opt/airflow/dags/dbt_mart_pipeline.py
[2026-06-02T20:26:08.378+0700] {processor.py:925} INFO - DAG(s) 'dbt_mart_pipeline' retrieved from /opt/airflow/dags/dbt_mart_pipeline.py
[2026-06-02T20:26:08.414+0700] {logging_mixin.py:190} INFO - [2026-06-02T20:26:08.414+0700] {dag.py:3239} INFO - Sync 1 DAGs
[2026-06-02T20:26:08.433+0700] {logging_mixin.py:190} INFO - [2026-06-02T20:26:08.433+0700] {dag.py:4180} INFO - Setting next_dagrun for dbt_mart_pipeline to None, run_after=None
[2026-06-02T20:26:08.458+0700] {processor.py:208} INFO - Processing /opt/airflow/dags/dbt_mart_pipeline.py took 0.109 seconds
[2026-06-02T20:26:38.779+0700] {processor.py:186} INFO - Started process (PID=538) to work on /opt/airflow/dags/dbt_mart_pipeline.py
[2026-06-02T20:26:38.781+0700] {processor.py:914} INFO - Processing file /opt/airflow/dags/dbt_mart_pipeline.py for tasks to queue
[2026-06-02T20:26:38.783+0700] {logging_mixin.py:190} INFO - [2026-06-02T20:26:38.783+0700] {dagbag.py:588} INFO - Filling up the DagBag from /opt/airflow/dags/dbt_mart_pipeline.py
[2026-06-02T20:26:38.799+0700] {processor.py:925} INFO - DAG(s) 'dbt_mart_pipeline' retrieved from /opt/airflow/dags/dbt_mart_pipeline.py
[2026-06-02T20:26:38.834+0700] {logging_mixin.py:190} INFO - [2026-06-02T20:26:38.834+0700] {dag.py:3239} INFO - Sync 1 DAGs
[2026-06-02T20:26:38.854+0700] {logging_mixin.py:190} INFO - [2026-06-02T20:26:38.854+0700] {dag.py:4180} INFO - Setting next_dagrun for dbt_mart_pipeline to None, run_after=None
[2026-06-02T20:26:38.878+0700] {processor.py:208} INFO - Processing /opt/airflow/dags/dbt_mart_pipeline.py took 0.104 seconds
[2026-06-02T20:27:09.186+0700] {processor.py:186} INFO - Started process (PID=543) to work on /opt/airflow/dags/dbt_mart_pipeline.py
[2026-06-02T20:27:09.187+0700] {processor.py:914} INFO - Processing file /opt/airflow/dags/dbt_mart_pipeline.py for tasks to queue
[2026-06-02T20:27:09.190+0700] {logging_mixin.py:190} INFO - [2026-06-02T20:27:09.189+0700] {dagbag.py:588} INFO - Filling up the DagBag from /opt/airflow/dags/dbt_mart_pipeline.py
[2026-06-02T20:27:09.211+0700] {processor.py:925} INFO - DAG(s) 'dbt_mart_pipeline' retrieved from /opt/airflow/dags/dbt_mart_pipeline.py
[2026-06-02T20:27:09.251+0700] {logging_mixin.py:190} INFO - [2026-06-02T20:27:09.251+0700] {dag.py:3239} INFO - Sync 1 DAGs
[2026-06-02T20:27:09.271+0700] {logging_mixin.py:190} INFO - [2026-06-02T20:27:09.270+0700] {dag.py:4180} INFO - Setting next_dagrun for dbt_mart_pipeline to None, run_after=None
[2026-06-02T20:27:09.304+0700] {processor.py:208} INFO - Processing /opt/airflow/dags/dbt_mart_pipeline.py took 0.126 seconds
[2026-06-02T20:27:39.675+0700] {processor.py:186} INFO - Started process (PID=548) to work on /opt/airflow/dags/dbt_mart_pipeline.py
[2026-06-02T20:27:39.676+0700] {processor.py:914} INFO - Processing file /opt/airflow/dags/dbt_mart_pipeline.py for tasks to queue
[2026-06-02T20:27:39.678+0700] {logging_mixin.py:190} INFO - [2026-06-02T20:27:39.678+0700] {dagbag.py:588} INFO - Filling up the DagBag from /opt/airflow/dags/dbt_mart_pipeline.py
[2026-06-02T20:27:39.699+0700] {processor.py:925} INFO - DAG(s) 'dbt_mart_pipeline' retrieved from /opt/airflow/dags/dbt_mart_pipeline.py
[2026-06-02T20:27:39.737+0700] {logging_mixin.py:190} INFO - [2026-06-02T20:27:39.737+0700] {dag.py:3239} INFO - Sync 1 DAGs
[2026-06-02T20:27:39.759+0700] {logging_mixin.py:190} INFO - [2026-06-02T20:27:39.759+0700] {dag.py:4180} INFO - Setting next_dagrun for dbt_mart_pipeline to None, run_after=None
[2026-06-02T20:27:39.786+0700] {processor.py:208} INFO - Processing /opt/airflow/dags/dbt_mart_pipeline.py took 0.118 seconds
[2026-06-02T20:28:10.074+0700] {processor.py:186} INFO - Started process (PID=553) to work on /opt/airflow/dags/dbt_mart_pipeline.py
[2026-06-02T20:28:10.075+0700] {processor.py:914} INFO - Processing file /opt/airflow/dags/dbt_mart_pipeline.py for tasks to queue
[2026-06-02T20:28:10.079+0700] {logging_mixin.py:190} INFO - [2026-06-02T20:28:10.078+0700] {dagbag.py:588} INFO - Filling up the DagBag from /opt/airflow/dags/dbt_mart_pipeline.py
[2026-06-02T20:28:10.128+0700] {processor.py:925} INFO - DAG(s) 'dbt_mart_pipeline' retrieved from /opt/airflow/dags/dbt_mart_pipeline.py
[2026-06-02T20:28:10.197+0700] {logging_mixin.py:190} INFO - [2026-06-02T20:28:10.197+0700] {dag.py:3239} INFO - Sync 1 DAGs
[2026-06-02T20:28:10.229+0700] {logging_mixin.py:190} INFO - [2026-06-02T20:28:10.228+0700] {dag.py:4180} INFO - Setting next_dagrun for dbt_mart_pipeline to None, run_after=None
[2026-06-02T20:28:10.255+0700] {processor.py:208} INFO - Processing /opt/airflow/dags/dbt_mart_pipeline.py took 0.194 seconds
[2026-06-02T20:28:40.651+0700] {processor.py:186} INFO - Started process (PID=558) to work on /opt/airflow/dags/dbt_mart_pipeline.py
[2026-06-02T20:28:40.653+0700] {processor.py:914} INFO - Processing file /opt/airflow/dags/dbt_mart_pipeline.py for tasks to queue
[2026-06-02T20:28:40.657+0700] {logging_mixin.py:190} INFO - [2026-06-02T20:28:40.656+0700] {dagbag.py:588} INFO - Filling up the DagBag from /opt/airflow/dags/dbt_mart_pipeline.py
[2026-06-02T20:28:40.683+0700] {processor.py:925} INFO - DAG(s) 'dbt_mart_pipeline' retrieved from /opt/airflow/dags/dbt_mart_pipeline.py
[2026-06-02T20:28:40.749+0700] {logging_mixin.py:190} INFO - [2026-06-02T20:28:40.749+0700] {dag.py:3239} INFO - Sync 1 DAGs
[2026-06-02T20:28:40.789+0700] {logging_mixin.py:190} INFO - [2026-06-02T20:28:40.788+0700] {dag.py:4180} INFO - Setting next_dagrun for dbt_mart_pipeline to None, run_after=None
[2026-06-02T20:28:40.854+0700] {processor.py:208} INFO - Processing /opt/airflow/dags/dbt_mart_pipeline.py took 0.210 seconds
[2026-06-02T20:29:11.045+0700] {processor.py:186} INFO - Started process (PID=563) to work on /opt/airflow/dags/dbt_mart_pipeline.py
[2026-06-02T20:29:11.046+0700] {processor.py:914} INFO - Processing file /opt/airflow/dags/dbt_mart_pipeline.py for tasks to queue
[2026-06-02T20:29:11.049+0700] {logging_mixin.py:190} INFO - [2026-06-02T20:29:11.049+0700] {dagbag.py:588} INFO - Filling up the DagBag from /opt/airflow/dags/dbt_mart_pipeline.py
[2026-06-02T20:29:11.071+0700] {processor.py:925} INFO - DAG(s) 'dbt_mart_pipeline' retrieved from /opt/airflow/dags/dbt_mart_pipeline.py
[2026-06-02T20:29:11.111+0700] {logging_mixin.py:190} INFO - [2026-06-02T20:29:11.111+0700] {dag.py:3239} INFO - Sync 1 DAGs
[2026-06-02T20:29:11.133+0700] {logging_mixin.py:190} INFO - [2026-06-02T20:29:11.133+0700] {dag.py:4180} INFO - Setting next_dagrun for dbt_mart_pipeline to None, run_after=None
[2026-06-02T20:29:11.159+0700] {processor.py:208} INFO - Processing /opt/airflow/dags/dbt_mart_pipeline.py took 0.121 seconds
[2026-06-02T20:29:41.487+0700] {processor.py:186} INFO - Started process (PID=568) to work on /opt/airflow/dags/dbt_mart_pipeline.py
[2026-06-02T20:29:41.489+0700] {processor.py:914} INFO - Processing file /opt/airflow/dags/dbt_mart_pipeline.py for tasks to queue
[2026-06-02T20:29:41.494+0700] {logging_mixin.py:190} INFO - [2026-06-02T20:29:41.494+0700] {dagbag.py:588} INFO - Filling up the DagBag from /opt/airflow/dags/dbt_mart_pipeline.py
[2026-06-02T20:29:41.531+0700] {processor.py:925} INFO - DAG(s) 'dbt_mart_pipeline' retrieved from /opt/airflow/dags/dbt_mart_pipeline.py
[2026-06-02T20:29:41.584+0700] {logging_mixin.py:190} INFO - [2026-06-02T20:29:41.584+0700] {dag.py:3239} INFO - Sync 1 DAGs
[2026-06-02T20:29:41.612+0700] {logging_mixin.py:190} INFO - [2026-06-02T20:29:41.612+0700] {dag.py:4180} INFO - Setting next_dagrun for dbt_mart_pipeline to None, run_after=None
[2026-06-02T20:29:41.648+0700] {processor.py:208} INFO - Processing /opt/airflow/dags/dbt_mart_pipeline.py took 0.171 seconds
[2026-06-02T20:30:11.964+0700] {processor.py:186} INFO - Started process (PID=573) to work on /opt/airflow/dags/dbt_mart_pipeline.py
[2026-06-02T20:30:11.965+0700] {processor.py:914} INFO - Processing file /opt/airflow/dags/dbt_mart_pipeline.py for tasks to queue
[2026-06-02T20:30:11.969+0700] {logging_mixin.py:190} INFO - [2026-06-02T20:30:11.969+0700] {dagbag.py:588} INFO - Filling up the DagBag from /opt/airflow/dags/dbt_mart_pipeline.py
[2026-06-02T20:30:12.007+0700] {processor.py:925} INFO - DAG(s) 'dbt_mart_pipeline' retrieved from /opt/airflow/dags/dbt_mart_pipeline.py
[2026-06-02T20:30:12.063+0700] {logging_mixin.py:190} INFO - [2026-06-02T20:30:12.063+0700] {dag.py:3239} INFO - Sync 1 DAGs
[2026-06-02T20:30:12.084+0700] {logging_mixin.py:190} INFO - [2026-06-02T20:30:12.084+0700] {dag.py:4180} INFO - Setting next_dagrun for dbt_mart_pipeline to None, run_after=None
[2026-06-02T20:30:12.108+0700] {processor.py:208} INFO - Processing /opt/airflow/dags/dbt_mart_pipeline.py took 0.157 seconds
[2026-06-02T20:30:42.560+0700] {processor.py:186} INFO - Started process (PID=578) to work on /opt/airflow/dags/dbt_mart_pipeline.py
[2026-06-02T20:30:42.561+0700] {processor.py:914} INFO - Processing file /opt/airflow/dags/dbt_mart_pipeline.py for tasks to queue
[2026-06-02T20:30:42.566+0700] {logging_mixin.py:190} INFO - [2026-06-02T20:30:42.565+0700] {dagbag.py:588} INFO - Filling up the DagBag from /opt/airflow/dags/dbt_mart_pipeline.py
[2026-06-02T20:30:42.599+0700] {processor.py:925} INFO - DAG(s) 'dbt_mart_pipeline' retrieved from /opt/airflow/dags/dbt_mart_pipeline.py
[2026-06-02T20:30:42.646+0700] {logging_mixin.py:190} INFO - [2026-06-02T20:30:42.645+0700] {dag.py:3239} INFO - Sync 1 DAGs
[2026-06-02T20:30:42.663+0700] {logging_mixin.py:190} INFO - [2026-06-02T20:30:42.663+0700] {dag.py:4180} INFO - Setting next_dagrun for dbt_mart_pipeline to None, run_after=None
[2026-06-02T20:30:42.697+0700] {processor.py:208} INFO - Processing /opt/airflow/dags/dbt_mart_pipeline.py took 0.149 seconds
[2026-06-02T20:31:12.908+0700] {processor.py:186} INFO - Started process (PID=583) to work on /opt/airflow/dags/dbt_mart_pipeline.py
[2026-06-02T20:31:12.909+0700] {processor.py:914} INFO - Processing file /opt/airflow/dags/dbt_mart_pipeline.py for tasks to queue
[2026-06-02T20:31:12.911+0700] {logging_mixin.py:190} INFO - [2026-06-02T20:31:12.911+0700] {dagbag.py:588} INFO - Filling up the DagBag from /opt/airflow/dags/dbt_mart_pipeline.py
[2026-06-02T20:31:12.931+0700] {processor.py:925} INFO - DAG(s) 'dbt_mart_pipeline' retrieved from /opt/airflow/dags/dbt_mart_pipeline.py
[2026-06-02T20:31:12.971+0700] {logging_mixin.py:190} INFO - [2026-06-02T20:31:12.971+0700] {dag.py:3239} INFO - Sync 1 DAGs
[2026-06-02T20:31:12.992+0700] {logging_mixin.py:190} INFO - [2026-06-02T20:31:12.992+0700] {dag.py:4180} INFO - Setting next_dagrun for dbt_mart_pipeline to None, run_after=None
[2026-06-02T20:31:13.017+0700] {processor.py:208} INFO - Processing /opt/airflow/dags/dbt_mart_pipeline.py took 0.115 seconds
[2026-06-02T20:31:43.334+0700] {processor.py:186} INFO - Started process (PID=588) to work on /opt/airflow/dags/dbt_mart_pipeline.py
[2026-06-02T20:31:43.335+0700] {processor.py:914} INFO - Processing file /opt/airflow/dags/dbt_mart_pipeline.py for tasks to queue
[2026-06-02T20:31:43.338+0700] {logging_mixin.py:190} INFO - [2026-06-02T20:31:43.337+0700] {dagbag.py:588} INFO - Filling up the DagBag from /opt/airflow/dags/dbt_mart_pipeline.py
[2026-06-02T20:31:43.356+0700] {processor.py:925} INFO - DAG(s) 'dbt_mart_pipeline' retrieved from /opt/airflow/dags/dbt_mart_pipeline.py
[2026-06-02T20:31:43.395+0700] {logging_mixin.py:190} INFO - [2026-06-02T20:31:43.395+0700] {dag.py:3239} INFO - Sync 1 DAGs
[2026-06-02T20:31:43.415+0700] {logging_mixin.py:190} INFO - [2026-06-02T20:31:43.415+0700] {dag.py:4180} INFO - Setting next_dagrun for dbt_mart_pipeline to None, run_after=None
[2026-06-02T20:31:43.439+0700] {processor.py:208} INFO - Processing /opt/airflow/dags/dbt_mart_pipeline.py took 0.112 seconds
[2026-06-02T20:32:13.880+0700] {processor.py:186} INFO - Started process (PID=593) to work on /opt/airflow/dags/dbt_mart_pipeline.py
[2026-06-02T20:32:13.881+0700] {processor.py:914} INFO - Processing file /opt/airflow/dags/dbt_mart_pipeline.py for tasks to queue
[2026-06-02T20:32:13.884+0700] {logging_mixin.py:190} INFO - [2026-06-02T20:32:13.883+0700] {dagbag.py:588} INFO - Filling up the DagBag from /opt/airflow/dags/dbt_mart_pipeline.py
[2026-06-02T20:32:13.906+0700] {processor.py:925} INFO - DAG(s) 'dbt_mart_pipeline' retrieved from /opt/airflow/dags/dbt_mart_pipeline.py
[2026-06-02T20:32:13.945+0700] {logging_mixin.py:190} INFO - [2026-06-02T20:32:13.945+0700] {dag.py:3239} INFO - Sync 1 DAGs
[2026-06-02T20:32:13.967+0700] {logging_mixin.py:190} INFO - [2026-06-02T20:32:13.967+0700] {dag.py:4180} INFO - Setting next_dagrun for dbt_mart_pipeline to None, run_after=None
[2026-06-02T20:32:14.002+0700] {processor.py:208} INFO - Processing /opt/airflow/dags/dbt_mart_pipeline.py took 0.128 seconds
[2026-06-02T20:32:44.332+0700] {processor.py:186} INFO - Started process (PID=598) to work on /opt/airflow/dags/dbt_mart_pipeline.py
[2026-06-02T20:32:44.333+0700] {processor.py:914} INFO - Processing file /opt/airflow/dags/dbt_mart_pipeline.py for tasks to queue
[2026-06-02T20:32:44.336+0700] {logging_mixin.py:190} INFO - [2026-06-02T20:32:44.336+0700] {dagbag.py:588} INFO - Filling up the DagBag from /opt/airflow/dags/dbt_mart_pipeline.py
[2026-06-02T20:32:44.355+0700] {processor.py:925} INFO - DAG(s) 'dbt_mart_pipeline' retrieved from /opt/airflow/dags/dbt_mart_pipeline.py
[2026-06-02T20:32:44.388+0700] {logging_mixin.py:190} INFO - [2026-06-02T20:32:44.388+0700] {dag.py:3239} INFO - Sync 1 DAGs
[2026-06-02T20:32:44.405+0700] {logging_mixin.py:190} INFO - [2026-06-02T20:32:44.405+0700] {dag.py:4180} INFO - Setting next_dagrun for dbt_mart_pipeline to None, run_after=None
[2026-06-02T20:32:44.427+0700] {processor.py:208} INFO - Processing /opt/airflow/dags/dbt_mart_pipeline.py took 0.102 seconds
[2026-06-02T20:33:14.776+0700] {processor.py:186} INFO - Started process (PID=603) to work on /opt/airflow/dags/dbt_mart_pipeline.py
[2026-06-02T20:33:14.777+0700] {processor.py:914} INFO - Processing file /opt/airflow/dags/dbt_mart_pipeline.py for tasks to queue
[2026-06-02T20:33:14.780+0700] {logging_mixin.py:190} INFO - [2026-06-02T20:33:14.779+0700] {dagbag.py:588} INFO - Filling up the DagBag from /opt/airflow/dags/dbt_mart_pipeline.py
[2026-06-02T20:33:14.798+0700] {processor.py:925} INFO - DAG(s) 'dbt_mart_pipeline' retrieved from /opt/airflow/dags/dbt_mart_pipeline.py
[2026-06-02T20:33:14.831+0700] {logging_mixin.py:190} INFO - [2026-06-02T20:33:14.831+0700] {dag.py:3239} INFO - Sync 1 DAGs
[2026-06-02T20:33:14.849+0700] {logging_mixin.py:190} INFO - [2026-06-02T20:33:14.848+0700] {dag.py:4180} INFO - Setting next_dagrun for dbt_mart_pipeline to None, run_after=None
[2026-06-02T20:33:14.895+0700] {processor.py:208} INFO - Processing /opt/airflow/dags/dbt_mart_pipeline.py took 0.125 seconds
[2026-06-02T20:33:45.135+0700] {processor.py:186} INFO - Started process (PID=608) to work on /opt/airflow/dags/dbt_mart_pipeline.py
[2026-06-02T20:33:45.136+0700] {processor.py:914} INFO - Processing file /opt/airflow/dags/dbt_mart_pipeline.py for tasks to queue
[2026-06-02T20:33:45.139+0700] {logging_mixin.py:190} INFO - [2026-06-02T20:33:45.139+0700] {dagbag.py:588} INFO - Filling up the DagBag from /opt/airflow/dags/dbt_mart_pipeline.py
[2026-06-02T20:33:45.160+0700] {processor.py:925} INFO - DAG(s) 'dbt_mart_pipeline' retrieved from /opt/airflow/dags/dbt_mart_pipeline.py
[2026-06-02T20:33:45.198+0700] {logging_mixin.py:190} INFO - [2026-06-02T20:33:45.197+0700] {dag.py:3239} INFO - Sync 1 DAGs
[2026-06-02T20:33:45.218+0700] {logging_mixin.py:190} INFO - [2026-06-02T20:33:45.218+0700] {dag.py:4180} INFO - Setting next_dagrun for dbt_mart_pipeline to None, run_after=None
[2026-06-02T20:33:45.244+0700] {processor.py:208} INFO - Processing /opt/airflow/dags/dbt_mart_pipeline.py took 0.115 seconds
[2026-06-02T20:34:15.728+0700] {processor.py:186} INFO - Started process (PID=613) to work on /opt/airflow/dags/dbt_mart_pipeline.py
[2026-06-02T20:34:15.729+0700] {processor.py:914} INFO - Processing file /opt/airflow/dags/dbt_mart_pipeline.py for tasks to queue
[2026-06-02T20:34:15.732+0700] {logging_mixin.py:190} INFO - [2026-06-02T20:34:15.732+0700] {dagbag.py:588} INFO - Filling up the DagBag from /opt/airflow/dags/dbt_mart_pipeline.py
[2026-06-02T20:34:15.752+0700] {processor.py:925} INFO - DAG(s) 'dbt_mart_pipeline' retrieved from /opt/airflow/dags/dbt_mart_pipeline.py
[2026-06-02T20:34:15.789+0700] {logging_mixin.py:190} INFO - [2026-06-02T20:34:15.789+0700] {dag.py:3239} INFO - Sync 1 DAGs
[2026-06-02T20:34:15.811+0700] {logging_mixin.py:190} INFO - [2026-06-02T20:34:15.810+0700] {dag.py:4180} INFO - Setting next_dagrun for dbt_mart_pipeline to None, run_after=None
[2026-06-02T20:34:15.844+0700] {processor.py:208} INFO - Processing /opt/airflow/dags/dbt_mart_pipeline.py took 0.121 seconds
[2026-06-02T20:34:46.253+0700] {processor.py:186} INFO - Started process (PID=618) to work on /opt/airflow/dags/dbt_mart_pipeline.py
[2026-06-02T20:34:46.254+0700] {processor.py:914} INFO - Processing file /opt/airflow/dags/dbt_mart_pipeline.py for tasks to queue
[2026-06-02T20:34:46.256+0700] {logging_mixin.py:190} INFO - [2026-06-02T20:34:46.256+0700] {dagbag.py:588} INFO - Filling up the DagBag from /opt/airflow/dags/dbt_mart_pipeline.py
[2026-06-02T20:34:46.276+0700] {processor.py:925} INFO - DAG(s) 'dbt_mart_pipeline' retrieved from /opt/airflow/dags/dbt_mart_pipeline.py
[2026-06-02T20:34:46.315+0700] {logging_mixin.py:190} INFO - [2026-06-02T20:34:46.314+0700] {dag.py:3239} INFO - Sync 1 DAGs
[2026-06-02T20:34:46.334+0700] {logging_mixin.py:190} INFO - [2026-06-02T20:34:46.334+0700] {dag.py:4180} INFO - Setting next_dagrun for dbt_mart_pipeline to None, run_after=None
[2026-06-02T20:34:46.356+0700] {processor.py:208} INFO - Processing /opt/airflow/dags/dbt_mart_pipeline.py took 0.110 seconds
[2026-06-02T20:35:16.737+0700] {processor.py:186} INFO - Started process (PID=623) to work on /opt/airflow/dags/dbt_mart_pipeline.py
[2026-06-02T20:35:16.738+0700] {processor.py:914} INFO - Processing file /opt/airflow/dags/dbt_mart_pipeline.py for tasks to queue
[2026-06-02T20:35:16.740+0700] {logging_mixin.py:190} INFO - [2026-06-02T20:35:16.740+0700] {dagbag.py:588} INFO - Filling up the DagBag from /opt/airflow/dags/dbt_mart_pipeline.py
[2026-06-02T20:35:16.761+0700] {processor.py:925} INFO - DAG(s) 'dbt_mart_pipeline' retrieved from /opt/airflow/dags/dbt_mart_pipeline.py
[2026-06-02T20:35:16.808+0700] {logging_mixin.py:190} INFO - [2026-06-02T20:35:16.808+0700] {dag.py:3239} INFO - Sync 1 DAGs
[2026-06-02T20:35:16.839+0700] {logging_mixin.py:190} INFO - [2026-06-02T20:35:16.838+0700] {dag.py:4180} INFO - Setting next_dagrun for dbt_mart_pipeline to None, run_after=None
[2026-06-02T20:35:16.890+0700] {processor.py:208} INFO - Processing /opt/airflow/dags/dbt_mart_pipeline.py took 0.160 seconds
[2026-06-02T20:35:47.052+0700] {processor.py:186} INFO - Started process (PID=628) to work on /opt/airflow/dags/dbt_mart_pipeline.py
[2026-06-02T20:35:47.053+0700] {processor.py:914} INFO - Processing file /opt/airflow/dags/dbt_mart_pipeline.py for tasks to queue
[2026-06-02T20:35:47.056+0700] {logging_mixin.py:190} INFO - [2026-06-02T20:35:47.055+0700] {dagbag.py:588} INFO - Filling up the DagBag from /opt/airflow/dags/dbt_mart_pipeline.py
[2026-06-02T20:35:47.076+0700] {processor.py:925} INFO - DAG(s) 'dbt_mart_pipeline' retrieved from /opt/airflow/dags/dbt_mart_pipeline.py
[2026-06-02T20:35:47.113+0700] {logging_mixin.py:190} INFO - [2026-06-02T20:35:47.113+0700] {dag.py:3239} INFO - Sync 1 DAGs
[2026-06-02T20:35:47.132+0700] {logging_mixin.py:190} INFO - [2026-06-02T20:35:47.131+0700] {dag.py:4180} INFO - Setting next_dagrun for dbt_mart_pipeline to None, run_after=None
[2026-06-02T20:35:47.155+0700] {processor.py:208} INFO - Processing /opt/airflow/dags/dbt_mart_pipeline.py took 0.109 seconds
[2026-06-02T20:36:17.533+0700] {processor.py:186} INFO - Started process (PID=633) to work on /opt/airflow/dags/dbt_mart_pipeline.py
[2026-06-02T20:36:17.534+0700] {processor.py:914} INFO - Processing file /opt/airflow/dags/dbt_mart_pipeline.py for tasks to queue
[2026-06-02T20:36:17.537+0700] {logging_mixin.py:190} INFO - [2026-06-02T20:36:17.537+0700] {dagbag.py:588} INFO - Filling up the DagBag from /opt/airflow/dags/dbt_mart_pipeline.py
[2026-06-02T20:36:17.561+0700] {processor.py:925} INFO - DAG(s) 'dbt_mart_pipeline' retrieved from /opt/airflow/dags/dbt_mart_pipeline.py
[2026-06-02T20:36:17.599+0700] {logging_mixin.py:190} INFO - [2026-06-02T20:36:17.599+0700] {dag.py:3239} INFO - Sync 1 DAGs
[2026-06-02T20:36:17.619+0700] {logging_mixin.py:190} INFO - [2026-06-02T20:36:17.619+0700] {dag.py:4180} INFO - Setting next_dagrun for dbt_mart_pipeline to None, run_after=None
[2026-06-02T20:36:17.643+0700] {processor.py:208} INFO - Processing /opt/airflow/dags/dbt_mart_pipeline.py took 0.116 seconds
[2026-06-02T20:36:47.927+0700] {processor.py:186} INFO - Started process (PID=638) to work on /opt/airflow/dags/dbt_mart_pipeline.py
[2026-06-02T20:36:47.933+0700] {processor.py:914} INFO - Processing file /opt/airflow/dags/dbt_mart_pipeline.py for tasks to queue
[2026-06-02T20:36:47.936+0700] {logging_mixin.py:190} INFO - [2026-06-02T20:36:47.936+0700] {dagbag.py:588} INFO - Filling up the DagBag from /opt/airflow/dags/dbt_mart_pipeline.py
[2026-06-02T20:36:47.958+0700] {processor.py:925} INFO - DAG(s) 'dbt_mart_pipeline' retrieved from /opt/airflow/dags/dbt_mart_pipeline.py
[2026-06-02T20:36:47.992+0700] {logging_mixin.py:190} INFO - [2026-06-02T20:36:47.992+0700] {dag.py:3239} INFO - Sync 1 DAGs
[2026-06-02T20:36:48.013+0700] {logging_mixin.py:190} INFO - [2026-06-02T20:36:48.012+0700] {dag.py:4180} INFO - Setting next_dagrun for dbt_mart_pipeline to None, run_after=None
[2026-06-02T20:36:48.037+0700] {processor.py:208} INFO - Processing /opt/airflow/dags/dbt_mart_pipeline.py took 0.116 seconds
[2026-06-02T20:37:18.336+0700] {processor.py:186} INFO - Started process (PID=643) to work on /opt/airflow/dags/dbt_mart_pipeline.py
[2026-06-02T20:37:18.337+0700] {processor.py:914} INFO - Processing file /opt/airflow/dags/dbt_mart_pipeline.py for tasks to queue
[2026-06-02T20:37:18.340+0700] {logging_mixin.py:190} INFO - [2026-06-02T20:37:18.339+0700] {dagbag.py:588} INFO - Filling up the DagBag from /opt/airflow/dags/dbt_mart_pipeline.py
[2026-06-02T20:37:18.360+0700] {processor.py:925} INFO - DAG(s) 'dbt_mart_pipeline' retrieved from /opt/airflow/dags/dbt_mart_pipeline.py
[2026-06-02T20:37:18.401+0700] {logging_mixin.py:190} INFO - [2026-06-02T20:37:18.400+0700] {dag.py:3239} INFO - Sync 1 DAGs
[2026-06-02T20:37:18.421+0700] {logging_mixin.py:190} INFO - [2026-06-02T20:37:18.421+0700] {dag.py:4180} INFO - Setting next_dagrun for dbt_mart_pipeline to None, run_after=None
[2026-06-02T20:37:18.447+0700] {processor.py:208} INFO - Processing /opt/airflow/dags/dbt_mart_pipeline.py took 0.118 seconds
[2026-06-02T20:37:48.682+0700] {processor.py:186} INFO - Started process (PID=648) to work on /opt/airflow/dags/dbt_mart_pipeline.py
[2026-06-02T20:37:48.683+0700] {processor.py:914} INFO - Processing file /opt/airflow/dags/dbt_mart_pipeline.py for tasks to queue
[2026-06-02T20:37:48.688+0700] {logging_mixin.py:190} INFO - [2026-06-02T20:37:48.687+0700] {dagbag.py:588} INFO - Filling up the DagBag from /opt/airflow/dags/dbt_mart_pipeline.py
[2026-06-02T20:37:48.709+0700] {processor.py:925} INFO - DAG(s) 'dbt_mart_pipeline' retrieved from /opt/airflow/dags/dbt_mart_pipeline.py
[2026-06-02T20:37:48.752+0700] {logging_mixin.py:190} INFO - [2026-06-02T20:37:48.752+0700] {dag.py:3239} INFO - Sync 1 DAGs
[2026-06-02T20:37:48.773+0700] {logging_mixin.py:190} INFO - [2026-06-02T20:37:48.773+0700] {dag.py:4180} INFO - Setting next_dagrun for dbt_mart_pipeline to None, run_after=None
[2026-06-02T20:37:48.801+0700] {processor.py:208} INFO - Processing /opt/airflow/dags/dbt_mart_pipeline.py took 0.128 seconds
[2026-06-02T20:38:19.284+0700] {processor.py:186} INFO - Started process (PID=653) to work on /opt/airflow/dags/dbt_mart_pipeline.py
[2026-06-02T20:38:19.285+0700] {processor.py:914} INFO - Processing file /opt/airflow/dags/dbt_mart_pipeline.py for tasks to queue
[2026-06-02T20:38:19.289+0700] {logging_mixin.py:190} INFO - [2026-06-02T20:38:19.288+0700] {dagbag.py:588} INFO - Filling up the DagBag from /opt/airflow/dags/dbt_mart_pipeline.py
[2026-06-02T20:38:19.313+0700] {processor.py:925} INFO - DAG(s) 'dbt_mart_pipeline' retrieved from /opt/airflow/dags/dbt_mart_pipeline.py
[2026-06-02T20:38:19.355+0700] {logging_mixin.py:190} INFO - [2026-06-02T20:38:19.355+0700] {dag.py:3239} INFO - Sync 1 DAGs
[2026-06-02T20:38:19.376+0700] {logging_mixin.py:190} INFO - [2026-06-02T20:38:19.375+0700] {dag.py:4180} INFO - Setting next_dagrun for dbt_mart_pipeline to None, run_after=None
[2026-06-02T20:38:19.402+0700] {processor.py:208} INFO - Processing /opt/airflow/dags/dbt_mart_pipeline.py took 0.124 seconds
[2026-06-02T20:38:49.643+0700] {processor.py:186} INFO - Started process (PID=658) to work on /opt/airflow/dags/dbt_mart_pipeline.py
[2026-06-02T20:38:49.644+0700] {processor.py:914} INFO - Processing file /opt/airflow/dags/dbt_mart_pipeline.py for tasks to queue
[2026-06-02T20:38:49.650+0700] {logging_mixin.py:190} INFO - [2026-06-02T20:38:49.649+0700] {dagbag.py:588} INFO - Filling up the DagBag from /opt/airflow/dags/dbt_mart_pipeline.py
[2026-06-02T20:38:49.683+0700] {processor.py:925} INFO - DAG(s) 'dbt_mart_pipeline' retrieved from /opt/airflow/dags/dbt_mart_pipeline.py
[2026-06-02T20:38:49.730+0700] {logging_mixin.py:190} INFO - [2026-06-02T20:38:49.730+0700] {dag.py:3239} INFO - Sync 1 DAGs
[2026-06-02T20:38:49.752+0700] {logging_mixin.py:190} INFO - [2026-06-02T20:38:49.751+0700] {dag.py:4180} INFO - Setting next_dagrun for dbt_mart_pipeline to None, run_after=None
[2026-06-02T20:38:49.776+0700] {processor.py:208} INFO - Processing /opt/airflow/dags/dbt_mart_pipeline.py took 0.150 seconds
[2026-06-02T20:39:20.177+0700] {processor.py:186} INFO - Started process (PID=663) to work on /opt/airflow/dags/dbt_mart_pipeline.py
[2026-06-02T20:39:20.178+0700] {processor.py:914} INFO - Processing file /opt/airflow/dags/dbt_mart_pipeline.py for tasks to queue
[2026-06-02T20:39:20.180+0700] {logging_mixin.py:190} INFO - [2026-06-02T20:39:20.180+0700] {dagbag.py:588} INFO - Filling up the DagBag from /opt/airflow/dags/dbt_mart_pipeline.py
[2026-06-02T20:39:20.199+0700] {processor.py:925} INFO - DAG(s) 'dbt_mart_pipeline' retrieved from /opt/airflow/dags/dbt_mart_pipeline.py
[2026-06-02T20:39:20.238+0700] {logging_mixin.py:190} INFO - [2026-06-02T20:39:20.238+0700] {dag.py:3239} INFO - Sync 1 DAGs
[2026-06-02T20:39:20.259+0700] {logging_mixin.py:190} INFO - [2026-06-02T20:39:20.259+0700] {dag.py:4180} INFO - Setting next_dagrun for dbt_mart_pipeline to None, run_after=None
[2026-06-02T20:39:20.282+0700] {processor.py:208} INFO - Processing /opt/airflow/dags/dbt_mart_pipeline.py took 0.112 seconds
[2026-06-02T20:39:50.695+0700] {processor.py:186} INFO - Started process (PID=668) to work on /opt/airflow/dags/dbt_mart_pipeline.py
[2026-06-02T20:39:50.695+0700] {processor.py:914} INFO - Processing file /opt/airflow/dags/dbt_mart_pipeline.py for tasks to queue
[2026-06-02T20:39:50.698+0700] {logging_mixin.py:190} INFO - [2026-06-02T20:39:50.697+0700] {dagbag.py:588} INFO - Filling up the DagBag from /opt/airflow/dags/dbt_mart_pipeline.py
[2026-06-02T20:39:50.717+0700] {processor.py:925} INFO - DAG(s) 'dbt_mart_pipeline' retrieved from /opt/airflow/dags/dbt_mart_pipeline.py
[2026-06-02T20:39:50.754+0700] {logging_mixin.py:190} INFO - [2026-06-02T20:39:50.754+0700] {dag.py:3239} INFO - Sync 1 DAGs
[2026-06-02T20:39:50.774+0700] {logging_mixin.py:190} INFO - [2026-06-02T20:39:50.774+0700] {dag.py:4180} INFO - Setting next_dagrun for dbt_mart_pipeline to None, run_after=None
[2026-06-02T20:39:50.799+0700] {processor.py:208} INFO - Processing /opt/airflow/dags/dbt_mart_pipeline.py took 0.110 seconds
[2026-06-02T20:40:21.193+0700] {processor.py:186} INFO - Started process (PID=673) to work on /opt/airflow/dags/dbt_mart_pipeline.py
[2026-06-02T20:40:21.194+0700] {processor.py:914} INFO - Processing file /opt/airflow/dags/dbt_mart_pipeline.py for tasks to queue
[2026-06-02T20:40:21.196+0700] {logging_mixin.py:190} INFO - [2026-06-02T20:40:21.196+0700] {dagbag.py:588} INFO - Filling up the DagBag from /opt/airflow/dags/dbt_mart_pipeline.py
[2026-06-02T20:40:21.217+0700] {processor.py:925} INFO - DAG(s) 'dbt_mart_pipeline' retrieved from /opt/airflow/dags/dbt_mart_pipeline.py
[2026-06-02T20:40:21.254+0700] {logging_mixin.py:190} INFO - [2026-06-02T20:40:21.253+0700] {dag.py:3239} INFO - Sync 1 DAGs
[2026-06-02T20:40:21.274+0700] {logging_mixin.py:190} INFO - [2026-06-02T20:40:21.274+0700] {dag.py:4180} INFO - Setting next_dagrun for dbt_mart_pipeline to None, run_after=None
[2026-06-02T20:40:21.297+0700] {processor.py:208} INFO - Processing /opt/airflow/dags/dbt_mart_pipeline.py took 0.112 seconds
[2026-06-02T20:40:51.756+0700] {processor.py:186} INFO - Started process (PID=678) to work on /opt/airflow/dags/dbt_mart_pipeline.py
[2026-06-02T20:40:51.760+0700] {processor.py:914} INFO - Processing file /opt/airflow/dags/dbt_mart_pipeline.py for tasks to queue
[2026-06-02T20:40:51.766+0700] {logging_mixin.py:190} INFO - [2026-06-02T20:40:51.765+0700] {dagbag.py:588} INFO - Filling up the DagBag from /opt/airflow/dags/dbt_mart_pipeline.py
[2026-06-02T20:40:51.797+0700] {processor.py:925} INFO - DAG(s) 'dbt_mart_pipeline' retrieved from /opt/airflow/dags/dbt_mart_pipeline.py
[2026-06-02T20:40:51.836+0700] {logging_mixin.py:190} INFO - [2026-06-02T20:40:51.836+0700] {dag.py:3239} INFO - Sync 1 DAGs
[2026-06-02T20:40:51.853+0700] {logging_mixin.py:190} INFO - [2026-06-02T20:40:51.853+0700] {dag.py:4180} INFO - Setting next_dagrun for dbt_mart_pipeline to None, run_after=None
[2026-06-02T20:40:51.875+0700] {processor.py:208} INFO - Processing /opt/airflow/dags/dbt_mart_pipeline.py took 0.132 seconds
[2026-06-02T20:41:22.287+0700] {processor.py:186} INFO - Started process (PID=683) to work on /opt/airflow/dags/dbt_mart_pipeline.py
[2026-06-02T20:41:22.288+0700] {processor.py:914} INFO - Processing file /opt/airflow/dags/dbt_mart_pipeline.py for tasks to queue
[2026-06-02T20:41:22.291+0700] {logging_mixin.py:190} INFO - [2026-06-02T20:41:22.291+0700] {dagbag.py:588} INFO - Filling up the DagBag from /opt/airflow/dags/dbt_mart_pipeline.py
[2026-06-02T20:41:22.312+0700] {processor.py:925} INFO - DAG(s) 'dbt_mart_pipeline' retrieved from /opt/airflow/dags/dbt_mart_pipeline.py
[2026-06-02T20:41:22.354+0700] {logging_mixin.py:190} INFO - [2026-06-02T20:41:22.353+0700] {dag.py:3239} INFO - Sync 1 DAGs
[2026-06-02T20:41:22.374+0700] {logging_mixin.py:190} INFO - [2026-06-02T20:41:22.374+0700] {dag.py:4180} INFO - Setting next_dagrun for dbt_mart_pipeline to None, run_after=None
[2026-06-02T20:41:22.399+0700] {processor.py:208} INFO - Processing /opt/airflow/dags/dbt_mart_pipeline.py took 0.121 seconds
[2026-06-02T20:41:52.629+0700] {processor.py:186} INFO - Started process (PID=688) to work on /opt/airflow/dags/dbt_mart_pipeline.py
[2026-06-02T20:41:52.631+0700] {processor.py:914} INFO - Processing file /opt/airflow/dags/dbt_mart_pipeline.py for tasks to queue
[2026-06-02T20:41:52.635+0700] {logging_mixin.py:190} INFO - [2026-06-02T20:41:52.635+0700] {dagbag.py:588} INFO - Filling up the DagBag from /opt/airflow/dags/dbt_mart_pipeline.py
[2026-06-02T20:41:52.680+0700] {processor.py:925} INFO - DAG(s) 'dbt_mart_pipeline' retrieved from /opt/airflow/dags/dbt_mart_pipeline.py
[2026-06-02T20:41:52.730+0700] {logging_mixin.py:190} INFO - [2026-06-02T20:41:52.730+0700] {dag.py:3239} INFO - Sync 1 DAGs
[2026-06-02T20:41:52.751+0700] {logging_mixin.py:190} INFO - [2026-06-02T20:41:52.751+0700] {dag.py:4180} INFO - Setting next_dagrun for dbt_mart_pipeline to None, run_after=None
[2026-06-02T20:41:52.779+0700] {processor.py:208} INFO - Processing /opt/airflow/dags/dbt_mart_pipeline.py took 0.160 seconds
[2026-06-02T20:42:23.198+0700] {processor.py:186} INFO - Started process (PID=693) to work on /opt/airflow/dags/dbt_mart_pipeline.py
[2026-06-02T20:42:23.201+0700] {processor.py:914} INFO - Processing file /opt/airflow/dags/dbt_mart_pipeline.py for tasks to queue
[2026-06-02T20:42:23.207+0700] {logging_mixin.py:190} INFO - [2026-06-02T20:42:23.207+0700] {dagbag.py:588} INFO - Filling up the DagBag from /opt/airflow/dags/dbt_mart_pipeline.py
[2026-06-02T20:42:23.233+0700] {processor.py:925} INFO - DAG(s) 'dbt_mart_pipeline' retrieved from /opt/airflow/dags/dbt_mart_pipeline.py
[2026-06-02T20:42:23.268+0700] {logging_mixin.py:190} INFO - [2026-06-02T20:42:23.267+0700] {dag.py:3239} INFO - Sync 1 DAGs
[2026-06-02T20:42:23.286+0700] {logging_mixin.py:190} INFO - [2026-06-02T20:42:23.286+0700] {dag.py:4180} INFO - Setting next_dagrun for dbt_mart_pipeline to None, run_after=None
[2026-06-02T20:42:23.308+0700] {processor.py:208} INFO - Processing /opt/airflow/dags/dbt_mart_pipeline.py took 0.119 seconds
[2026-06-02T20:42:53.662+0700] {processor.py:186} INFO - Started process (PID=698) to work on /opt/airflow/dags/dbt_mart_pipeline.py
[2026-06-02T20:42:53.662+0700] {processor.py:914} INFO - Processing file /opt/airflow/dags/dbt_mart_pipeline.py for tasks to queue
[2026-06-02T20:42:53.666+0700] {logging_mixin.py:190} INFO - [2026-06-02T20:42:53.665+0700] {dagbag.py:588} INFO - Filling up the DagBag from /opt/airflow/dags/dbt_mart_pipeline.py
[2026-06-02T20:42:53.686+0700] {processor.py:925} INFO - DAG(s) 'dbt_mart_pipeline' retrieved from /opt/airflow/dags/dbt_mart_pipeline.py
[2026-06-02T20:42:53.723+0700] {logging_mixin.py:190} INFO - [2026-06-02T20:42:53.723+0700] {dag.py:3239} INFO - Sync 1 DAGs
[2026-06-02T20:42:53.742+0700] {logging_mixin.py:190} INFO - [2026-06-02T20:42:53.742+0700] {dag.py:4180} INFO - Setting next_dagrun for dbt_mart_pipeline to None, run_after=None
[2026-06-02T20:42:53.776+0700] {processor.py:208} INFO - Processing /opt/airflow/dags/dbt_mart_pipeline.py took 0.122 seconds
[2026-06-02T20:43:24.039+0700] {processor.py:186} INFO - Started process (PID=703) to work on /opt/airflow/dags/dbt_mart_pipeline.py
[2026-06-02T20:43:24.040+0700] {processor.py:914} INFO - Processing file /opt/airflow/dags/dbt_mart_pipeline.py for tasks to queue
[2026-06-02T20:43:24.043+0700] {logging_mixin.py:190} INFO - [2026-06-02T20:43:24.042+0700] {dagbag.py:588} INFO - Filling up the DagBag from /opt/airflow/dags/dbt_mart_pipeline.py
[2026-06-02T20:43:24.070+0700] {processor.py:925} INFO - DAG(s) 'dbt_mart_pipeline' retrieved from /opt/airflow/dags/dbt_mart_pipeline.py
[2026-06-02T20:43:24.112+0700] {logging_mixin.py:190} INFO - [2026-06-02T20:43:24.111+0700] {dag.py:3239} INFO - Sync 1 DAGs
[2026-06-02T20:43:24.139+0700] {logging_mixin.py:190} INFO - [2026-06-02T20:43:24.139+0700] {dag.py:4180} INFO - Setting next_dagrun for dbt_mart_pipeline to None, run_after=None
[2026-06-02T20:43:24.168+0700] {processor.py:208} INFO - Processing /opt/airflow/dags/dbt_mart_pipeline.py took 0.136 seconds
[2026-06-02T20:43:54.602+0700] {processor.py:186} INFO - Started process (PID=708) to work on /opt/airflow/dags/dbt_mart_pipeline.py
[2026-06-02T20:43:54.603+0700] {processor.py:914} INFO - Processing file /opt/airflow/dags/dbt_mart_pipeline.py for tasks to queue
[2026-06-02T20:43:54.606+0700] {logging_mixin.py:190} INFO - [2026-06-02T20:43:54.606+0700] {dagbag.py:588} INFO - Filling up the DagBag from /opt/airflow/dags/dbt_mart_pipeline.py
[2026-06-02T20:43:54.626+0700] {processor.py:925} INFO - DAG(s) 'dbt_mart_pipeline' retrieved from /opt/airflow/dags/dbt_mart_pipeline.py
[2026-06-02T20:43:54.660+0700] {logging_mixin.py:190} INFO - [2026-06-02T20:43:54.660+0700] {dag.py:3239} INFO - Sync 1 DAGs
[2026-06-02T20:43:54.680+0700] {logging_mixin.py:190} INFO - [2026-06-02T20:43:54.679+0700] {dag.py:4180} INFO - Setting next_dagrun for dbt_mart_pipeline to None, run_after=None
[2026-06-02T20:43:54.706+0700] {processor.py:208} INFO - Processing /opt/airflow/dags/dbt_mart_pipeline.py took 0.110 seconds
[2026-06-02T20:44:25.072+0700] {processor.py:186} INFO - Started process (PID=713) to work on /opt/airflow/dags/dbt_mart_pipeline.py
[2026-06-02T20:44:25.073+0700] {processor.py:914} INFO - Processing file /opt/airflow/dags/dbt_mart_pipeline.py for tasks to queue
[2026-06-02T20:44:25.076+0700] {logging_mixin.py:190} INFO - [2026-06-02T20:44:25.076+0700] {dagbag.py:588} INFO - Filling up the DagBag from /opt/airflow/dags/dbt_mart_pipeline.py
[2026-06-02T20:44:25.098+0700] {processor.py:925} INFO - DAG(s) 'dbt_mart_pipeline' retrieved from /opt/airflow/dags/dbt_mart_pipeline.py
[2026-06-02T20:44:25.136+0700] {logging_mixin.py:190} INFO - [2026-06-02T20:44:25.135+0700] {dag.py:3239} INFO - Sync 1 DAGs
[2026-06-02T20:44:25.154+0700] {logging_mixin.py:190} INFO - [2026-06-02T20:44:25.153+0700] {dag.py:4180} INFO - Setting next_dagrun for dbt_mart_pipeline to None, run_after=None
[2026-06-02T20:44:25.188+0700] {processor.py:208} INFO - Processing /opt/airflow/dags/dbt_mart_pipeline.py took 0.126 seconds
[2026-06-02T20:44:55.582+0700] {processor.py:186} INFO - Started process (PID=718) to work on /opt/airflow/dags/dbt_mart_pipeline.py
[2026-06-02T20:44:55.583+0700] {processor.py:914} INFO - Processing file /opt/airflow/dags/dbt_mart_pipeline.py for tasks to queue
[2026-06-02T20:44:55.585+0700] {logging_mixin.py:190} INFO - [2026-06-02T20:44:55.585+0700] {dagbag.py:588} INFO - Filling up the DagBag from /opt/airflow/dags/dbt_mart_pipeline.py
[2026-06-02T20:44:55.605+0700] {processor.py:925} INFO - DAG(s) 'dbt_mart_pipeline' retrieved from /opt/airflow/dags/dbt_mart_pipeline.py
[2026-06-02T20:44:55.641+0700] {logging_mixin.py:190} INFO - [2026-06-02T20:44:55.641+0700] {dag.py:3239} INFO - Sync 1 DAGs
[2026-06-02T20:44:55.660+0700] {logging_mixin.py:190} INFO - [2026-06-02T20:44:55.660+0700] {dag.py:4180} INFO - Setting next_dagrun for dbt_mart_pipeline to None, run_after=None
[2026-06-02T20:44:55.694+0700] {processor.py:208} INFO - Processing /opt/airflow/dags/dbt_mart_pipeline.py took 0.118 seconds
[2026-06-02T20:45:25.907+0700] {processor.py:186} INFO - Started process (PID=723) to work on /opt/airflow/dags/dbt_mart_pipeline.py
[2026-06-02T20:45:25.908+0700] {processor.py:914} INFO - Processing file /opt/airflow/dags/dbt_mart_pipeline.py for tasks to queue
[2026-06-02T20:45:25.911+0700] {logging_mixin.py:190} INFO - [2026-06-02T20:45:25.910+0700] {dagbag.py:588} INFO - Filling up the DagBag from /opt/airflow/dags/dbt_mart_pipeline.py
[2026-06-02T20:45:25.934+0700] {processor.py:925} INFO - DAG(s) 'dbt_mart_pipeline' retrieved from /opt/airflow/dags/dbt_mart_pipeline.py
[2026-06-02T20:45:25.972+0700] {logging_mixin.py:190} INFO - [2026-06-02T20:45:25.972+0700] {dag.py:3239} INFO - Sync 1 DAGs
[2026-06-02T20:45:25.992+0700] {logging_mixin.py:190} INFO - [2026-06-02T20:45:25.992+0700] {dag.py:4180} INFO - Setting next_dagrun for dbt_mart_pipeline to None, run_after=None
[2026-06-02T20:45:26.014+0700] {processor.py:208} INFO - Processing /opt/airflow/dags/dbt_mart_pipeline.py took 0.114 seconds
[2026-06-02T20:45:56.397+0700] {processor.py:186} INFO - Started process (PID=728) to work on /opt/airflow/dags/dbt_mart_pipeline.py
[2026-06-02T20:45:56.398+0700] {processor.py:914} INFO - Processing file /opt/airflow/dags/dbt_mart_pipeline.py for tasks to queue
[2026-06-02T20:45:56.401+0700] {logging_mixin.py:190} INFO - [2026-06-02T20:45:56.401+0700] {dagbag.py:588} INFO - Filling up the DagBag from /opt/airflow/dags/dbt_mart_pipeline.py
[2026-06-02T20:45:56.421+0700] {processor.py:925} INFO - DAG(s) 'dbt_mart_pipeline' retrieved from /opt/airflow/dags/dbt_mart_pipeline.py
[2026-06-02T20:45:56.456+0700] {logging_mixin.py:190} INFO - [2026-06-02T20:45:56.455+0700] {dag.py:3239} INFO - Sync 1 DAGs
[2026-06-02T20:45:56.476+0700] {logging_mixin.py:190} INFO - [2026-06-02T20:45:56.475+0700] {dag.py:4180} INFO - Setting next_dagrun for dbt_mart_pipeline to None, run_after=None
[2026-06-02T20:45:56.500+0700] {processor.py:208} INFO - Processing /opt/airflow/dags/dbt_mart_pipeline.py took 0.108 seconds
[2026-06-02T20:46:26.734+0700] {processor.py:186} INFO - Started process (PID=733) to work on /opt/airflow/dags/dbt_mart_pipeline.py
[2026-06-02T20:46:26.735+0700] {processor.py:914} INFO - Processing file /opt/airflow/dags/dbt_mart_pipeline.py for tasks to queue
[2026-06-02T20:46:26.739+0700] {logging_mixin.py:190} INFO - [2026-06-02T20:46:26.738+0700] {dagbag.py:588} INFO - Filling up the DagBag from /opt/airflow/dags/dbt_mart_pipeline.py
[2026-06-02T20:46:26.759+0700] {processor.py:925} INFO - DAG(s) 'dbt_mart_pipeline' retrieved from /opt/airflow/dags/dbt_mart_pipeline.py
[2026-06-02T20:46:26.798+0700] {logging_mixin.py:190} INFO - [2026-06-02T20:46:26.798+0700] {dag.py:3239} INFO - Sync 1 DAGs
[2026-06-02T20:46:26.818+0700] {logging_mixin.py:190} INFO - [2026-06-02T20:46:26.818+0700] {dag.py:4180} INFO - Setting next_dagrun for dbt_mart_pipeline to None, run_after=None
[2026-06-02T20:46:26.852+0700] {processor.py:208} INFO - Processing /opt/airflow/dags/dbt_mart_pipeline.py took 0.125 seconds
[2026-06-02T20:46:57.304+0700] {processor.py:186} INFO - Started process (PID=738) to work on /opt/airflow/dags/dbt_mart_pipeline.py
[2026-06-02T20:46:57.305+0700] {processor.py:914} INFO - Processing file /opt/airflow/dags/dbt_mart_pipeline.py for tasks to queue
[2026-06-02T20:46:57.309+0700] {logging_mixin.py:190} INFO - [2026-06-02T20:46:57.309+0700] {dagbag.py:588} INFO - Filling up the DagBag from /opt/airflow/dags/dbt_mart_pipeline.py
[2026-06-02T20:46:57.330+0700] {processor.py:925} INFO - DAG(s) 'dbt_mart_pipeline' retrieved from /opt/airflow/dags/dbt_mart_pipeline.py
[2026-06-02T20:46:57.365+0700] {logging_mixin.py:190} INFO - [2026-06-02T20:46:57.365+0700] {dag.py:3239} INFO - Sync 1 DAGs
[2026-06-02T20:46:57.385+0700] {logging_mixin.py:190} INFO - [2026-06-02T20:46:57.385+0700] {dag.py:4180} INFO - Setting next_dagrun for dbt_mart_pipeline to None, run_after=None
[2026-06-02T20:46:57.410+0700] {processor.py:208} INFO - Processing /opt/airflow/dags/dbt_mart_pipeline.py took 0.112 seconds
[2026-06-02T20:47:27.642+0700] {processor.py:186} INFO - Started process (PID=743) to work on /opt/airflow/dags/dbt_mart_pipeline.py
[2026-06-02T20:47:27.643+0700] {processor.py:914} INFO - Processing file /opt/airflow/dags/dbt_mart_pipeline.py for tasks to queue
[2026-06-02T20:47:27.646+0700] {logging_mixin.py:190} INFO - [2026-06-02T20:47:27.645+0700] {dagbag.py:588} INFO - Filling up the DagBag from /opt/airflow/dags/dbt_mart_pipeline.py
[2026-06-02T20:47:27.667+0700] {processor.py:925} INFO - DAG(s) 'dbt_mart_pipeline' retrieved from /opt/airflow/dags/dbt_mart_pipeline.py
[2026-06-02T20:47:27.707+0700] {logging_mixin.py:190} INFO - [2026-06-02T20:47:27.707+0700] {dag.py:3239} INFO - Sync 1 DAGs
[2026-06-02T20:47:27.725+0700] {logging_mixin.py:190} INFO - [2026-06-02T20:47:27.724+0700] {dag.py:4180} INFO - Setting next_dagrun for dbt_mart_pipeline to None, run_after=None
[2026-06-02T20:47:27.757+0700] {processor.py:208} INFO - Processing /opt/airflow/dags/dbt_mart_pipeline.py took 0.122 seconds
[2026-06-02T20:47:58.158+0700] {processor.py:186} INFO - Started process (PID=748) to work on /opt/airflow/dags/dbt_mart_pipeline.py
[2026-06-02T20:47:58.158+0700] {processor.py:914} INFO - Processing file /opt/airflow/dags/dbt_mart_pipeline.py for tasks to queue
[2026-06-02T20:47:58.161+0700] {logging_mixin.py:190} INFO - [2026-06-02T20:47:58.160+0700] {dagbag.py:588} INFO - Filling up the DagBag from /opt/airflow/dags/dbt_mart_pipeline.py
[2026-06-02T20:47:58.180+0700] {processor.py:925} INFO - DAG(s) 'dbt_mart_pipeline' retrieved from /opt/airflow/dags/dbt_mart_pipeline.py
[2026-06-02T20:47:58.220+0700] {logging_mixin.py:190} INFO - [2026-06-02T20:47:58.220+0700] {dag.py:3239} INFO - Sync 1 DAGs
[2026-06-02T20:47:58.241+0700] {logging_mixin.py:190} INFO - [2026-06-02T20:47:58.241+0700] {dag.py:4180} INFO - Setting next_dagrun for dbt_mart_pipeline to None, run_after=None
[2026-06-02T20:47:58.264+0700] {processor.py:208} INFO - Processing /opt/airflow/dags/dbt_mart_pipeline.py took 0.113 seconds
[2026-06-02T20:48:28.511+0700] {processor.py:186} INFO - Started process (PID=753) to work on /opt/airflow/dags/dbt_mart_pipeline.py
[2026-06-02T20:48:28.512+0700] {processor.py:914} INFO - Processing file /opt/airflow/dags/dbt_mart_pipeline.py for tasks to queue
[2026-06-02T20:48:28.515+0700] {logging_mixin.py:190} INFO - [2026-06-02T20:48:28.514+0700] {dagbag.py:588} INFO - Filling up the DagBag from /opt/airflow/dags/dbt_mart_pipeline.py
[2026-06-02T20:48:28.537+0700] {processor.py:925} INFO - DAG(s) 'dbt_mart_pipeline' retrieved from /opt/airflow/dags/dbt_mart_pipeline.py
[2026-06-02T20:48:28.575+0700] {logging_mixin.py:190} INFO - [2026-06-02T20:48:28.575+0700] {dag.py:3239} INFO - Sync 1 DAGs
[2026-06-02T20:48:28.597+0700] {logging_mixin.py:190} INFO - [2026-06-02T20:48:28.597+0700] {dag.py:4180} INFO - Setting next_dagrun for dbt_mart_pipeline to None, run_after=None
[2026-06-02T20:48:28.624+0700] {processor.py:208} INFO - Processing /opt/airflow/dags/dbt_mart_pipeline.py took 0.118 seconds
[2026-06-02T20:48:59.060+0700] {processor.py:186} INFO - Started process (PID=758) to work on /opt/airflow/dags/dbt_mart_pipeline.py
[2026-06-02T20:48:59.061+0700] {processor.py:914} INFO - Processing file /opt/airflow/dags/dbt_mart_pipeline.py for tasks to queue
[2026-06-02T20:48:59.063+0700] {logging_mixin.py:190} INFO - [2026-06-02T20:48:59.063+0700] {dagbag.py:588} INFO - Filling up the DagBag from /opt/airflow/dags/dbt_mart_pipeline.py
[2026-06-02T20:48:59.086+0700] {processor.py:925} INFO - DAG(s) 'dbt_mart_pipeline' retrieved from /opt/airflow/dags/dbt_mart_pipeline.py
[2026-06-02T20:48:59.126+0700] {logging_mixin.py:190} INFO - [2026-06-02T20:48:59.126+0700] {dag.py:3239} INFO - Sync 1 DAGs
[2026-06-02T20:48:59.146+0700] {logging_mixin.py:190} INFO - [2026-06-02T20:48:59.146+0700] {dag.py:4180} INFO - Setting next_dagrun for dbt_mart_pipeline to None, run_after=None
[2026-06-02T20:48:59.171+0700] {processor.py:208} INFO - Processing /opt/airflow/dags/dbt_mart_pipeline.py took 0.117 seconds
[2026-06-02T20:49:29.470+0700] {processor.py:186} INFO - Started process (PID=763) to work on /opt/airflow/dags/dbt_mart_pipeline.py
[2026-06-02T20:49:29.471+0700] {processor.py:914} INFO - Processing file /opt/airflow/dags/dbt_mart_pipeline.py for tasks to queue
[2026-06-02T20:49:29.474+0700] {logging_mixin.py:190} INFO - [2026-06-02T20:49:29.474+0700] {dagbag.py:588} INFO - Filling up the DagBag from /opt/airflow/dags/dbt_mart_pipeline.py
[2026-06-02T20:49:29.496+0700] {processor.py:925} INFO - DAG(s) 'dbt_mart_pipeline' retrieved from /opt/airflow/dags/dbt_mart_pipeline.py
[2026-06-02T20:49:29.537+0700] {logging_mixin.py:190} INFO - [2026-06-02T20:49:29.537+0700] {dag.py:3239} INFO - Sync 1 DAGs
[2026-06-02T20:49:29.557+0700] {logging_mixin.py:190} INFO - [2026-06-02T20:49:29.557+0700] {dag.py:4180} INFO - Setting next_dagrun for dbt_mart_pipeline to None, run_after=None
[2026-06-02T20:49:29.584+0700] {processor.py:208} INFO - Processing /opt/airflow/dags/dbt_mart_pipeline.py took 0.122 seconds
[2026-06-02T20:50:00.049+0700] {processor.py:186} INFO - Started process (PID=768) to work on /opt/airflow/dags/dbt_mart_pipeline.py
[2026-06-02T20:50:00.050+0700] {processor.py:914} INFO - Processing file /opt/airflow/dags/dbt_mart_pipeline.py for tasks to queue
[2026-06-02T20:50:00.053+0700] {logging_mixin.py:190} INFO - [2026-06-02T20:50:00.052+0700] {dagbag.py:588} INFO - Filling up the DagBag from /opt/airflow/dags/dbt_mart_pipeline.py
[2026-06-02T20:50:00.074+0700] {processor.py:925} INFO - DAG(s) 'dbt_mart_pipeline' retrieved from /opt/airflow/dags/dbt_mart_pipeline.py
[2026-06-02T20:50:00.109+0700] {logging_mixin.py:190} INFO - [2026-06-02T20:50:00.109+0700] {dag.py:3239} INFO - Sync 1 DAGs
[2026-06-02T20:50:00.127+0700] {logging_mixin.py:190} INFO - [2026-06-02T20:50:00.127+0700] {dag.py:4180} INFO - Setting next_dagrun for dbt_mart_pipeline to None, run_after=None
[2026-06-02T20:50:00.152+0700] {processor.py:208} INFO - Processing /opt/airflow/dags/dbt_mart_pipeline.py took 0.109 seconds
[2026-06-02T20:50:30.440+0700] {processor.py:186} INFO - Started process (PID=773) to work on /opt/airflow/dags/dbt_mart_pipeline.py
[2026-06-02T20:50:30.441+0700] {processor.py:914} INFO - Processing file /opt/airflow/dags/dbt_mart_pipeline.py for tasks to queue
[2026-06-02T20:50:30.444+0700] {logging_mixin.py:190} INFO - [2026-06-02T20:50:30.444+0700] {dagbag.py:588} INFO - Filling up the DagBag from /opt/airflow/dags/dbt_mart_pipeline.py
[2026-06-02T20:50:30.464+0700] {processor.py:925} INFO - DAG(s) 'dbt_mart_pipeline' retrieved from /opt/airflow/dags/dbt_mart_pipeline.py
[2026-06-02T20:50:30.501+0700] {logging_mixin.py:190} INFO - [2026-06-02T20:50:30.500+0700] {dag.py:3239} INFO - Sync 1 DAGs
[2026-06-02T20:50:30.519+0700] {logging_mixin.py:190} INFO - [2026-06-02T20:50:30.519+0700] {dag.py:4180} INFO - Setting next_dagrun for dbt_mart_pipeline to None, run_after=None
[2026-06-02T20:50:30.540+0700] {processor.py:208} INFO - Processing /opt/airflow/dags/dbt_mart_pipeline.py took 0.106 seconds
[2026-06-02T20:51:00.879+0700] {processor.py:186} INFO - Started process (PID=778) to work on /opt/airflow/dags/dbt_mart_pipeline.py
[2026-06-02T20:51:00.880+0700] {processor.py:914} INFO - Processing file /opt/airflow/dags/dbt_mart_pipeline.py for tasks to queue
[2026-06-02T20:51:00.884+0700] {logging_mixin.py:190} INFO - [2026-06-02T20:51:00.883+0700] {dagbag.py:588} INFO - Filling up the DagBag from /opt/airflow/dags/dbt_mart_pipeline.py
[2026-06-02T20:51:00.904+0700] {processor.py:925} INFO - DAG(s) 'dbt_mart_pipeline' retrieved from /opt/airflow/dags/dbt_mart_pipeline.py
[2026-06-02T20:51:00.943+0700] {logging_mixin.py:190} INFO - [2026-06-02T20:51:00.942+0700] {dag.py:3239} INFO - Sync 1 DAGs
[2026-06-02T20:51:00.963+0700] {logging_mixin.py:190} INFO - [2026-06-02T20:51:00.963+0700] {dag.py:4180} INFO - Setting next_dagrun for dbt_mart_pipeline to None, run_after=None
[2026-06-02T20:51:00.989+0700] {processor.py:208} INFO - Processing /opt/airflow/dags/dbt_mart_pipeline.py took 0.119 seconds
[2026-06-02T20:51:31.403+0700] {processor.py:186} INFO - Started process (PID=783) to work on /opt/airflow/dags/dbt_mart_pipeline.py
[2026-06-02T20:51:31.404+0700] {processor.py:914} INFO - Processing file /opt/airflow/dags/dbt_mart_pipeline.py for tasks to queue
[2026-06-02T20:51:31.407+0700] {logging_mixin.py:190} INFO - [2026-06-02T20:51:31.407+0700] {dagbag.py:588} INFO - Filling up the DagBag from /opt/airflow/dags/dbt_mart_pipeline.py
[2026-06-02T20:51:31.430+0700] {processor.py:925} INFO - DAG(s) 'dbt_mart_pipeline' retrieved from /opt/airflow/dags/dbt_mart_pipeline.py
[2026-06-02T20:51:31.472+0700] {logging_mixin.py:190} INFO - [2026-06-02T20:51:31.472+0700] {dag.py:3239} INFO - Sync 1 DAGs
[2026-06-02T20:51:31.493+0700] {logging_mixin.py:190} INFO - [2026-06-02T20:51:31.493+0700] {dag.py:4180} INFO - Setting next_dagrun for dbt_mart_pipeline to None, run_after=None
[2026-06-02T20:51:31.527+0700] {processor.py:208} INFO - Processing /opt/airflow/dags/dbt_mart_pipeline.py took 0.131 seconds
[2026-06-02T20:52:01.831+0700] {processor.py:186} INFO - Started process (PID=788) to work on /opt/airflow/dags/dbt_mart_pipeline.py
[2026-06-02T20:52:01.832+0700] {processor.py:914} INFO - Processing file /opt/airflow/dags/dbt_mart_pipeline.py for tasks to queue
[2026-06-02T20:52:01.834+0700] {logging_mixin.py:190} INFO - [2026-06-02T20:52:01.834+0700] {dagbag.py:588} INFO - Filling up the DagBag from /opt/airflow/dags/dbt_mart_pipeline.py
[2026-06-02T20:52:01.856+0700] {processor.py:925} INFO - DAG(s) 'dbt_mart_pipeline' retrieved from /opt/airflow/dags/dbt_mart_pipeline.py
[2026-06-02T20:52:01.892+0700] {logging_mixin.py:190} INFO - [2026-06-02T20:52:01.891+0700] {dag.py:3239} INFO - Sync 1 DAGs
[2026-06-02T20:52:01.910+0700] {logging_mixin.py:190} INFO - [2026-06-02T20:52:01.910+0700] {dag.py:4180} INFO - Setting next_dagrun for dbt_mart_pipeline to None, run_after=None
[2026-06-02T20:52:01.931+0700] {processor.py:208} INFO - Processing /opt/airflow/dags/dbt_mart_pipeline.py took 0.107 seconds
[2026-06-02T20:52:32.310+0700] {processor.py:186} INFO - Started process (PID=793) to work on /opt/airflow/dags/dbt_mart_pipeline.py
[2026-06-02T20:52:32.311+0700] {processor.py:914} INFO - Processing file /opt/airflow/dags/dbt_mart_pipeline.py for tasks to queue
[2026-06-02T20:52:32.314+0700] {logging_mixin.py:190} INFO - [2026-06-02T20:52:32.314+0700] {dagbag.py:588} INFO - Filling up the DagBag from /opt/airflow/dags/dbt_mart_pipeline.py
[2026-06-02T20:52:32.335+0700] {processor.py:925} INFO - DAG(s) 'dbt_mart_pipeline' retrieved from /opt/airflow/dags/dbt_mart_pipeline.py
[2026-06-02T20:52:32.373+0700] {logging_mixin.py:190} INFO - [2026-06-02T20:52:32.373+0700] {dag.py:3239} INFO - Sync 1 DAGs
[2026-06-02T20:52:32.391+0700] {logging_mixin.py:190} INFO - [2026-06-02T20:52:32.391+0700] {dag.py:4180} INFO - Setting next_dagrun for dbt_mart_pipeline to None, run_after=None
[2026-06-02T20:52:32.413+0700] {processor.py:208} INFO - Processing /opt/airflow/dags/dbt_mart_pipeline.py took 0.110 seconds
[2026-06-02T20:53:02.707+0700] {processor.py:186} INFO - Started process (PID=798) to work on /opt/airflow/dags/dbt_mart_pipeline.py
[2026-06-02T20:53:02.708+0700] {processor.py:914} INFO - Processing file /opt/airflow/dags/dbt_mart_pipeline.py for tasks to queue
[2026-06-02T20:53:02.710+0700] {logging_mixin.py:190} INFO - [2026-06-02T20:53:02.710+0700] {dagbag.py:588} INFO - Filling up the DagBag from /opt/airflow/dags/dbt_mart_pipeline.py
[2026-06-02T20:53:02.730+0700] {processor.py:925} INFO - DAG(s) 'dbt_mart_pipeline' retrieved from /opt/airflow/dags/dbt_mart_pipeline.py
[2026-06-02T20:53:02.763+0700] {logging_mixin.py:190} INFO - [2026-06-02T20:53:02.763+0700] {dag.py:3239} INFO - Sync 1 DAGs
[2026-06-02T20:53:02.781+0700] {logging_mixin.py:190} INFO - [2026-06-02T20:53:02.781+0700] {dag.py:4180} INFO - Setting next_dagrun for dbt_mart_pipeline to None, run_after=None
[2026-06-02T20:53:02.803+0700] {processor.py:208} INFO - Processing /opt/airflow/dags/dbt_mart_pipeline.py took 0.103 seconds
[2026-06-02T20:53:33.111+0700] {processor.py:186} INFO - Started process (PID=803) to work on /opt/airflow/dags/dbt_mart_pipeline.py
[2026-06-02T20:53:33.112+0700] {processor.py:914} INFO - Processing file /opt/airflow/dags/dbt_mart_pipeline.py for tasks to queue
[2026-06-02T20:53:33.115+0700] {logging_mixin.py:190} INFO - [2026-06-02T20:53:33.115+0700] {dagbag.py:588} INFO - Filling up the DagBag from /opt/airflow/dags/dbt_mart_pipeline.py
[2026-06-02T20:53:33.142+0700] {processor.py:925} INFO - DAG(s) 'dbt_mart_pipeline' retrieved from /opt/airflow/dags/dbt_mart_pipeline.py
[2026-06-02T20:53:33.275+0700] {logging_mixin.py:190} INFO - [2026-06-02T20:53:33.274+0700] {dag.py:3239} INFO - Sync 1 DAGs
[2026-06-02T20:53:33.417+0700] {logging_mixin.py:190} INFO - [2026-06-02T20:53:33.417+0700] {dag.py:4180} INFO - Setting next_dagrun for dbt_mart_pipeline to None, run_after=None
[2026-06-02T20:53:33.552+0700] {processor.py:208} INFO - Processing /opt/airflow/dags/dbt_mart_pipeline.py took 0.448 seconds
[2026-06-02T20:54:03.961+0700] {processor.py:186} INFO - Started process (PID=808) to work on /opt/airflow/dags/dbt_mart_pipeline.py
[2026-06-02T20:54:03.962+0700] {processor.py:914} INFO - Processing file /opt/airflow/dags/dbt_mart_pipeline.py for tasks to queue
[2026-06-02T20:54:03.966+0700] {logging_mixin.py:190} INFO - [2026-06-02T20:54:03.965+0700] {dagbag.py:588} INFO - Filling up the DagBag from /opt/airflow/dags/dbt_mart_pipeline.py
[2026-06-02T20:54:03.988+0700] {processor.py:925} INFO - DAG(s) 'dbt_mart_pipeline' retrieved from /opt/airflow/dags/dbt_mart_pipeline.py
[2026-06-02T20:54:04.025+0700] {logging_mixin.py:190} INFO - [2026-06-02T20:54:04.025+0700] {dag.py:3239} INFO - Sync 1 DAGs
[2026-06-02T20:54:04.046+0700] {logging_mixin.py:190} INFO - [2026-06-02T20:54:04.045+0700] {dag.py:4180} INFO - Setting next_dagrun for dbt_mart_pipeline to None, run_after=None
[2026-06-02T20:54:04.081+0700] {processor.py:208} INFO - Processing /opt/airflow/dags/dbt_mart_pipeline.py took 0.127 seconds
[2026-06-02T20:54:34.402+0700] {processor.py:186} INFO - Started process (PID=813) to work on /opt/airflow/dags/dbt_mart_pipeline.py
[2026-06-02T20:54:34.403+0700] {processor.py:914} INFO - Processing file /opt/airflow/dags/dbt_mart_pipeline.py for tasks to queue
[2026-06-02T20:54:34.407+0700] {logging_mixin.py:190} INFO - [2026-06-02T20:54:34.407+0700] {dagbag.py:588} INFO - Filling up the DagBag from /opt/airflow/dags/dbt_mart_pipeline.py
[2026-06-02T20:54:34.429+0700] {processor.py:925} INFO - DAG(s) 'dbt_mart_pipeline' retrieved from /opt/airflow/dags/dbt_mart_pipeline.py
[2026-06-02T20:54:34.471+0700] {logging_mixin.py:190} INFO - [2026-06-02T20:54:34.470+0700] {dag.py:3239} INFO - Sync 1 DAGs
[2026-06-02T20:54:34.488+0700] {logging_mixin.py:190} INFO - [2026-06-02T20:54:34.487+0700] {dag.py:4180} INFO - Setting next_dagrun for dbt_mart_pipeline to None, run_after=None
[2026-06-02T20:54:34.520+0700] {processor.py:208} INFO - Processing /opt/airflow/dags/dbt_mart_pipeline.py took 0.126 seconds
[2026-06-02T20:55:04.875+0700] {processor.py:186} INFO - Started process (PID=818) to work on /opt/airflow/dags/dbt_mart_pipeline.py
[2026-06-02T20:55:04.876+0700] {processor.py:914} INFO - Processing file /opt/airflow/dags/dbt_mart_pipeline.py for tasks to queue
[2026-06-02T20:55:04.879+0700] {logging_mixin.py:190} INFO - [2026-06-02T20:55:04.878+0700] {dagbag.py:588} INFO - Filling up the DagBag from /opt/airflow/dags/dbt_mart_pipeline.py
[2026-06-02T20:55:04.903+0700] {processor.py:925} INFO - DAG(s) 'dbt_mart_pipeline' retrieved from /opt/airflow/dags/dbt_mart_pipeline.py
[2026-06-02T20:55:04.943+0700] {logging_mixin.py:190} INFO - [2026-06-02T20:55:04.942+0700] {dag.py:3239} INFO - Sync 1 DAGs
[2026-06-02T20:55:04.963+0700] {logging_mixin.py:190} INFO - [2026-06-02T20:55:04.963+0700] {dag.py:4180} INFO - Setting next_dagrun for dbt_mart_pipeline to None, run_after=None
[2026-06-02T20:55:04.997+0700] {processor.py:208} INFO - Processing /opt/airflow/dags/dbt_mart_pipeline.py took 0.131 seconds
[2026-06-02T20:55:35.255+0700] {processor.py:186} INFO - Started process (PID=823) to work on /opt/airflow/dags/dbt_mart_pipeline.py
[2026-06-02T20:55:35.256+0700] {processor.py:914} INFO - Processing file /opt/airflow/dags/dbt_mart_pipeline.py for tasks to queue
[2026-06-02T20:55:35.258+0700] {logging_mixin.py:190} INFO - [2026-06-02T20:55:35.258+0700] {dagbag.py:588} INFO - Filling up the DagBag from /opt/airflow/dags/dbt_mart_pipeline.py
[2026-06-02T20:55:35.279+0700] {processor.py:925} INFO - DAG(s) 'dbt_mart_pipeline' retrieved from /opt/airflow/dags/dbt_mart_pipeline.py
[2026-06-02T20:55:35.314+0700] {logging_mixin.py:190} INFO - [2026-06-02T20:55:35.314+0700] {dag.py:3239} INFO - Sync 1 DAGs
[2026-06-02T20:55:35.332+0700] {logging_mixin.py:190} INFO - [2026-06-02T20:55:35.332+0700] {dag.py:4180} INFO - Setting next_dagrun for dbt_mart_pipeline to None, run_after=None
[2026-06-02T20:55:35.354+0700] {processor.py:208} INFO - Processing /opt/airflow/dags/dbt_mart_pipeline.py took 0.105 seconds
[2026-06-02T20:56:05.754+0700] {processor.py:186} INFO - Started process (PID=828) to work on /opt/airflow/dags/dbt_mart_pipeline.py
[2026-06-02T20:56:05.756+0700] {processor.py:914} INFO - Processing file /opt/airflow/dags/dbt_mart_pipeline.py for tasks to queue
[2026-06-02T20:56:05.760+0700] {logging_mixin.py:190} INFO - [2026-06-02T20:56:05.759+0700] {dagbag.py:588} INFO - Filling up the DagBag from /opt/airflow/dags/dbt_mart_pipeline.py
[2026-06-02T20:56:05.785+0700] {processor.py:925} INFO - DAG(s) 'dbt_mart_pipeline' retrieved from /opt/airflow/dags/dbt_mart_pipeline.py
[2026-06-02T20:56:05.867+0700] {logging_mixin.py:190} INFO - [2026-06-02T20:56:05.865+0700] {dag.py:3239} INFO - Sync 1 DAGs
[2026-06-02T20:56:06.005+0700] {logging_mixin.py:190} INFO - [2026-06-02T20:56:06.004+0700] {dag.py:4180} INFO - Setting next_dagrun for dbt_mart_pipeline to None, run_after=None
[2026-06-02T20:56:06.120+0700] {processor.py:208} INFO - Processing /opt/airflow/dags/dbt_mart_pipeline.py took 0.374 seconds
[2026-06-02T20:56:36.173+0700] {processor.py:186} INFO - Started process (PID=833) to work on /opt/airflow/dags/dbt_mart_pipeline.py
[2026-06-02T20:56:36.174+0700] {processor.py:914} INFO - Processing file /opt/airflow/dags/dbt_mart_pipeline.py for tasks to queue
[2026-06-02T20:56:36.177+0700] {logging_mixin.py:190} INFO - [2026-06-02T20:56:36.176+0700] {dagbag.py:588} INFO - Filling up the DagBag from /opt/airflow/dags/dbt_mart_pipeline.py
[2026-06-02T20:56:36.199+0700] {processor.py:925} INFO - DAG(s) 'dbt_mart_pipeline' retrieved from /opt/airflow/dags/dbt_mart_pipeline.py
[2026-06-02T20:56:36.235+0700] {logging_mixin.py:190} INFO - [2026-06-02T20:56:36.235+0700] {dag.py:3239} INFO - Sync 1 DAGs
[2026-06-02T20:56:36.255+0700] {logging_mixin.py:190} INFO - [2026-06-02T20:56:36.255+0700] {dag.py:4180} INFO - Setting next_dagrun for dbt_mart_pipeline to None, run_after=None
[2026-06-02T20:56:36.280+0700] {processor.py:208} INFO - Processing /opt/airflow/dags/dbt_mart_pipeline.py took 0.114 seconds
[2026-06-02T20:57:06.619+0700] {processor.py:186} INFO - Started process (PID=838) to work on /opt/airflow/dags/dbt_mart_pipeline.py
[2026-06-02T20:57:06.620+0700] {processor.py:914} INFO - Processing file /opt/airflow/dags/dbt_mart_pipeline.py for tasks to queue
[2026-06-02T20:57:06.623+0700] {logging_mixin.py:190} INFO - [2026-06-02T20:57:06.623+0700] {dagbag.py:588} INFO - Filling up the DagBag from /opt/airflow/dags/dbt_mart_pipeline.py
[2026-06-02T20:57:06.644+0700] {processor.py:925} INFO - DAG(s) 'dbt_mart_pipeline' retrieved from /opt/airflow/dags/dbt_mart_pipeline.py
[2026-06-02T20:57:06.677+0700] {logging_mixin.py:190} INFO - [2026-06-02T20:57:06.677+0700] {dag.py:3239} INFO - Sync 1 DAGs
[2026-06-02T20:57:06.698+0700] {logging_mixin.py:190} INFO - [2026-06-02T20:57:06.697+0700] {dag.py:4180} INFO - Setting next_dagrun for dbt_mart_pipeline to None, run_after=None
[2026-06-02T20:57:06.723+0700] {processor.py:208} INFO - Processing /opt/airflow/dags/dbt_mart_pipeline.py took 0.111 seconds
[2026-06-02T20:57:36.957+0700] {processor.py:186} INFO - Started process (PID=843) to work on /opt/airflow/dags/dbt_mart_pipeline.py
[2026-06-02T20:57:36.958+0700] {processor.py:914} INFO - Processing file /opt/airflow/dags/dbt_mart_pipeline.py for tasks to queue
[2026-06-02T20:57:36.960+0700] {logging_mixin.py:190} INFO - [2026-06-02T20:57:36.960+0700] {dagbag.py:588} INFO - Filling up the DagBag from /opt/airflow/dags/dbt_mart_pipeline.py
[2026-06-02T20:57:36.978+0700] {processor.py:925} INFO - DAG(s) 'dbt_mart_pipeline' retrieved from /opt/airflow/dags/dbt_mart_pipeline.py
[2026-06-02T20:57:37.017+0700] {logging_mixin.py:190} INFO - [2026-06-02T20:57:37.017+0700] {dag.py:3239} INFO - Sync 1 DAGs
[2026-06-02T20:57:37.037+0700] {logging_mixin.py:190} INFO - [2026-06-02T20:57:37.037+0700] {dag.py:4180} INFO - Setting next_dagrun for dbt_mart_pipeline to None, run_after=None
[2026-06-02T20:57:37.061+0700] {processor.py:208} INFO - Processing /opt/airflow/dags/dbt_mart_pipeline.py took 0.111 seconds
[2026-06-02T20:58:07.411+0700] {processor.py:186} INFO - Started process (PID=848) to work on /opt/airflow/dags/dbt_mart_pipeline.py
[2026-06-02T20:58:07.412+0700] {processor.py:914} INFO - Processing file /opt/airflow/dags/dbt_mart_pipeline.py for tasks to queue
[2026-06-02T20:58:07.415+0700] {logging_mixin.py:190} INFO - [2026-06-02T20:58:07.414+0700] {dagbag.py:588} INFO - Filling up the DagBag from /opt/airflow/dags/dbt_mart_pipeline.py
[2026-06-02T20:58:07.434+0700] {processor.py:925} INFO - DAG(s) 'dbt_mart_pipeline' retrieved from /opt/airflow/dags/dbt_mart_pipeline.py
[2026-06-02T20:58:07.469+0700] {logging_mixin.py:190} INFO - [2026-06-02T20:58:07.469+0700] {dag.py:3239} INFO - Sync 1 DAGs
[2026-06-02T20:58:07.487+0700] {logging_mixin.py:190} INFO - [2026-06-02T20:58:07.487+0700] {dag.py:4180} INFO - Setting next_dagrun for dbt_mart_pipeline to None, run_after=None
[2026-06-02T20:58:07.509+0700] {processor.py:208} INFO - Processing /opt/airflow/dags/dbt_mart_pipeline.py took 0.104 seconds
[2026-06-02T20:58:37.862+0700] {processor.py:186} INFO - Started process (PID=853) to work on /opt/airflow/dags/dbt_mart_pipeline.py
[2026-06-02T20:58:37.865+0700] {processor.py:914} INFO - Processing file /opt/airflow/dags/dbt_mart_pipeline.py for tasks to queue
[2026-06-02T20:58:37.872+0700] {logging_mixin.py:190} INFO - [2026-06-02T20:58:37.871+0700] {dagbag.py:588} INFO - Filling up the DagBag from /opt/airflow/dags/dbt_mart_pipeline.py
[2026-06-02T20:58:37.908+0700] {processor.py:925} INFO - DAG(s) 'dbt_mart_pipeline' retrieved from /opt/airflow/dags/dbt_mart_pipeline.py
[2026-06-02T20:58:37.989+0700] {logging_mixin.py:190} INFO - [2026-06-02T20:58:37.989+0700] {dag.py:3239} INFO - Sync 1 DAGs
[2026-06-02T20:58:38.018+0700] {logging_mixin.py:190} INFO - [2026-06-02T20:58:38.018+0700] {dag.py:4180} INFO - Setting next_dagrun for dbt_mart_pipeline to None, run_after=None
[2026-06-02T20:58:38.053+0700] {processor.py:208} INFO - Processing /opt/airflow/dags/dbt_mart_pipeline.py took 0.205 seconds
[2026-06-02T20:59:08.214+0700] {processor.py:186} INFO - Started process (PID=858) to work on /opt/airflow/dags/dbt_mart_pipeline.py
[2026-06-02T20:59:08.215+0700] {processor.py:914} INFO - Processing file /opt/airflow/dags/dbt_mart_pipeline.py for tasks to queue
[2026-06-02T20:59:08.219+0700] {logging_mixin.py:190} INFO - [2026-06-02T20:59:08.218+0700] {dagbag.py:588} INFO - Filling up the DagBag from /opt/airflow/dags/dbt_mart_pipeline.py
[2026-06-02T20:59:08.240+0700] {processor.py:925} INFO - DAG(s) 'dbt_mart_pipeline' retrieved from /opt/airflow/dags/dbt_mart_pipeline.py
[2026-06-02T20:59:08.277+0700] {logging_mixin.py:190} INFO - [2026-06-02T20:59:08.276+0700] {dag.py:3239} INFO - Sync 1 DAGs
[2026-06-02T20:59:08.297+0700] {logging_mixin.py:190} INFO - [2026-06-02T20:59:08.296+0700] {dag.py:4180} INFO - Setting next_dagrun for dbt_mart_pipeline to None, run_after=None
[2026-06-02T20:59:08.322+0700] {processor.py:208} INFO - Processing /opt/airflow/dags/dbt_mart_pipeline.py took 0.115 seconds
[2026-06-02T20:59:38.699+0700] {processor.py:186} INFO - Started process (PID=863) to work on /opt/airflow/dags/dbt_mart_pipeline.py
[2026-06-02T20:59:38.701+0700] {processor.py:914} INFO - Processing file /opt/airflow/dags/dbt_mart_pipeline.py for tasks to queue
[2026-06-02T20:59:38.704+0700] {logging_mixin.py:190} INFO - [2026-06-02T20:59:38.703+0700] {dagbag.py:588} INFO - Filling up the DagBag from /opt/airflow/dags/dbt_mart_pipeline.py
[2026-06-02T20:59:38.722+0700] {processor.py:925} INFO - DAG(s) 'dbt_mart_pipeline' retrieved from /opt/airflow/dags/dbt_mart_pipeline.py
[2026-06-02T20:59:38.759+0700] {logging_mixin.py:190} INFO - [2026-06-02T20:59:38.759+0700] {dag.py:3239} INFO - Sync 1 DAGs
[2026-06-02T20:59:38.776+0700] {logging_mixin.py:190} INFO - [2026-06-02T20:59:38.776+0700] {dag.py:4180} INFO - Setting next_dagrun for dbt_mart_pipeline to None, run_after=None
[2026-06-02T20:59:38.801+0700] {processor.py:208} INFO - Processing /opt/airflow/dags/dbt_mart_pipeline.py took 0.109 seconds
[2026-06-02T21:00:09.196+0700] {processor.py:186} INFO - Started process (PID=868) to work on /opt/airflow/dags/dbt_mart_pipeline.py
[2026-06-02T21:00:09.198+0700] {processor.py:914} INFO - Processing file /opt/airflow/dags/dbt_mart_pipeline.py for tasks to queue
[2026-06-02T21:00:09.203+0700] {logging_mixin.py:190} INFO - [2026-06-02T21:00:09.202+0700] {dagbag.py:588} INFO - Filling up the DagBag from /opt/airflow/dags/dbt_mart_pipeline.py
[2026-06-02T21:00:09.235+0700] {processor.py:925} INFO - DAG(s) 'dbt_mart_pipeline' retrieved from /opt/airflow/dags/dbt_mart_pipeline.py
[2026-06-02T21:00:09.286+0700] {logging_mixin.py:190} INFO - [2026-06-02T21:00:09.286+0700] {dag.py:3239} INFO - Sync 1 DAGs
[2026-06-02T21:00:09.317+0700] {logging_mixin.py:190} INFO - [2026-06-02T21:00:09.317+0700] {dag.py:4180} INFO - Setting next_dagrun for dbt_mart_pipeline to None, run_after=None
[2026-06-02T21:00:09.349+0700] {processor.py:208} INFO - Processing /opt/airflow/dags/dbt_mart_pipeline.py took 0.164 seconds
[2026-06-02T21:00:39.718+0700] {processor.py:186} INFO - Started process (PID=873) to work on /opt/airflow/dags/dbt_mart_pipeline.py
[2026-06-02T21:00:39.720+0700] {processor.py:914} INFO - Processing file /opt/airflow/dags/dbt_mart_pipeline.py for tasks to queue
[2026-06-02T21:00:39.722+0700] {logging_mixin.py:190} INFO - [2026-06-02T21:00:39.722+0700] {dagbag.py:588} INFO - Filling up the DagBag from /opt/airflow/dags/dbt_mart_pipeline.py
[2026-06-02T21:00:39.744+0700] {processor.py:925} INFO - DAG(s) 'dbt_mart_pipeline' retrieved from /opt/airflow/dags/dbt_mart_pipeline.py
[2026-06-02T21:00:39.782+0700] {logging_mixin.py:190} INFO - [2026-06-02T21:00:39.782+0700] {dag.py:3239} INFO - Sync 1 DAGs
[2026-06-02T21:00:39.801+0700] {logging_mixin.py:190} INFO - [2026-06-02T21:00:39.801+0700] {dag.py:4180} INFO - Setting next_dagrun for dbt_mart_pipeline to None, run_after=None
[2026-06-02T21:00:39.831+0700] {processor.py:208} INFO - Processing /opt/airflow/dags/dbt_mart_pipeline.py took 0.120 seconds
[2026-06-02T21:01:10.114+0700] {processor.py:186} INFO - Started process (PID=878) to work on /opt/airflow/dags/dbt_mart_pipeline.py
[2026-06-02T21:01:10.115+0700] {processor.py:914} INFO - Processing file /opt/airflow/dags/dbt_mart_pipeline.py for tasks to queue
[2026-06-02T21:01:10.118+0700] {logging_mixin.py:190} INFO - [2026-06-02T21:01:10.117+0700] {dagbag.py:588} INFO - Filling up the DagBag from /opt/airflow/dags/dbt_mart_pipeline.py
[2026-06-02T21:01:10.142+0700] {processor.py:925} INFO - DAG(s) 'dbt_mart_pipeline' retrieved from /opt/airflow/dags/dbt_mart_pipeline.py
[2026-06-02T21:01:10.178+0700] {logging_mixin.py:190} INFO - [2026-06-02T21:01:10.178+0700] {dag.py:3239} INFO - Sync 1 DAGs
[2026-06-02T21:01:10.197+0700] {logging_mixin.py:190} INFO - [2026-06-02T21:01:10.196+0700] {dag.py:4180} INFO - Setting next_dagrun for dbt_mart_pipeline to None, run_after=None
[2026-06-02T21:01:10.220+0700] {processor.py:208} INFO - Processing /opt/airflow/dags/dbt_mart_pipeline.py took 0.113 seconds
[2026-06-02T21:01:40.491+0700] {processor.py:186} INFO - Started process (PID=883) to work on /opt/airflow/dags/dbt_mart_pipeline.py
[2026-06-02T21:01:40.492+0700] {processor.py:914} INFO - Processing file /opt/airflow/dags/dbt_mart_pipeline.py for tasks to queue
[2026-06-02T21:01:40.495+0700] {logging_mixin.py:190} INFO - [2026-06-02T21:01:40.494+0700] {dagbag.py:588} INFO - Filling up the DagBag from /opt/airflow/dags/dbt_mart_pipeline.py
[2026-06-02T21:01:40.516+0700] {processor.py:925} INFO - DAG(s) 'dbt_mart_pipeline' retrieved from /opt/airflow/dags/dbt_mart_pipeline.py
[2026-06-02T21:01:40.553+0700] {logging_mixin.py:190} INFO - [2026-06-02T21:01:40.553+0700] {dag.py:3239} INFO - Sync 1 DAGs
[2026-06-02T21:01:40.573+0700] {logging_mixin.py:190} INFO - [2026-06-02T21:01:40.573+0700] {dag.py:4180} INFO - Setting next_dagrun for dbt_mart_pipeline to None, run_after=None
[2026-06-02T21:01:40.608+0700] {processor.py:208} INFO - Processing /opt/airflow/dags/dbt_mart_pipeline.py took 0.124 seconds
[2026-06-02T21:02:11.039+0700] {processor.py:186} INFO - Started process (PID=888) to work on /opt/airflow/dags/dbt_mart_pipeline.py
[2026-06-02T21:02:11.041+0700] {processor.py:914} INFO - Processing file /opt/airflow/dags/dbt_mart_pipeline.py for tasks to queue
[2026-06-02T21:02:11.044+0700] {logging_mixin.py:190} INFO - [2026-06-02T21:02:11.043+0700] {dagbag.py:588} INFO - Filling up the DagBag from /opt/airflow/dags/dbt_mart_pipeline.py
[2026-06-02T21:02:11.075+0700] {processor.py:925} INFO - DAG(s) 'dbt_mart_pipeline' retrieved from /opt/airflow/dags/dbt_mart_pipeline.py
[2026-06-02T21:02:11.124+0700] {logging_mixin.py:190} INFO - [2026-06-02T21:02:11.123+0700] {dag.py:3239} INFO - Sync 1 DAGs
[2026-06-02T21:02:11.151+0700] {logging_mixin.py:190} INFO - [2026-06-02T21:02:11.150+0700] {dag.py:4180} INFO - Setting next_dagrun for dbt_mart_pipeline to None, run_after=None
[2026-06-02T21:02:11.208+0700] {processor.py:208} INFO - Processing /opt/airflow/dags/dbt_mart_pipeline.py took 0.175 seconds
[2026-06-02T21:02:41.410+0700] {processor.py:186} INFO - Started process (PID=893) to work on /opt/airflow/dags/dbt_mart_pipeline.py
[2026-06-02T21:02:41.412+0700] {processor.py:914} INFO - Processing file /opt/airflow/dags/dbt_mart_pipeline.py for tasks to queue
[2026-06-02T21:02:41.415+0700] {logging_mixin.py:190} INFO - [2026-06-02T21:02:41.415+0700] {dagbag.py:588} INFO - Filling up the DagBag from /opt/airflow/dags/dbt_mart_pipeline.py
[2026-06-02T21:02:41.434+0700] {processor.py:925} INFO - DAG(s) 'dbt_mart_pipeline' retrieved from /opt/airflow/dags/dbt_mart_pipeline.py
[2026-06-02T21:02:41.471+0700] {logging_mixin.py:190} INFO - [2026-06-02T21:02:41.471+0700] {dag.py:3239} INFO - Sync 1 DAGs
[2026-06-02T21:02:41.489+0700] {logging_mixin.py:190} INFO - [2026-06-02T21:02:41.489+0700] {dag.py:4180} INFO - Setting next_dagrun for dbt_mart_pipeline to None, run_after=None
[2026-06-02T21:02:41.511+0700] {processor.py:208} INFO - Processing /opt/airflow/dags/dbt_mart_pipeline.py took 0.107 seconds
[2026-06-02T21:03:11.775+0700] {processor.py:186} INFO - Started process (PID=898) to work on /opt/airflow/dags/dbt_mart_pipeline.py
[2026-06-02T21:03:11.776+0700] {processor.py:914} INFO - Processing file /opt/airflow/dags/dbt_mart_pipeline.py for tasks to queue
[2026-06-02T21:03:11.780+0700] {logging_mixin.py:190} INFO - [2026-06-02T21:03:11.779+0700] {dagbag.py:588} INFO - Filling up the DagBag from /opt/airflow/dags/dbt_mart_pipeline.py
[2026-06-02T21:03:11.804+0700] {processor.py:925} INFO - DAG(s) 'dbt_mart_pipeline' retrieved from /opt/airflow/dags/dbt_mart_pipeline.py
[2026-06-02T21:03:11.846+0700] {logging_mixin.py:190} INFO - [2026-06-02T21:03:11.846+0700] {dag.py:3239} INFO - Sync 1 DAGs
[2026-06-02T21:03:11.865+0700] {logging_mixin.py:190} INFO - [2026-06-02T21:03:11.865+0700] {dag.py:4180} INFO - Setting next_dagrun for dbt_mart_pipeline to None, run_after=None
[2026-06-02T21:03:11.890+0700] {processor.py:208} INFO - Processing /opt/airflow/dags/dbt_mart_pipeline.py took 0.123 seconds
[2026-06-02T21:03:42.151+0700] {processor.py:186} INFO - Started process (PID=903) to work on /opt/airflow/dags/dbt_mart_pipeline.py
[2026-06-02T21:03:42.152+0700] {processor.py:914} INFO - Processing file /opt/airflow/dags/dbt_mart_pipeline.py for tasks to queue
[2026-06-02T21:03:42.154+0700] {logging_mixin.py:190} INFO - [2026-06-02T21:03:42.154+0700] {dagbag.py:588} INFO - Filling up the DagBag from /opt/airflow/dags/dbt_mart_pipeline.py
[2026-06-02T21:03:42.173+0700] {processor.py:925} INFO - DAG(s) 'dbt_mart_pipeline' retrieved from /opt/airflow/dags/dbt_mart_pipeline.py
[2026-06-02T21:03:42.208+0700] {logging_mixin.py:190} INFO - [2026-06-02T21:03:42.208+0700] {dag.py:3239} INFO - Sync 1 DAGs
[2026-06-02T21:03:42.228+0700] {logging_mixin.py:190} INFO - [2026-06-02T21:03:42.228+0700] {dag.py:4180} INFO - Setting next_dagrun for dbt_mart_pipeline to None, run_after=None
[2026-06-02T21:03:42.256+0700] {processor.py:208} INFO - Processing /opt/airflow/dags/dbt_mart_pipeline.py took 0.111 seconds
[2026-06-02T21:04:12.619+0700] {processor.py:186} INFO - Started process (PID=908) to work on /opt/airflow/dags/dbt_mart_pipeline.py
[2026-06-02T21:04:12.621+0700] {processor.py:914} INFO - Processing file /opt/airflow/dags/dbt_mart_pipeline.py for tasks to queue
[2026-06-02T21:04:12.623+0700] {logging_mixin.py:190} INFO - [2026-06-02T21:04:12.623+0700] {dagbag.py:588} INFO - Filling up the DagBag from /opt/airflow/dags/dbt_mart_pipeline.py
[2026-06-02T21:04:12.643+0700] {processor.py:925} INFO - DAG(s) 'dbt_mart_pipeline' retrieved from /opt/airflow/dags/dbt_mart_pipeline.py
[2026-06-02T21:04:12.682+0700] {logging_mixin.py:190} INFO - [2026-06-02T21:04:12.682+0700] {dag.py:3239} INFO - Sync 1 DAGs
[2026-06-02T21:04:12.703+0700] {logging_mixin.py:190} INFO - [2026-06-02T21:04:12.702+0700] {dag.py:4180} INFO - Setting next_dagrun for dbt_mart_pipeline to None, run_after=None
[2026-06-02T21:04:12.728+0700] {processor.py:208} INFO - Processing /opt/airflow/dags/dbt_mart_pipeline.py took 0.116 seconds
[2026-06-02T21:04:43.218+0700] {processor.py:186} INFO - Started process (PID=913) to work on /opt/airflow/dags/dbt_mart_pipeline.py
[2026-06-02T21:04:43.219+0700] {processor.py:914} INFO - Processing file /opt/airflow/dags/dbt_mart_pipeline.py for tasks to queue
[2026-06-02T21:04:43.221+0700] {logging_mixin.py:190} INFO - [2026-06-02T21:04:43.221+0700] {dagbag.py:588} INFO - Filling up the DagBag from /opt/airflow/dags/dbt_mart_pipeline.py
[2026-06-02T21:04:43.241+0700] {processor.py:925} INFO - DAG(s) 'dbt_mart_pipeline' retrieved from /opt/airflow/dags/dbt_mart_pipeline.py
[2026-06-02T21:04:43.274+0700] {logging_mixin.py:190} INFO - [2026-06-02T21:04:43.274+0700] {dag.py:3239} INFO - Sync 1 DAGs
[2026-06-02T21:04:43.294+0700] {logging_mixin.py:190} INFO - [2026-06-02T21:04:43.294+0700] {dag.py:4180} INFO - Setting next_dagrun for dbt_mart_pipeline to None, run_after=None
[2026-06-02T21:04:43.319+0700] {processor.py:208} INFO - Processing /opt/airflow/dags/dbt_mart_pipeline.py took 0.108 seconds
[2026-06-02T21:05:13.735+0700] {processor.py:186} INFO - Started process (PID=918) to work on /opt/airflow/dags/dbt_mart_pipeline.py
[2026-06-02T21:05:13.736+0700] {processor.py:914} INFO - Processing file /opt/airflow/dags/dbt_mart_pipeline.py for tasks to queue
[2026-06-02T21:05:13.739+0700] {logging_mixin.py:190} INFO - [2026-06-02T21:05:13.739+0700] {dagbag.py:588} INFO - Filling up the DagBag from /opt/airflow/dags/dbt_mart_pipeline.py
[2026-06-02T21:05:13.758+0700] {processor.py:925} INFO - DAG(s) 'dbt_mart_pipeline' retrieved from /opt/airflow/dags/dbt_mart_pipeline.py
[2026-06-02T21:05:13.793+0700] {logging_mixin.py:190} INFO - [2026-06-02T21:05:13.793+0700] {dag.py:3239} INFO - Sync 1 DAGs
[2026-06-02T21:05:13.813+0700] {logging_mixin.py:190} INFO - [2026-06-02T21:05:13.812+0700] {dag.py:4180} INFO - Setting next_dagrun for dbt_mart_pipeline to None, run_after=None
[2026-06-02T21:05:13.847+0700] {processor.py:208} INFO - Processing /opt/airflow/dags/dbt_mart_pipeline.py took 0.118 seconds
[2026-06-02T21:05:44.107+0700] {processor.py:186} INFO - Started process (PID=923) to work on /opt/airflow/dags/dbt_mart_pipeline.py
[2026-06-02T21:05:44.109+0700] {processor.py:914} INFO - Processing file /opt/airflow/dags/dbt_mart_pipeline.py for tasks to queue
[2026-06-02T21:05:44.114+0700] {logging_mixin.py:190} INFO - [2026-06-02T21:05:44.114+0700] {dagbag.py:588} INFO - Filling up the DagBag from /opt/airflow/dags/dbt_mart_pipeline.py
[2026-06-02T21:05:44.150+0700] {processor.py:925} INFO - DAG(s) 'dbt_mart_pipeline' retrieved from /opt/airflow/dags/dbt_mart_pipeline.py
[2026-06-02T21:05:44.196+0700] {logging_mixin.py:190} INFO - [2026-06-02T21:05:44.196+0700] {dag.py:3239} INFO - Sync 1 DAGs
[2026-06-02T21:05:44.219+0700] {logging_mixin.py:190} INFO - [2026-06-02T21:05:44.218+0700] {dag.py:4180} INFO - Setting next_dagrun for dbt_mart_pipeline to None, run_after=None
[2026-06-02T21:05:44.243+0700] {processor.py:208} INFO - Processing /opt/airflow/dags/dbt_mart_pipeline.py took 0.147 seconds
[2026-06-02T21:06:14.602+0700] {processor.py:186} INFO - Started process (PID=928) to work on /opt/airflow/dags/dbt_mart_pipeline.py
[2026-06-02T21:06:14.604+0700] {processor.py:914} INFO - Processing file /opt/airflow/dags/dbt_mart_pipeline.py for tasks to queue
[2026-06-02T21:06:14.606+0700] {logging_mixin.py:190} INFO - [2026-06-02T21:06:14.606+0700] {dagbag.py:588} INFO - Filling up the DagBag from /opt/airflow/dags/dbt_mart_pipeline.py
[2026-06-02T21:06:14.626+0700] {processor.py:925} INFO - DAG(s) 'dbt_mart_pipeline' retrieved from /opt/airflow/dags/dbt_mart_pipeline.py
[2026-06-02T21:06:14.658+0700] {logging_mixin.py:190} INFO - [2026-06-02T21:06:14.658+0700] {dag.py:3239} INFO - Sync 1 DAGs
[2026-06-02T21:06:14.676+0700] {logging_mixin.py:190} INFO - [2026-06-02T21:06:14.676+0700] {dag.py:4180} INFO - Setting next_dagrun for dbt_mart_pipeline to None, run_after=None
[2026-06-02T21:06:14.700+0700] {processor.py:208} INFO - Processing /opt/airflow/dags/dbt_mart_pipeline.py took 0.104 seconds
[2026-06-02T21:06:45.215+0700] {processor.py:186} INFO - Started process (PID=952) to work on /opt/airflow/dags/dbt_mart_pipeline.py
[2026-06-02T21:06:45.217+0700] {processor.py:914} INFO - Processing file /opt/airflow/dags/dbt_mart_pipeline.py for tasks to queue
[2026-06-02T21:06:45.221+0700] {logging_mixin.py:190} INFO - [2026-06-02T21:06:45.221+0700] {dagbag.py:588} INFO - Filling up the DagBag from /opt/airflow/dags/dbt_mart_pipeline.py
[2026-06-02T21:06:45.244+0700] {processor.py:925} INFO - DAG(s) 'dbt_mart_pipeline' retrieved from /opt/airflow/dags/dbt_mart_pipeline.py
[2026-06-02T21:06:45.295+0700] {logging_mixin.py:190} INFO - [2026-06-02T21:06:45.294+0700] {dag.py:3239} INFO - Sync 1 DAGs
[2026-06-02T21:06:45.316+0700] {logging_mixin.py:190} INFO - [2026-06-02T21:06:45.316+0700] {dag.py:4180} INFO - Setting next_dagrun for dbt_mart_pipeline to None, run_after=None
[2026-06-02T21:06:45.353+0700] {processor.py:208} INFO - Processing /opt/airflow/dags/dbt_mart_pipeline.py took 0.147 seconds
[2026-06-02T21:07:15.742+0700] {processor.py:186} INFO - Started process (PID=962) to work on /opt/airflow/dags/dbt_mart_pipeline.py
[2026-06-02T21:07:15.743+0700] {processor.py:914} INFO - Processing file /opt/airflow/dags/dbt_mart_pipeline.py for tasks to queue
[2026-06-02T21:07:15.746+0700] {logging_mixin.py:190} INFO - [2026-06-02T21:07:15.746+0700] {dagbag.py:588} INFO - Filling up the DagBag from /opt/airflow/dags/dbt_mart_pipeline.py
[2026-06-02T21:07:15.769+0700] {processor.py:925} INFO - DAG(s) 'dbt_mart_pipeline' retrieved from /opt/airflow/dags/dbt_mart_pipeline.py
[2026-06-02T21:07:15.810+0700] {logging_mixin.py:190} INFO - [2026-06-02T21:07:15.809+0700] {dag.py:3239} INFO - Sync 1 DAGs
[2026-06-02T21:07:15.829+0700] {logging_mixin.py:190} INFO - [2026-06-02T21:07:15.829+0700] {dag.py:4180} INFO - Setting next_dagrun for dbt_mart_pipeline to None, run_after=None
[2026-06-02T21:07:15.862+0700] {processor.py:208} INFO - Processing /opt/airflow/dags/dbt_mart_pipeline.py took 0.128 seconds
[2026-06-02T21:07:46.454+0700] {processor.py:186} INFO - Started process (PID=972) to work on /opt/airflow/dags/dbt_mart_pipeline.py
[2026-06-02T21:07:46.455+0700] {processor.py:914} INFO - Processing file /opt/airflow/dags/dbt_mart_pipeline.py for tasks to queue
[2026-06-02T21:07:46.457+0700] {logging_mixin.py:190} INFO - [2026-06-02T21:07:46.457+0700] {dagbag.py:588} INFO - Filling up the DagBag from /opt/airflow/dags/dbt_mart_pipeline.py
[2026-06-02T21:07:46.474+0700] {processor.py:925} INFO - DAG(s) 'dbt_mart_pipeline' retrieved from /opt/airflow/dags/dbt_mart_pipeline.py
[2026-06-02T21:07:46.504+0700] {logging_mixin.py:190} INFO - [2026-06-02T21:07:46.504+0700] {dag.py:3239} INFO - Sync 1 DAGs
[2026-06-02T21:07:46.523+0700] {logging_mixin.py:190} INFO - [2026-06-02T21:07:46.523+0700] {dag.py:4180} INFO - Setting next_dagrun for dbt_mart_pipeline to None, run_after=None
[2026-06-02T21:07:46.548+0700] {processor.py:208} INFO - Processing /opt/airflow/dags/dbt_mart_pipeline.py took 0.101 seconds
[2026-06-02T21:08:16.927+0700] {processor.py:186} INFO - Started process (PID=982) to work on /opt/airflow/dags/dbt_mart_pipeline.py
[2026-06-02T21:08:16.928+0700] {processor.py:914} INFO - Processing file /opt/airflow/dags/dbt_mart_pipeline.py for tasks to queue
[2026-06-02T21:08:16.931+0700] {logging_mixin.py:190} INFO - [2026-06-02T21:08:16.931+0700] {dagbag.py:588} INFO - Filling up the DagBag from /opt/airflow/dags/dbt_mart_pipeline.py
[2026-06-02T21:08:16.960+0700] {processor.py:925} INFO - DAG(s) 'dbt_mart_pipeline' retrieved from /opt/airflow/dags/dbt_mart_pipeline.py
[2026-06-02T21:08:17.009+0700] {logging_mixin.py:190} INFO - [2026-06-02T21:08:17.008+0700] {dag.py:3239} INFO - Sync 1 DAGs
[2026-06-02T21:08:17.036+0700] {logging_mixin.py:190} INFO - [2026-06-02T21:08:17.035+0700] {dag.py:4180} INFO - Setting next_dagrun for dbt_mart_pipeline to None, run_after=None
[2026-06-02T21:08:17.065+0700] {processor.py:208} INFO - Processing /opt/airflow/dags/dbt_mart_pipeline.py took 0.146 seconds
[2026-06-02T21:08:47.601+0700] {processor.py:186} INFO - Started process (PID=992) to work on /opt/airflow/dags/dbt_mart_pipeline.py
[2026-06-02T21:08:47.602+0700] {processor.py:914} INFO - Processing file /opt/airflow/dags/dbt_mart_pipeline.py for tasks to queue
[2026-06-02T21:08:47.604+0700] {logging_mixin.py:190} INFO - [2026-06-02T21:08:47.604+0700] {dagbag.py:588} INFO - Filling up the DagBag from /opt/airflow/dags/dbt_mart_pipeline.py
[2026-06-02T21:08:47.622+0700] {processor.py:925} INFO - DAG(s) 'dbt_mart_pipeline' retrieved from /opt/airflow/dags/dbt_mart_pipeline.py
[2026-06-02T21:08:47.650+0700] {logging_mixin.py:190} INFO - [2026-06-02T21:08:47.650+0700] {dag.py:3239} INFO - Sync 1 DAGs
[2026-06-02T21:08:47.666+0700] {logging_mixin.py:190} INFO - [2026-06-02T21:08:47.666+0700] {dag.py:4180} INFO - Setting next_dagrun for dbt_mart_pipeline to None, run_after=None
[2026-06-02T21:08:47.691+0700] {processor.py:208} INFO - Processing /opt/airflow/dags/dbt_mart_pipeline.py took 0.095 seconds
[2026-06-02T21:09:18.259+0700] {processor.py:186} INFO - Started process (PID=1002) to work on /opt/airflow/dags/dbt_mart_pipeline.py
[2026-06-02T21:09:18.260+0700] {processor.py:914} INFO - Processing file /opt/airflow/dags/dbt_mart_pipeline.py for tasks to queue
[2026-06-02T21:09:18.262+0700] {logging_mixin.py:190} INFO - [2026-06-02T21:09:18.262+0700] {dagbag.py:588} INFO - Filling up the DagBag from /opt/airflow/dags/dbt_mart_pipeline.py
[2026-06-02T21:09:18.280+0700] {processor.py:925} INFO - DAG(s) 'dbt_mart_pipeline' retrieved from /opt/airflow/dags/dbt_mart_pipeline.py
[2026-06-02T21:09:18.315+0700] {logging_mixin.py:190} INFO - [2026-06-02T21:09:18.315+0700] {dag.py:3239} INFO - Sync 1 DAGs
[2026-06-02T21:09:18.332+0700] {logging_mixin.py:190} INFO - [2026-06-02T21:09:18.332+0700] {dag.py:4180} INFO - Setting next_dagrun for dbt_mart_pipeline to None, run_after=None
[2026-06-02T21:09:18.359+0700] {processor.py:208} INFO - Processing /opt/airflow/dags/dbt_mart_pipeline.py took 0.106 seconds
[2026-06-02T21:09:48.737+0700] {processor.py:186} INFO - Started process (PID=1012) to work on /opt/airflow/dags/dbt_mart_pipeline.py
[2026-06-02T21:09:48.738+0700] {processor.py:914} INFO - Processing file /opt/airflow/dags/dbt_mart_pipeline.py for tasks to queue
[2026-06-02T21:09:48.743+0700] {logging_mixin.py:190} INFO - [2026-06-02T21:09:48.742+0700] {dagbag.py:588} INFO - Filling up the DagBag from /opt/airflow/dags/dbt_mart_pipeline.py
[2026-06-02T21:09:48.771+0700] {processor.py:925} INFO - DAG(s) 'dbt_mart_pipeline' retrieved from /opt/airflow/dags/dbt_mart_pipeline.py
[2026-06-02T21:09:48.825+0700] {logging_mixin.py:190} INFO - [2026-06-02T21:09:48.824+0700] {dag.py:3239} INFO - Sync 1 DAGs
[2026-06-02T21:09:48.851+0700] {logging_mixin.py:190} INFO - [2026-06-02T21:09:48.850+0700] {dag.py:4180} INFO - Setting next_dagrun for dbt_mart_pipeline to None, run_after=None
[2026-06-02T21:09:48.899+0700] {processor.py:208} INFO - Processing /opt/airflow/dags/dbt_mart_pipeline.py took 0.172 seconds
[2026-06-02T21:10:19.440+0700] {processor.py:186} INFO - Started process (PID=1022) to work on /opt/airflow/dags/dbt_mart_pipeline.py
[2026-06-02T21:10:19.441+0700] {processor.py:914} INFO - Processing file /opt/airflow/dags/dbt_mart_pipeline.py for tasks to queue
[2026-06-02T21:10:19.444+0700] {logging_mixin.py:190} INFO - [2026-06-02T21:10:19.444+0700] {dagbag.py:588} INFO - Filling up the DagBag from /opt/airflow/dags/dbt_mart_pipeline.py
[2026-06-02T21:10:19.462+0700] {processor.py:925} INFO - DAG(s) 'dbt_mart_pipeline' retrieved from /opt/airflow/dags/dbt_mart_pipeline.py
[2026-06-02T21:10:19.496+0700] {logging_mixin.py:190} INFO - [2026-06-02T21:10:19.496+0700] {dag.py:3239} INFO - Sync 1 DAGs
[2026-06-02T21:10:19.514+0700] {logging_mixin.py:190} INFO - [2026-06-02T21:10:19.514+0700] {dag.py:4180} INFO - Setting next_dagrun for dbt_mart_pipeline to None, run_after=None
[2026-06-02T21:10:19.536+0700] {processor.py:208} INFO - Processing /opt/airflow/dags/dbt_mart_pipeline.py took 0.101 seconds
[2026-06-02T21:10:50.127+0700] {processor.py:186} INFO - Started process (PID=1032) to work on /opt/airflow/dags/dbt_mart_pipeline.py
[2026-06-02T21:10:50.128+0700] {processor.py:914} INFO - Processing file /opt/airflow/dags/dbt_mart_pipeline.py for tasks to queue
[2026-06-02T21:10:50.131+0700] {logging_mixin.py:190} INFO - [2026-06-02T21:10:50.131+0700] {dagbag.py:588} INFO - Filling up the DagBag from /opt/airflow/dags/dbt_mart_pipeline.py
[2026-06-02T21:10:50.151+0700] {processor.py:925} INFO - DAG(s) 'dbt_mart_pipeline' retrieved from /opt/airflow/dags/dbt_mart_pipeline.py
[2026-06-02T21:10:50.185+0700] {logging_mixin.py:190} INFO - [2026-06-02T21:10:50.185+0700] {dag.py:3239} INFO - Sync 1 DAGs
[2026-06-02T21:10:50.203+0700] {logging_mixin.py:190} INFO - [2026-06-02T21:10:50.202+0700] {dag.py:4180} INFO - Setting next_dagrun for dbt_mart_pipeline to None, run_after=None
[2026-06-02T21:10:50.229+0700] {processor.py:208} INFO - Processing /opt/airflow/dags/dbt_mart_pipeline.py took 0.108 seconds
[2026-06-02T21:11:20.871+0700] {processor.py:186} INFO - Started process (PID=1042) to work on /opt/airflow/dags/dbt_mart_pipeline.py
[2026-06-02T21:11:20.872+0700] {processor.py:914} INFO - Processing file /opt/airflow/dags/dbt_mart_pipeline.py for tasks to queue
[2026-06-02T21:11:20.874+0700] {logging_mixin.py:190} INFO - [2026-06-02T21:11:20.874+0700] {dagbag.py:588} INFO - Filling up the DagBag from /opt/airflow/dags/dbt_mart_pipeline.py
[2026-06-02T21:11:20.893+0700] {processor.py:925} INFO - DAG(s) 'dbt_mart_pipeline' retrieved from /opt/airflow/dags/dbt_mart_pipeline.py
[2026-06-02T21:11:20.925+0700] {logging_mixin.py:190} INFO - [2026-06-02T21:11:20.925+0700] {dag.py:3239} INFO - Sync 1 DAGs
[2026-06-02T21:11:20.943+0700] {logging_mixin.py:190} INFO - [2026-06-02T21:11:20.943+0700] {dag.py:4180} INFO - Setting next_dagrun for dbt_mart_pipeline to None, run_after=None
[2026-06-02T21:11:20.968+0700] {processor.py:208} INFO - Processing /opt/airflow/dags/dbt_mart_pipeline.py took 0.102 seconds
[2026-06-02T21:11:51.645+0700] {processor.py:186} INFO - Started process (PID=1052) to work on /opt/airflow/dags/dbt_mart_pipeline.py
[2026-06-02T21:11:51.646+0700] {processor.py:914} INFO - Processing file /opt/airflow/dags/dbt_mart_pipeline.py for tasks to queue
[2026-06-02T21:11:51.648+0700] {logging_mixin.py:190} INFO - [2026-06-02T21:11:51.648+0700] {dagbag.py:588} INFO - Filling up the DagBag from /opt/airflow/dags/dbt_mart_pipeline.py
[2026-06-02T21:11:51.665+0700] {processor.py:925} INFO - DAG(s) 'dbt_mart_pipeline' retrieved from /opt/airflow/dags/dbt_mart_pipeline.py
[2026-06-02T21:11:51.698+0700] {logging_mixin.py:190} INFO - [2026-06-02T21:11:51.698+0700] {dag.py:3239} INFO - Sync 1 DAGs
[2026-06-02T21:11:51.718+0700] {logging_mixin.py:190} INFO - [2026-06-02T21:11:51.718+0700] {dag.py:4180} INFO - Setting next_dagrun for dbt_mart_pipeline to None, run_after=None
[2026-06-02T21:11:51.752+0700] {processor.py:208} INFO - Processing /opt/airflow/dags/dbt_mart_pipeline.py took 0.114 seconds
[2026-06-02T21:12:22.227+0700] {processor.py:186} INFO - Started process (PID=1062) to work on /opt/airflow/dags/dbt_mart_pipeline.py
[2026-06-02T21:12:22.228+0700] {processor.py:914} INFO - Processing file /opt/airflow/dags/dbt_mart_pipeline.py for tasks to queue
[2026-06-02T21:12:22.232+0700] {logging_mixin.py:190} INFO - [2026-06-02T21:12:22.231+0700] {dagbag.py:588} INFO - Filling up the DagBag from /opt/airflow/dags/dbt_mart_pipeline.py
[2026-06-02T21:12:22.251+0700] {processor.py:925} INFO - DAG(s) 'dbt_mart_pipeline' retrieved from /opt/airflow/dags/dbt_mart_pipeline.py
[2026-06-02T21:12:22.286+0700] {logging_mixin.py:190} INFO - [2026-06-02T21:12:22.286+0700] {dag.py:3239} INFO - Sync 1 DAGs
[2026-06-02T21:12:22.306+0700] {logging_mixin.py:190} INFO - [2026-06-02T21:12:22.306+0700] {dag.py:4180} INFO - Setting next_dagrun for dbt_mart_pipeline to None, run_after=None
[2026-06-02T21:12:22.332+0700] {processor.py:208} INFO - Processing /opt/airflow/dags/dbt_mart_pipeline.py took 0.110 seconds
[2026-06-02T21:12:52.877+0700] {processor.py:186} INFO - Started process (PID=1072) to work on /opt/airflow/dags/dbt_mart_pipeline.py
[2026-06-02T21:12:52.878+0700] {processor.py:914} INFO - Processing file /opt/airflow/dags/dbt_mart_pipeline.py for tasks to queue
[2026-06-02T21:12:52.882+0700] {logging_mixin.py:190} INFO - [2026-06-02T21:12:52.881+0700] {dagbag.py:588} INFO - Filling up the DagBag from /opt/airflow/dags/dbt_mart_pipeline.py
[2026-06-02T21:12:52.904+0700] {processor.py:925} INFO - DAG(s) 'dbt_mart_pipeline' retrieved from /opt/airflow/dags/dbt_mart_pipeline.py
[2026-06-02T21:12:52.944+0700] {logging_mixin.py:190} INFO - [2026-06-02T21:12:52.943+0700] {dag.py:3239} INFO - Sync 1 DAGs
[2026-06-02T21:12:52.962+0700] {logging_mixin.py:190} INFO - [2026-06-02T21:12:52.962+0700] {dag.py:4180} INFO - Setting next_dagrun for dbt_mart_pipeline to None, run_after=None
[2026-06-02T21:12:52.996+0700] {processor.py:208} INFO - Processing /opt/airflow/dags/dbt_mart_pipeline.py took 0.126 seconds
[2026-06-02T21:13:23.402+0700] {processor.py:186} INFO - Started process (PID=1082) to work on /opt/airflow/dags/dbt_mart_pipeline.py
[2026-06-02T21:13:23.403+0700] {processor.py:914} INFO - Processing file /opt/airflow/dags/dbt_mart_pipeline.py for tasks to queue
[2026-06-02T21:13:23.406+0700] {logging_mixin.py:190} INFO - [2026-06-02T21:13:23.405+0700] {dagbag.py:588} INFO - Filling up the DagBag from /opt/airflow/dags/dbt_mart_pipeline.py
[2026-06-02T21:13:23.429+0700] {processor.py:925} INFO - DAG(s) 'dbt_mart_pipeline' retrieved from /opt/airflow/dags/dbt_mart_pipeline.py
[2026-06-02T21:13:23.481+0700] {logging_mixin.py:190} INFO - [2026-06-02T21:13:23.480+0700] {dag.py:3239} INFO - Sync 1 DAGs
[2026-06-02T21:13:23.510+0700] {logging_mixin.py:190} INFO - [2026-06-02T21:13:23.510+0700] {dag.py:4180} INFO - Setting next_dagrun for dbt_mart_pipeline to None, run_after=None
[2026-06-02T21:13:23.552+0700] {processor.py:208} INFO - Processing /opt/airflow/dags/dbt_mart_pipeline.py took 0.158 seconds
[2026-06-02T21:13:53.922+0700] {processor.py:186} INFO - Started process (PID=1092) to work on /opt/airflow/dags/dbt_mart_pipeline.py
[2026-06-02T21:13:53.924+0700] {processor.py:914} INFO - Processing file /opt/airflow/dags/dbt_mart_pipeline.py for tasks to queue
[2026-06-02T21:13:53.925+0700] {logging_mixin.py:190} INFO - [2026-06-02T21:13:53.925+0700] {dagbag.py:588} INFO - Filling up the DagBag from /opt/airflow/dags/dbt_mart_pipeline.py
[2026-06-02T21:13:53.950+0700] {processor.py:925} INFO - DAG(s) 'dbt_mart_pipeline' retrieved from /opt/airflow/dags/dbt_mart_pipeline.py
[2026-06-02T21:13:53.988+0700] {logging_mixin.py:190} INFO - [2026-06-02T21:13:53.988+0700] {dag.py:3239} INFO - Sync 1 DAGs
[2026-06-02T21:13:54.007+0700] {logging_mixin.py:190} INFO - [2026-06-02T21:13:54.007+0700] {dag.py:4180} INFO - Setting next_dagrun for dbt_mart_pipeline to None, run_after=None
[2026-06-02T21:13:54.042+0700] {processor.py:208} INFO - Processing /opt/airflow/dags/dbt_mart_pipeline.py took 0.128 seconds
[2026-06-02T21:14:24.439+0700] {processor.py:186} INFO - Started process (PID=1097) to work on /opt/airflow/dags/dbt_mart_pipeline.py
[2026-06-02T21:14:24.440+0700] {processor.py:914} INFO - Processing file /opt/airflow/dags/dbt_mart_pipeline.py for tasks to queue
[2026-06-02T21:14:24.442+0700] {logging_mixin.py:190} INFO - [2026-06-02T21:14:24.442+0700] {dagbag.py:588} INFO - Filling up the DagBag from /opt/airflow/dags/dbt_mart_pipeline.py
[2026-06-02T21:14:24.477+0700] {processor.py:925} INFO - DAG(s) 'dbt_mart_pipeline' retrieved from /opt/airflow/dags/dbt_mart_pipeline.py
[2026-06-02T21:14:24.539+0700] {logging_mixin.py:190} INFO - [2026-06-02T21:14:24.539+0700] {dag.py:3239} INFO - Sync 1 DAGs
[2026-06-02T21:14:24.574+0700] {logging_mixin.py:190} INFO - [2026-06-02T21:14:24.573+0700] {dag.py:4180} INFO - Setting next_dagrun for dbt_mart_pipeline to None, run_after=None
[2026-06-02T21:14:24.612+0700] {processor.py:208} INFO - Processing /opt/airflow/dags/dbt_mart_pipeline.py took 0.188 seconds
[2026-06-02T21:14:54.736+0700] {processor.py:186} INFO - Started process (PID=1155) to work on /opt/airflow/dags/dbt_mart_pipeline.py
[2026-06-02T21:14:54.738+0700] {processor.py:914} INFO - Processing file /opt/airflow/dags/dbt_mart_pipeline.py for tasks to queue
[2026-06-02T21:14:54.742+0700] {logging_mixin.py:190} INFO - [2026-06-02T21:14:54.741+0700] {dagbag.py:588} INFO - Filling up the DagBag from /opt/airflow/dags/dbt_mart_pipeline.py
[2026-06-02T21:14:54.779+0700] {processor.py:925} INFO - DAG(s) 'dbt_mart_pipeline' retrieved from /opt/airflow/dags/dbt_mart_pipeline.py
[2026-06-02T21:14:54.838+0700] {logging_mixin.py:190} INFO - [2026-06-02T21:14:54.838+0700] {dag.py:3239} INFO - Sync 1 DAGs
[2026-06-02T21:14:54.869+0700] {logging_mixin.py:190} INFO - [2026-06-02T21:14:54.869+0700] {dag.py:4180} INFO - Setting next_dagrun for dbt_mart_pipeline to None, run_after=None
[2026-06-02T21:14:54.907+0700] {processor.py:208} INFO - Processing /opt/airflow/dags/dbt_mart_pipeline.py took 0.184 seconds
[2026-06-02T21:15:25.383+0700] {processor.py:186} INFO - Started process (PID=1160) to work on /opt/airflow/dags/dbt_mart_pipeline.py
[2026-06-02T21:15:25.384+0700] {processor.py:914} INFO - Processing file /opt/airflow/dags/dbt_mart_pipeline.py for tasks to queue
[2026-06-02T21:15:25.386+0700] {logging_mixin.py:190} INFO - [2026-06-02T21:15:25.385+0700] {dagbag.py:588} INFO - Filling up the DagBag from /opt/airflow/dags/dbt_mart_pipeline.py
[2026-06-02T21:15:25.407+0700] {processor.py:925} INFO - DAG(s) 'dbt_mart_pipeline' retrieved from /opt/airflow/dags/dbt_mart_pipeline.py
[2026-06-02T21:15:25.441+0700] {logging_mixin.py:190} INFO - [2026-06-02T21:15:25.441+0700] {dag.py:3239} INFO - Sync 1 DAGs
[2026-06-02T21:15:25.462+0700] {logging_mixin.py:190} INFO - [2026-06-02T21:15:25.462+0700] {dag.py:4180} INFO - Setting next_dagrun for dbt_mart_pipeline to None, run_after=None
[2026-06-02T21:15:25.488+0700] {processor.py:208} INFO - Processing /opt/airflow/dags/dbt_mart_pipeline.py took 0.112 seconds
[2026-06-02T21:15:55.758+0700] {processor.py:186} INFO - Started process (PID=1165) to work on /opt/airflow/dags/dbt_mart_pipeline.py
[2026-06-02T21:15:55.760+0700] {processor.py:914} INFO - Processing file /opt/airflow/dags/dbt_mart_pipeline.py for tasks to queue
[2026-06-02T21:15:55.761+0700] {logging_mixin.py:190} INFO - [2026-06-02T21:15:55.761+0700] {dagbag.py:588} INFO - Filling up the DagBag from /opt/airflow/dags/dbt_mart_pipeline.py
[2026-06-02T21:15:55.780+0700] {processor.py:925} INFO - DAG(s) 'dbt_mart_pipeline' retrieved from /opt/airflow/dags/dbt_mart_pipeline.py
[2026-06-02T21:15:55.815+0700] {logging_mixin.py:190} INFO - [2026-06-02T21:15:55.815+0700] {dag.py:3239} INFO - Sync 1 DAGs
[2026-06-02T21:15:55.836+0700] {logging_mixin.py:190} INFO - [2026-06-02T21:15:55.836+0700] {dag.py:4180} INFO - Setting next_dagrun for dbt_mart_pipeline to None, run_after=None
[2026-06-02T21:15:55.863+0700] {processor.py:208} INFO - Processing /opt/airflow/dags/dbt_mart_pipeline.py took 0.112 seconds
[2026-06-02T21:16:26.262+0700] {processor.py:186} INFO - Started process (PID=1170) to work on /opt/airflow/dags/dbt_mart_pipeline.py
[2026-06-02T21:16:26.263+0700] {processor.py:914} INFO - Processing file /opt/airflow/dags/dbt_mart_pipeline.py for tasks to queue
[2026-06-02T21:16:26.265+0700] {logging_mixin.py:190} INFO - [2026-06-02T21:16:26.265+0700] {dagbag.py:588} INFO - Filling up the DagBag from /opt/airflow/dags/dbt_mart_pipeline.py
[2026-06-02T21:16:26.289+0700] {processor.py:925} INFO - DAG(s) 'dbt_mart_pipeline' retrieved from /opt/airflow/dags/dbt_mart_pipeline.py
[2026-06-02T21:16:26.327+0700] {logging_mixin.py:190} INFO - [2026-06-02T21:16:26.327+0700] {dag.py:3239} INFO - Sync 1 DAGs
[2026-06-02T21:16:26.347+0700] {logging_mixin.py:190} INFO - [2026-06-02T21:16:26.347+0700] {dag.py:4180} INFO - Setting next_dagrun for dbt_mart_pipeline to None, run_after=None
[2026-06-02T21:16:26.372+0700] {processor.py:208} INFO - Processing /opt/airflow/dags/dbt_mart_pipeline.py took 0.117 seconds
[2026-06-02T21:16:56.590+0700] {processor.py:186} INFO - Started process (PID=1175) to work on /opt/airflow/dags/dbt_mart_pipeline.py
[2026-06-02T21:16:56.591+0700] {processor.py:914} INFO - Processing file /opt/airflow/dags/dbt_mart_pipeline.py for tasks to queue
[2026-06-02T21:16:56.593+0700] {logging_mixin.py:190} INFO - [2026-06-02T21:16:56.593+0700] {dagbag.py:588} INFO - Filling up the DagBag from /opt/airflow/dags/dbt_mart_pipeline.py
[2026-06-02T21:16:56.613+0700] {processor.py:925} INFO - DAG(s) 'dbt_mart_pipeline' retrieved from /opt/airflow/dags/dbt_mart_pipeline.py
[2026-06-02T21:16:56.649+0700] {logging_mixin.py:190} INFO - [2026-06-02T21:16:56.649+0700] {dag.py:3239} INFO - Sync 1 DAGs
[2026-06-02T21:16:56.672+0700] {logging_mixin.py:190} INFO - [2026-06-02T21:16:56.671+0700] {dag.py:4180} INFO - Setting next_dagrun for dbt_mart_pipeline to None, run_after=None
[2026-06-02T21:16:56.696+0700] {processor.py:208} INFO - Processing /opt/airflow/dags/dbt_mart_pipeline.py took 0.112 seconds
[2026-06-02T21:17:27.016+0700] {processor.py:186} INFO - Started process (PID=1180) to work on /opt/airflow/dags/dbt_mart_pipeline.py
[2026-06-02T21:17:27.017+0700] {processor.py:914} INFO - Processing file /opt/airflow/dags/dbt_mart_pipeline.py for tasks to queue
[2026-06-02T21:17:27.019+0700] {logging_mixin.py:190} INFO - [2026-06-02T21:17:27.019+0700] {dagbag.py:588} INFO - Filling up the DagBag from /opt/airflow/dags/dbt_mart_pipeline.py
[2026-06-02T21:17:27.039+0700] {processor.py:925} INFO - DAG(s) 'dbt_mart_pipeline' retrieved from /opt/airflow/dags/dbt_mart_pipeline.py
[2026-06-02T21:17:27.077+0700] {logging_mixin.py:190} INFO - [2026-06-02T21:17:27.077+0700] {dag.py:3239} INFO - Sync 1 DAGs
[2026-06-02T21:17:27.099+0700] {logging_mixin.py:190} INFO - [2026-06-02T21:17:27.099+0700] {dag.py:4180} INFO - Setting next_dagrun for dbt_mart_pipeline to None, run_after=None
[2026-06-02T21:17:27.124+0700] {processor.py:208} INFO - Processing /opt/airflow/dags/dbt_mart_pipeline.py took 0.114 seconds
[2026-06-02T21:17:57.318+0700] {processor.py:186} INFO - Started process (PID=1185) to work on /opt/airflow/dags/dbt_mart_pipeline.py
[2026-06-02T21:17:57.320+0700] {processor.py:914} INFO - Processing file /opt/airflow/dags/dbt_mart_pipeline.py for tasks to queue
[2026-06-02T21:17:57.325+0700] {logging_mixin.py:190} INFO - [2026-06-02T21:17:57.324+0700] {dagbag.py:588} INFO - Filling up the DagBag from /opt/airflow/dags/dbt_mart_pipeline.py
[2026-06-02T21:17:57.361+0700] {processor.py:925} INFO - DAG(s) 'dbt_mart_pipeline' retrieved from /opt/airflow/dags/dbt_mart_pipeline.py
[2026-06-02T21:17:57.417+0700] {logging_mixin.py:190} INFO - [2026-06-02T21:17:57.417+0700] {dag.py:3239} INFO - Sync 1 DAGs
[2026-06-02T21:17:57.445+0700] {logging_mixin.py:190} INFO - [2026-06-02T21:17:57.445+0700] {dag.py:4180} INFO - Setting next_dagrun for dbt_mart_pipeline to None, run_after=None
[2026-06-02T21:17:57.475+0700] {processor.py:208} INFO - Processing /opt/airflow/dags/dbt_mart_pipeline.py took 0.173 seconds
[2026-06-02T21:18:27.858+0700] {processor.py:186} INFO - Started process (PID=1190) to work on /opt/airflow/dags/dbt_mart_pipeline.py
[2026-06-02T21:18:27.859+0700] {processor.py:914} INFO - Processing file /opt/airflow/dags/dbt_mart_pipeline.py for tasks to queue
[2026-06-02T21:18:27.861+0700] {logging_mixin.py:190} INFO - [2026-06-02T21:18:27.861+0700] {dagbag.py:588} INFO - Filling up the DagBag from /opt/airflow/dags/dbt_mart_pipeline.py
[2026-06-02T21:18:27.879+0700] {processor.py:925} INFO - DAG(s) 'dbt_mart_pipeline' retrieved from /opt/airflow/dags/dbt_mart_pipeline.py
[2026-06-02T21:18:27.915+0700] {logging_mixin.py:190} INFO - [2026-06-02T21:18:27.915+0700] {dag.py:3239} INFO - Sync 1 DAGs
[2026-06-02T21:18:27.934+0700] {logging_mixin.py:190} INFO - [2026-06-02T21:18:27.933+0700] {dag.py:4180} INFO - Setting next_dagrun for dbt_mart_pipeline to None, run_after=None
[2026-06-02T21:18:27.955+0700] {processor.py:208} INFO - Processing /opt/airflow/dags/dbt_mart_pipeline.py took 0.103 seconds
[2026-06-02T21:18:58.263+0700] {processor.py:186} INFO - Started process (PID=1195) to work on /opt/airflow/dags/dbt_mart_pipeline.py
[2026-06-02T21:18:58.266+0700] {processor.py:914} INFO - Processing file /opt/airflow/dags/dbt_mart_pipeline.py for tasks to queue
[2026-06-02T21:18:58.269+0700] {logging_mixin.py:190} INFO - [2026-06-02T21:18:58.268+0700] {dagbag.py:588} INFO - Filling up the DagBag from /opt/airflow/dags/dbt_mart_pipeline.py
